[WARN] The "pnpm" field in package.json is no longer read by pnpm. The following keys were ignored: "pnpm.onlyBuiltDependencies", "pnpm.overrides", "pnpm.patchedDependencies". See https://pnpm.io/settings for the new home of each setting.
• turbo 2.9.15

   • Packages in scope: @n8n/codemirror-lang-html, n8n-editor-ui
   • Running build in 2 packages
   • Remote caching disabled

@n8n/test-impact:build: cache bypass, force executing cc1c6fe8cadd6404
@n8n/errors:build: cache bypass, force executing 5825258512f8b8cd
@n8n/vitest-config:build: cache bypass, force executing a21de0d918807a27
@n8n/constants:build: cache bypass, force executing f2d4be9c922aab59
@n8n/test-impact:build: 
@n8n/test-impact:build: > @n8n/test-impact@0.1.0 build /Users/baivab/Workspace/Personal/n8n_forked/n8n/packages/testing/test-impact
@n8n/test-impact:build: > tsc
@n8n/test-impact:build: 
@n8n/errors:build: 
@n8n/errors:build: > @n8n/errors@0.9.0 build /Users/baivab/Workspace/Personal/n8n_forked/n8n/packages/@n8n/errors
@n8n/errors:build: > tsc -p tsconfig.build.json
@n8n/errors:build: 
@n8n/vitest-config:build: 
@n8n/vitest-config:build: > @n8n/vitest-config@1.14.0 build /Users/baivab/Workspace/Personal/n8n_forked/n8n/packages/@n8n/vitest-config
@n8n/vitest-config:build: > tsc -p tsconfig.build.json
@n8n/vitest-config:build: 
@n8n/constants:build: 
@n8n/constants:build: > @n8n/constants@0.26.0 build /Users/baivab/Workspace/Personal/n8n_forked/n8n/packages/@n8n/constants
@n8n/constants:build: > tsc -p tsconfig.build.json
@n8n/constants:build: 
@n8n/di:build: cache bypass, force executing 1a7b6f8b8b819955
@n8n/rules-engine:build: cache bypass, force executing e8aabd0363adcc16
@n8n/tournament:build: cache bypass, force executing 71d2135e627980e4
@n8n/stylelint-config:build: cache bypass, force executing 34558a6a00176381
@n8n/codemirror-lang-html:build: cache bypass, force executing 677899dd84f3b7f0
@n8n/codemirror-lang:build: cache bypass, force executing 07c5d832724a2878
@n8n/permissions:build: cache bypass, force executing f32e544a19e01c60
@n8n/eslint-config:build: cache bypass, force executing 712abebeb364a862
@n8n/rules-engine:build: 
@n8n/rules-engine:build: > @n8n/rules-engine@0.1.0 build /Users/baivab/Workspace/Personal/n8n_forked/n8n/packages/testing/rules-engine
@n8n/rules-engine:build: > tsc -p tsconfig.build.json
@n8n/rules-engine:build: 
@n8n/tournament:build: 
@n8n/tournament:build: > @n8n/tournament@1.3.0 build /Users/baivab/Workspace/Personal/n8n_forked/n8n/packages/@n8n/tournament
@n8n/tournament:build: > tsc -p ./tsconfig.build.json
@n8n/tournament:build: 
@n8n/eslint-config:build: 
@n8n/eslint-config:build: > @n8n/eslint-config@0.0.1 build /Users/baivab/Workspace/Personal/n8n_forked/n8n/packages/@n8n/eslint-config
@n8n/eslint-config:build: > tsc
@n8n/eslint-config:build: 
@n8n/di:build: 
@n8n/di:build: > @n8n/di@0.13.0 build /Users/baivab/Workspace/Personal/n8n_forked/n8n/packages/@n8n/di
@n8n/di:build: > tsc -p tsconfig.build.json
@n8n/di:build: 
@n8n/stylelint-config:build: 
@n8n/stylelint-config:build: > @n8n/stylelint-config@0.0.1 build /Users/baivab/Workspace/Personal/n8n_forked/n8n/packages/@n8n/stylelint-config
@n8n/stylelint-config:build: > tsc
@n8n/stylelint-config:build: 
@n8n/codemirror-lang:build: 
@n8n/codemirror-lang:build: > @n8n/codemirror-lang@0.7.0 build /Users/baivab/Workspace/Personal/n8n_forked/n8n/packages/@n8n/codemirror-lang
@n8n/codemirror-lang:build: > tsc -p tsconfig.build.json
@n8n/codemirror-lang:build: 
@n8n/permissions:build: 
@n8n/permissions:build: > @n8n/permissions@0.63.0 build /Users/baivab/Workspace/Personal/n8n_forked/n8n/packages/@n8n/permissions
@n8n/permissions:build: > tsc -p tsconfig.build.json
@n8n/permissions:build: 
@n8n/codemirror-lang-html:build: 
@n8n/codemirror-lang-html:build: > @n8n/codemirror-lang-html@1.4.0 build /Users/baivab/Workspace/Personal/n8n_forked/n8n/packages/@n8n/codemirror-lang-html
@n8n/codemirror-lang-html:build: > pnpm grammar:build && cm-buildhelper src/html.ts
@n8n/codemirror-lang-html:build: 
@n8n/codemirror-lang-html:build: 
@n8n/codemirror-lang-html:build: > @n8n/codemirror-lang-html@1.4.0 grammar:build /Users/baivab/Workspace/Personal/n8n_forked/n8n/packages/@n8n/codemirror-lang-html
@n8n/codemirror-lang-html:build: > lezer-generator src/grammar/html.grammar -o src/grammar/parser && rollup -c src/grammar/rollup.config.js
@n8n/codemirror-lang-html:build: 
@n8n/codemirror-lang-html:build: Wrote src/grammar/parser.js and src/grammar/parser.terms.js
@n8n/codemirror-lang-html:build: 
@n8n/codemirror-lang-html:build: ./src/grammar/index.js → ./src/grammar/dist/index.cjs, ./src/grammar/dist/index.es.js...
@n8n/codemirror-lang-html:build: created ./src/grammar/dist/index.cjs, ./src/grammar/dist/index.es.js in 55ms
@n8n/expression-runtime:build: cache bypass, force executing 4d69ac3f47a46a45
@n8n/playwright-janitor:build: cache bypass, force executing d24670ec8a37cb10
@n8n/config:build: cache bypass, force executing bfca1522d7e4652b
@n8n/codemirror-lang-sql:build: cache bypass, force executing ce703adcd6fe66c9
@n8n/expression-runtime:build: 
@n8n/expression-runtime:build: > @n8n/expression-runtime@0.17.0 build /Users/baivab/Workspace/Personal/n8n_forked/n8n/packages/@n8n/expression-runtime
@n8n/expression-runtime:build: > tsc --build tsconfig.build.esm.json tsconfig.build.cjs.json && pnpm build:runtime
@n8n/expression-runtime:build: 
@n8n/codemirror-lang-sql:build: 
@n8n/codemirror-lang-sql:build: > @n8n/codemirror-lang-sql@1.8.0 build /Users/baivab/Workspace/Personal/n8n_forked/n8n/packages/@n8n/codemirror-lang-sql
@n8n/codemirror-lang-sql:build: > tsc -p tsconfig.build.json
@n8n/codemirror-lang-sql:build: 
@n8n/utils:build: cache bypass, force executing d02b8723cca63c9d
@n8n/playwright-janitor:build: 
@n8n/playwright-janitor:build: > @n8n/playwright-janitor@0.1.0 build /Users/baivab/Workspace/Personal/n8n_forked/n8n/packages/testing/janitor
@n8n/playwright-janitor:build: > tsc
@n8n/playwright-janitor:build: 
@n8n/config:build: 
@n8n/config:build: > @n8n/config@2.24.0 build /Users/baivab/Workspace/Personal/n8n_forked/n8n/packages/@n8n/config
@n8n/config:build: > tsc -p tsconfig.build.json
@n8n/config:build: 
@n8n/utils:build: 
@n8n/utils:build: > @n8n/utils@1.34.0 build /Users/baivab/Workspace/Personal/n8n_forked/n8n/packages/@n8n/utils
@n8n/utils:build: > tsdown
@n8n/utils:build: 
@n8n/utils:build: ℹ tsdown v0.16.5 powered by rolldown v1.0.0-beta.50
@n8n/utils:build: ℹ Using tsdown config: /Users/baivab/Workspace/Personal/n8n_forked/n8n/packages/@n8n/utils/tsdown.config.ts
@n8n/expression-runtime:build: 
@n8n/expression-runtime:build: > @n8n/expression-runtime@0.17.0 build:runtime /Users/baivab/Workspace/Personal/n8n_forked/n8n/packages/@n8n/expression-runtime
@n8n/expression-runtime:build: > node esbuild.config.js
@n8n/expression-runtime:build: 
@n8n/utils:build: ℹ entry: src/assert.ts, src/event-bus.ts, src/event-queue.ts, src/index.ts, src/jwt.ts, src/placeholder.ts, src/retry.ts, src/scrub-secrets.ts, src/types.ts, src/workflowId.ts, src/files/path.ts, src/files/sanitize.ts, src/number/smartDecimal.ts, src/sort/sortByProperty.ts, src/search/reRankSearchResults.ts, src/search/sublimeSearch.ts, src/string/truncate.ts
@n8n/utils:build: ℹ tsconfig: tsconfig.json
@n8n/utils:build: ℹ Build start
@n8n/utils:build: ℹ Cleaning 165 files
@n8n/expression-runtime:build: ✅ Runtime bundles created successfully
n8n-workflow:build: cache bypass, force executing c2b9c2b564580d8b
@n8n/composables:build: cache bypass, force executing 2ecd990fec0ec043
@n8n/composables:build: 
@n8n/composables:build: > @n8n/composables@1.19.0 build /Users/baivab/Workspace/Personal/n8n_forked/n8n/packages/frontend/@n8n/composables
@n8n/composables:build: > tsdown
@n8n/composables:build: 
n8n-workflow:build: 
n8n-workflow:build: > n8n-workflow@2.26.0 build /Users/baivab/Workspace/Personal/n8n_forked/n8n/packages/workflow
n8n-workflow:build: > tsc --build tsconfig.build.esm.json tsconfig.build.cjs.json
n8n-workflow:build: 
@n8n/utils:build: ℹ [CJS] dist/index.cjs                        2.35 kB │ gzip: 0.56 kB
@n8n/utils:build: ℹ [CJS] dist/placeholder.cjs                  0.50 kB │ gzip: 0.17 kB
@n8n/utils:build: ℹ [CJS] dist/scrub-secrets.cjs                0.27 kB │ gzip: 0.13 kB
@n8n/utils:build: ℹ [CJS] dist/search/sublimeSearch.cjs         0.18 kB │ gzip: 0.10 kB
@n8n/utils:build: ℹ [CJS] dist/string/truncate.cjs              0.17 kB │ gzip: 0.09 kB
@n8n/utils:build: ℹ [CJS] dist/search/reRankSearchResults.cjs   0.15 kB │ gzip: 0.09 kB
@n8n/utils:build: ℹ [CJS] dist/sort/sortByProperty.cjs          0.13 kB │ gzip: 0.08 kB
@n8n/utils:build: ℹ [CJS] dist/event-queue.cjs                  0.12 kB │ gzip: 0.09 kB
@n8n/utils:build: ℹ [CJS] dist/number/smartDecimal.cjs          0.12 kB │ gzip: 0.08 kB
@n8n/utils:build: ℹ [CJS] dist/workflowId.cjs                   0.12 kB │ gzip: 0.09 kB
@n8n/utils:build: ℹ [CJS] dist/files/sanitize.cjs               0.12 kB │ gzip: 0.09 kB
@n8n/utils:build: ℹ [CJS] dist/event-bus.cjs                    0.11 kB │ gzip: 0.09 kB
@n8n/utils:build: ℹ [CJS] dist/files/path.cjs                   0.10 kB │ gzip: 0.09 kB
@n8n/utils:build: ℹ [CJS] dist/jwt.cjs                          0.09 kB │ gzip: 0.08 kB
@n8n/utils:build: ℹ [CJS] dist/assert.cjs                       0.09 kB │ gzip: 0.07 kB
@n8n/utils:build: ℹ [CJS] dist/retry.cjs                        0.08 kB │ gzip: 0.07 kB
@n8n/utils:build: ℹ [CJS] dist/types.cjs                        0.00 kB │ gzip: 0.02 kB
@n8n/utils:build: ℹ [CJS] dist/sublimeSearch.cjs.map           12.41 kB │ gzip: 4.00 kB
@n8n/utils:build: ℹ [CJS] dist/sublimeSearch.cjs                6.06 kB │ gzip: 1.88 kB
@n8n/utils:build: ℹ [CJS] dist/placeholder2.cjs.map             5.32 kB │ gzip: 1.86 kB
@n8n/utils:build: ℹ [CJS] dist/placeholder2.cjs                 3.86 kB │ gzip: 1.22 kB
@n8n/utils:build: ℹ [CJS] dist/scrub-secrets2.cjs.map           3.21 kB │ gzip: 1.66 kB
@n8n/utils:build: ℹ [CJS] dist/event-bus2.cjs.map               2.93 kB │ gzip: 0.99 kB
@n8n/utils:build: ℹ [CJS] dist/sanitize.cjs.map                 2.91 kB │ gzip: 1.25 kB
@n8n/utils:build: ℹ [CJS] dist/truncate.cjs.map                 2.73 kB │ gzip: 1.13 kB
@n8n/utils:build: ℹ [CJS] dist/retry2.cjs.map                   2.35 kB │ gzip: 1.05 kB
@n8n/utils:build: ℹ [CJS] dist/scrub-secrets2.cjs               1.93 kB │ gzip: 1.01 kB
@n8n/utils:build: ℹ [CJS] dist/sanitize.cjs                     1.91 kB │ gzip: 0.90 kB
@n8n/utils:build: ℹ [CJS] dist/truncate.cjs                     1.77 kB │ gzip: 0.73 kB
@n8n/utils:build: ℹ [CJS] dist/event-queue2.cjs.map             1.75 kB │ gzip: 0.83 kB
@n8n/utils:build: ℹ [CJS] dist/retry2.cjs                       1.54 kB │ gzip: 0.71 kB
@n8n/utils:build: ℹ [CJS] dist/reRankSearchResults.cjs.map      1.27 kB │ gzip: 0.63 kB
@n8n/utils:build: ℹ [CJS] dist/event-bus2.cjs                   1.11 kB │ gzip: 0.52 kB
@n8n/utils:build: ℹ [CJS] dist/event-queue2.cjs                 1.10 kB │ gzip: 0.53 kB
@n8n/utils:build: ℹ [CJS] dist/jwt2.cjs.map                     1.00 kB │ gzip: 0.61 kB
@n8n/utils:build: ℹ [CJS] dist/workflowId2.cjs.map              0.82 kB │ gzip: 0.48 kB
@n8n/utils:build: ℹ [CJS] dist/workflowId2.cjs                  0.81 kB │ gzip: 0.49 kB
@n8n/utils:build: ℹ [CJS] dist/jwt2.cjs                         0.75 kB │ gzip: 0.50 kB
@n8n/utils:build: ℹ [CJS] dist/sortByProperty.cjs.map           0.67 kB │ gzip: 0.41 kB
@n8n/utils:build: ℹ [CJS] dist/reRankSearchResults.cjs          0.65 kB │ gzip: 0.34 kB
@n8n/utils:build: ℹ [CJS] dist/smartDecimal.cjs.map             0.63 kB │ gzip: 0.37 kB
@n8n/utils:build: ℹ [CJS] dist/sortByProperty.cjs               0.47 kB │ gzip: 0.30 kB
@n8n/utils:build: ℹ [CJS] dist/assert2.cjs.map                  0.46 kB │ gzip: 0.33 kB
@n8n/utils:build: ℹ [CJS] dist/smartDecimal.cjs                 0.42 kB │ gzip: 0.28 kB
@n8n/utils:build: ℹ [CJS] dist/path.cjs                         0.37 kB │ gzip: 0.28 kB
@n8n/utils:build: ℹ [CJS] dist/path.cjs.map                     0.36 kB │ gzip: 0.28 kB
@n8n/utils:build: ℹ [CJS] dist/assert2.cjs                      0.32 kB │ gzip: 0.24 kB
@n8n/utils:build: ℹ [CJS] 47 files, total: 66.61 kB
@n8n/utils:build: ℹ [ESM] dist/index.mjs                          1.49 kB │ gzip: 0.48 kB
@n8n/utils:build: ℹ [ESM] dist/placeholder.mjs                    0.35 kB │ gzip: 0.16 kB
@n8n/utils:build: ℹ [ESM] dist/scrub-secrets.mjs                  0.18 kB │ gzip: 0.13 kB
@n8n/utils:build: ℹ [ESM] dist/search/sublimeSearch.mjs           0.12 kB │ gzip: 0.10 kB
@n8n/utils:build: ℹ [ESM] dist/string/truncate.mjs                0.12 kB │ gzip: 0.09 kB
@n8n/utils:build: ℹ [ESM] dist/search/reRankSearchResults.mjs     0.10 kB │ gzip: 0.08 kB
@n8n/utils:build: ℹ [ESM] dist/event-queue.mjs                    0.09 kB │ gzip: 0.08 kB
@n8n/utils:build: ℹ [ESM] dist/sort/sortByProperty.mjs            0.09 kB │ gzip: 0.08 kB
@n8n/utils:build: ℹ [ESM] dist/files/sanitize.mjs                 0.09 kB │ gzip: 0.08 kB
@n8n/utils:build: ℹ [ESM] dist/files/path.mjs                     0.08 kB │ gzip: 0.08 kB
@n8n/utils:build: ℹ [ESM] dist/workflowId.mjs                     0.08 kB │ gzip: 0.09 kB
@n8n/utils:build: ℹ [ESM] dist/event-bus.mjs                      0.08 kB │ gzip: 0.08 kB
@n8n/utils:build: ℹ [ESM] dist/number/smartDecimal.mjs            0.08 kB │ gzip: 0.07 kB
@n8n/utils:build: ℹ [ESM] dist/jwt.mjs                            0.07 kB │ gzip: 0.08 kB
@n8n/utils:build: ℹ [ESM] dist/assert.mjs                         0.06 kB │ gzip: 0.07 kB
@n8n/utils:build: ℹ [ESM] dist/retry.mjs                          0.06 kB │ gzip: 0.07 kB
@n8n/utils:build: ℹ [ESM] dist/types.mjs                          0.01 kB │ gzip: 0.03 kB
@n8n/utils:build: ℹ [ESM] dist/sublimeSearch.mjs.map             12.40 kB │ gzip: 4.00 kB
@n8n/utils:build: ℹ [ESM] dist/sublimeSearch.mjs                  5.86 kB │ gzip: 1.83 kB
@n8n/utils:build: ℹ [ESM] dist/placeholder2.mjs.map               5.31 kB │ gzip: 1.86 kB
@n8n/utils:build: ℹ [ESM] dist/scrub-secrets2.mjs.map             3.21 kB │ gzip: 1.66 kB
@n8n/utils:build: ℹ [ESM] dist/placeholder2.mjs                   3.20 kB │ gzip: 1.15 kB
@n8n/utils:build: ℹ [ESM] dist/event-bus2.mjs.map                 2.93 kB │ gzip: 0.99 kB
@n8n/utils:build: ℹ [ESM] dist/sanitize.mjs.map                   2.91 kB │ gzip: 1.25 kB
@n8n/utils:build: ℹ [ESM] dist/truncate.mjs.map                   2.73 kB │ gzip: 1.13 kB
@n8n/utils:build: ℹ [ESM] dist/retry2.mjs.map                     2.35 kB │ gzip: 1.05 kB
@n8n/utils:build: ℹ [ESM] dist/sanitize.mjs                       1.82 kB │ gzip: 0.84 kB
@n8n/composables:build: ℹ tsdown v0.16.5 powered by rolldown v1.0.0-beta.50
@n8n/utils:build: ℹ [ESM] dist/event-queue2.mjs.map               1.75 kB │ gzip: 0.83 kB
@n8n/utils:build: ℹ [ESM] dist/scrub-secrets2.mjs                 1.61 kB │ gzip: 0.95 kB
@n8n/utils:build: ℹ [ESM] dist/truncate.mjs                       1.57 kB │ gzip: 0.67 kB
@n8n/utils:build: ℹ [ESM] dist/retry2.mjs                         1.45 kB │ gzip: 0.67 kB
@n8n/utils:build: ℹ [ESM] dist/reRankSearchResults.mjs.map        1.27 kB │ gzip: 0.63 kB
@n8n/utils:build: ℹ [ESM] dist/event-bus2.mjs                     1.02 kB │ gzip: 0.47 kB
@n8n/utils:build: ℹ [ESM] dist/event-queue2.mjs                   1.00 kB │ gzip: 0.48 kB
@n8n/utils:build: ℹ [ESM] dist/jwt2.mjs.map                       1.00 kB │ gzip: 0.61 kB
@n8n/utils:build: ℹ [ESM] dist/workflowId2.mjs.map                0.81 kB │ gzip: 0.48 kB
@n8n/utils:build: ℹ [ESM] dist/workflowId2.mjs                    0.69 kB │ gzip: 0.43 kB
@n8n/utils:build: ℹ [ESM] dist/sortByProperty.mjs.map             0.67 kB │ gzip: 0.41 kB
@n8n/utils:build: ℹ [ESM] dist/jwt2.mjs                           0.66 kB │ gzip: 0.45 kB
@n8n/utils:build: ℹ [ESM] dist/smartDecimal.mjs.map               0.63 kB │ gzip: 0.37 kB
@n8n/utils:build: ℹ [ESM] dist/reRankSearchResults.mjs            0.55 kB │ gzip: 0.30 kB
@n8n/utils:build: ℹ [ESM] dist/assert2.mjs.map                    0.46 kB │ gzip: 0.33 kB
@n8n/utils:build: ℹ [ESM] dist/sortByProperty.mjs                 0.38 kB │ gzip: 0.25 kB
@n8n/utils:build: ℹ [ESM] dist/path.mjs.map                       0.36 kB │ gzip: 0.28 kB
@n8n/utils:build: ℹ [ESM] dist/smartDecimal.mjs                   0.33 kB │ gzip: 0.22 kB
@n8n/utils:build: ℹ [ESM] dist/path.mjs                           0.27 kB │ gzip: 0.22 kB
@n8n/utils:build: ℹ [ESM] dist/assert2.mjs                        0.24 kB │ gzip: 0.19 kB
@n8n/utils:build: ℹ [ESM] dist/index.d.mts                        1.66 kB │ gzip: 0.53 kB
@n8n/utils:build: ℹ [ESM] dist/placeholder.d.mts                  0.39 kB │ gzip: 0.17 kB
@n8n/utils:build: ℹ [ESM] dist/scrub-secrets.d.mts                0.18 kB │ gzip: 0.13 kB
@n8n/utils:build: ℹ [ESM] dist/event-bus.d.mts                    0.14 kB │ gzip: 0.11 kB
@n8n/utils:build: ℹ [ESM] dist/search/sublimeSearch.d.mts         0.12 kB │ gzip: 0.10 kB
@n8n/utils:build: ℹ [ESM] dist/string/truncate.d.mts              0.11 kB │ gzip: 0.09 kB
@n8n/utils:build: ℹ [ESM] dist/search/reRankSearchResults.d.mts   0.10 kB │ gzip: 0.08 kB
@n8n/utils:build: ℹ [ESM] dist/event-queue.d.mts                  0.09 kB │ gzip: 0.08 kB
@n8n/utils:build: ℹ [ESM] dist/sort/sortByProperty.d.mts          0.09 kB │ gzip: 0.08 kB
@n8n/utils:build: ℹ [ESM] dist/files/sanitize.d.mts               0.09 kB │ gzip: 0.08 kB
@n8n/utils:build: ℹ [ESM] dist/files/path.d.mts                   0.08 kB │ gzip: 0.08 kB
@n8n/utils:build: ℹ [ESM] dist/workflowId.d.mts                   0.08 kB │ gzip: 0.08 kB
@n8n/utils:build: ℹ [ESM] dist/types.d.mts                        0.08 kB │ gzip: 0.08 kB
@n8n/utils:build: ℹ [ESM] dist/number/smartDecimal.d.mts          0.08 kB │ gzip: 0.07 kB
@n8n/utils:build: ℹ [ESM] dist/jwt.d.mts                          0.07 kB │ gzip: 0.07 kB
@n8n/utils:build: ℹ [ESM] dist/assert.d.mts                       0.06 kB │ gzip: 0.07 kB
@n8n/utils:build: ℹ [ESM] dist/retry.d.mts                        0.06 kB │ gzip: 0.07 kB
@n8n/utils:build: ℹ [ESM] dist/event-bus2.d.mts                   0.99 kB │ gzip: 0.35 kB
@n8n/utils:build: ℹ [ESM] dist/placeholder2.d.mts                 0.77 kB │ gzip: 0.29 kB
@n8n/utils:build: ℹ [ESM] dist/scrub-secrets2.d.mts               0.46 kB │ gzip: 0.29 kB
@n8n/utils:build: ℹ [ESM] dist/sublimeSearch.d.mts                0.41 kB │ gzip: 0.26 kB
@n8n/utils:build: ℹ [ESM] dist/reRankSearchResults.d.mts          0.37 kB │ gzip: 0.22 kB
@n8n/utils:build: ℹ [ESM] dist/truncate.d.mts                     0.34 kB │ gzip: 0.20 kB
@n8n/utils:build: ℹ [ESM] dist/retry2.d.mts                       0.28 kB │ gzip: 0.22 kB
@n8n/utils:build: ℹ [ESM] dist/event-queue2.d.mts                 0.24 kB │ gzip: 0.18 kB
@n8n/utils:build: ℹ [ESM] dist/sortByProperty.d.mts               0.22 kB │ gzip: 0.17 kB
@n8n/utils:build: ℹ [ESM] dist/sanitize.d.mts                     0.20 kB │ gzip: 0.16 kB
@n8n/utils:build: ℹ [ESM] dist/smartDecimal.d.mts                 0.20 kB │ gzip: 0.15 kB
@n8n/utils:build: ℹ [ESM] dist/types2.d.mts                       0.20 kB │ gzip: 0.17 kB
@n8n/utils:build: ℹ [ESM] dist/assert2.d.mts                      0.18 kB │ gzip: 0.15 kB
@n8n/utils:build: ℹ [ESM] dist/workflowId2.d.mts                  0.17 kB │ gzip: 0.15 kB
@n8n/utils:build: ℹ [ESM] dist/path.d.mts                         0.17 kB │ gzip: 0.15 kB
@n8n/utils:build: ℹ [ESM] dist/jwt2.d.mts                         0.17 kB │ gzip: 0.15 kB
@n8n/utils:build: ℹ [ESM] 80 files, total: 71.44 kB
@n8n/utils:build: ℹ [CJS] dist/index.d.cts                       1.66 kB │ gzip: 0.53 kB
@n8n/utils:build: ℹ [CJS] dist/placeholder.d.cts                 0.39 kB │ gzip: 0.17 kB
@n8n/utils:build: ℹ [CJS] dist/scrub-secrets.d.cts               0.18 kB │ gzip: 0.13 kB
@n8n/utils:build: ℹ [CJS] dist/event-bus.d.cts                   0.14 kB │ gzip: 0.11 kB
@n8n/utils:build: ℹ [CJS] dist/search/sublimeSearch.d.cts        0.12 kB │ gzip: 0.10 kB
@n8n/utils:build: ℹ [CJS] dist/string/truncate.d.cts             0.11 kB │ gzip: 0.09 kB
@n8n/utils:build: ℹ [CJS] dist/search/reRankSearchResults.d.cts  0.10 kB │ gzip: 0.08 kB
@n8n/utils:build: ℹ [CJS] dist/event-queue.d.cts                 0.09 kB │ gzip: 0.08 kB
@n8n/utils:build: ℹ [CJS] dist/sort/sortByProperty.d.cts         0.09 kB │ gzip: 0.08 kB
@n8n/utils:build: ℹ [CJS] dist/files/sanitize.d.cts              0.09 kB │ gzip: 0.08 kB
@n8n/utils:build: ℹ [CJS] dist/files/path.d.cts                  0.08 kB │ gzip: 0.08 kB
@n8n/utils:build: ℹ [CJS] dist/workflowId.d.cts                  0.08 kB │ gzip: 0.08 kB
@n8n/utils:build: ℹ [CJS] dist/types.d.cts                       0.08 kB │ gzip: 0.08 kB
@n8n/utils:build: ℹ [CJS] dist/number/smartDecimal.d.cts         0.08 kB │ gzip: 0.07 kB
@n8n/utils:build: ℹ [CJS] dist/jwt.d.cts                         0.07 kB │ gzip: 0.07 kB
@n8n/utils:build: ℹ [CJS] dist/assert.d.cts                      0.06 kB │ gzip: 0.07 kB
@n8n/utils:build: ℹ [CJS] dist/retry.d.cts                       0.06 kB │ gzip: 0.07 kB
@n8n/utils:build: ℹ [CJS] dist/event-bus2.d.cts                  0.99 kB │ gzip: 0.35 kB
@n8n/utils:build: ℹ [CJS] dist/placeholder2.d.cts                0.77 kB │ gzip: 0.29 kB
@n8n/utils:build: ℹ [CJS] dist/scrub-secrets2.d.cts              0.46 kB │ gzip: 0.29 kB
@n8n/utils:build: ℹ [CJS] dist/sublimeSearch.d.cts               0.41 kB │ gzip: 0.26 kB
@n8n/utils:build: ℹ [CJS] dist/reRankSearchResults.d.cts         0.37 kB │ gzip: 0.22 kB
@n8n/utils:build: ℹ [CJS] dist/truncate.d.cts                    0.34 kB │ gzip: 0.20 kB
@n8n/utils:build: ℹ [CJS] dist/retry2.d.cts                      0.28 kB │ gzip: 0.22 kB
@n8n/utils:build: ℹ [CJS] dist/event-queue2.d.cts                0.24 kB │ gzip: 0.18 kB
@n8n/utils:build: ℹ [CJS] dist/sortByProperty.d.cts              0.22 kB │ gzip: 0.17 kB
@n8n/utils:build: ℹ [CJS] dist/sanitize.d.cts                    0.20 kB │ gzip: 0.16 kB
@n8n/utils:build: ℹ [CJS] dist/smartDecimal.d.cts                0.20 kB │ gzip: 0.15 kB
@n8n/utils:build: ℹ [CJS] dist/types2.d.cts                      0.20 kB │ gzip: 0.17 kB
@n8n/utils:build: ℹ [CJS] dist/assert2.d.cts                     0.18 kB │ gzip: 0.15 kB
@n8n/utils:build: ℹ [CJS] dist/workflowId2.d.cts                 0.17 kB │ gzip: 0.15 kB
@n8n/utils:build: ℹ [CJS] dist/path.d.cts                        0.17 kB │ gzip: 0.15 kB
@n8n/utils:build: ℹ [CJS] dist/jwt2.d.cts                        0.17 kB │ gzip: 0.15 kB
@n8n/utils:build: ℹ [CJS] 33 files, total: 8.86 kB
@n8n/utils:build: ✔ Build complete in 414ms
@n8n/composables:build: ℹ Using tsdown config: /Users/baivab/Workspace/Personal/n8n_forked/n8n/packages/frontend/@n8n/composables/tsdown.config.ts
@n8n/composables:build: ℹ entry: src/structuralComputed.ts, src/useDeviceSupport.ts, src/useDocumentTitle.ts, src/useShortKeyPress.ts, src/useThrottleWithReactiveDelay.ts
@n8n/composables:build: ℹ tsconfig: tsconfig.json
@n8n/composables:build: ℹ Build start
@n8n/composables:build: ℹ Cleaning 30 files
@n8n/api-types:build: cache bypass, force executing b785c63860abaf19
@n8n/i18n:build: cache bypass, force executing 2c89ffbd7292198b
@n8n/stores:build: cache bypass, force executing db2a0410a1a08eb0
@n8n/api-types:build: 
@n8n/api-types:build: > @n8n/api-types@1.26.0 build /Users/baivab/Workspace/Personal/n8n_forked/n8n/packages/@n8n/api-types
@n8n/api-types:build: > tsc -p tsconfig.build.json
@n8n/api-types:build: 
@n8n/stores:build: 
@n8n/stores:build: > @n8n/stores@2.26.0 build /Users/baivab/Workspace/Personal/n8n_forked/n8n/packages/frontend/@n8n/stores
@n8n/stores:build: > tsdown
@n8n/stores:build: 
@n8n/i18n:build: 
@n8n/i18n:build: > @n8n/i18n@2.26.0 build /Users/baivab/Workspace/Personal/n8n_forked/n8n/packages/frontend/@n8n/i18n
@n8n/i18n:build: > tsdown
@n8n/i18n:build: 
@n8n/i18n:build: ℹ tsdown v0.16.5 powered by rolldown v1.0.0-beta.50
@n8n/stores:build: ℹ tsdown v0.16.5 powered by rolldown v1.0.0-beta.50
@n8n/i18n:build: ℹ Using tsdown config: /Users/baivab/Workspace/Personal/n8n_forked/n8n/packages/frontend/@n8n/i18n/tsdown.config.ts
@n8n/stores:build: ℹ Using tsdown config: /Users/baivab/Workspace/Personal/n8n_forked/n8n/packages/frontend/@n8n/stores/tsdown.config.ts
@n8n/i18n:build: ℹ entry: src/index.ts, src/types.ts, src/utils.ts
@n8n/i18n:build: ℹ tsconfig: tsconfig.json
@n8n/i18n:build: ℹ Build start
@n8n/i18n:build: ℹ Cleaning 20 files
@n8n/stores:build: ℹ entry: src/constants.ts, src/index.ts, src/metaTagConfig.ts, src/useAgentRequestStore.ts, src/useRootStore.ts
@n8n/stores:build: ℹ tsconfig: tsconfig.json
@n8n/stores:build: ℹ Build start
@n8n/stores:build: ℹ Cleaning 34 files
@n8n/composables:build: ℹ [CJS] dist/useDeviceSupport.cjs                  1.76 kB │ gzip: 0.70 kB
@n8n/composables:build: ℹ [CJS] dist/structuralComputed.cjs                1.22 kB │ gzip: 0.64 kB
@n8n/composables:build: ℹ [CJS] dist/useDocumentTitle.cjs                  1.22 kB │ gzip: 0.59 kB
@n8n/composables:build: ℹ [CJS] dist/useShortKeyPress.cjs                  0.64 kB │ gzip: 0.33 kB
@n8n/composables:build: ℹ [CJS] dist/useThrottleWithReactiveDelay.cjs      0.61 kB │ gzip: 0.33 kB
@n8n/composables:build: ℹ [CJS] dist/useDocumentTitle.cjs.map              2.59 kB │ gzip: 1.15 kB
@n8n/composables:build: ℹ [CJS] dist/useDeviceSupport.cjs.map              2.58 kB │ gzip: 1.07 kB
@n8n/composables:build: ℹ [CJS] dist/structuralComputed.cjs.map            1.57 kB │ gzip: 0.82 kB
@n8n/composables:build: ℹ [CJS] dist/useShortKeyPress.cjs.map              1.26 kB │ gzip: 0.64 kB
@n8n/composables:build: ℹ [CJS] dist/useThrottleWithReactiveDelay.cjs.map  0.88 kB │ gzip: 0.49 kB
@n8n/composables:build: ℹ [CJS] 10 files, total: 14.33 kB
@n8n/composables:build: ℹ [ESM] dist/useDeviceSupport.mjs                  1.68 kB │ gzip: 0.69 kB
@n8n/composables:build: ℹ [ESM] dist/structuralComputed.mjs                1.20 kB │ gzip: 0.63 kB
@n8n/composables:build: ℹ [ESM] dist/useDocumentTitle.mjs                  1.19 kB │ gzip: 0.57 kB
@n8n/composables:build: ℹ [ESM] dist/useShortKeyPress.mjs                  0.57 kB │ gzip: 0.32 kB
@n8n/composables:build: ℹ [ESM] dist/useThrottleWithReactiveDelay.mjs      0.56 kB │ gzip: 0.31 kB
@n8n/composables:build: ℹ [ESM] dist/useDeviceSupport.mjs.map              2.62 kB │ gzip: 1.07 kB
@n8n/composables:build: ℹ [ESM] dist/useDocumentTitle.mjs.map              2.59 kB │ gzip: 1.15 kB
@n8n/composables:build: ℹ [ESM] dist/structuralComputed.mjs.map            1.57 kB │ gzip: 0.83 kB
@n8n/composables:build: ℹ [ESM] dist/useShortKeyPress.mjs.map              1.27 kB │ gzip: 0.64 kB
@n8n/composables:build: ℹ [ESM] dist/useThrottleWithReactiveDelay.mjs.map  0.89 kB │ gzip: 0.48 kB
@n8n/composables:build: ℹ [ESM] dist/useDocumentTitle.d.mts                0.67 kB │ gzip: 0.35 kB
@n8n/composables:build: ℹ [ESM] dist/useDeviceSupport.d.mts                0.47 kB │ gzip: 0.29 kB
@n8n/composables:build: ℹ [ESM] dist/useShortKeyPress.d.mts                0.41 kB │ gzip: 0.25 kB
@n8n/composables:build: ℹ [ESM] dist/useThrottleWithReactiveDelay.d.mts    0.30 kB │ gzip: 0.19 kB
@n8n/composables:build: ℹ [ESM] dist/structuralComputed.d.mts              0.28 kB │ gzip: 0.19 kB
@n8n/composables:build: ℹ [ESM] 15 files, total: 16.28 kB
@n8n/composables:build: ℹ [CJS] dist/useDocumentTitle.d.cts              0.67 kB │ gzip: 0.35 kB
@n8n/composables:build: ℹ [CJS] dist/useDeviceSupport.d.cts              0.47 kB │ gzip: 0.29 kB
@n8n/composables:build: ℹ [CJS] dist/useShortKeyPress.d.cts              0.41 kB │ gzip: 0.25 kB
@n8n/composables:build: ℹ [CJS] dist/useThrottleWithReactiveDelay.d.cts  0.30 kB │ gzip: 0.19 kB
@n8n/composables:build: ℹ [CJS] dist/structuralComputed.d.cts            0.28 kB │ gzip: 0.19 kB
@n8n/composables:build: ℹ [CJS] 5 files, total: 2.13 kB
@n8n/composables:build: ✔ Build complete in 551ms
@n8n/design-system:build: cache bypass, force executing e61574f82bab4501
@n8n/design-system:build: 
@n8n/design-system:build: > @n8n/design-system@2.25.0 build /Users/baivab/Workspace/Personal/n8n_forked/n8n/packages/frontend/@n8n/design-system
@n8n/design-system:build: > vite build
@n8n/design-system:build: 
@n8n/chat-hub:build: cache bypass, force executing 82f88b9f692a2a9a
@n8n/chat-hub:build: 
@n8n/chat-hub:build: > @n8n/chat-hub@1.19.0 build /Users/baivab/Workspace/Personal/n8n_forked/n8n/packages/@n8n/chat-hub
@n8n/chat-hub:build: > tsc -p tsconfig.build.json
@n8n/chat-hub:build: 
@n8n/stores:build: ℹ [CJS] dist/useRootStore.cjs               6.03 kB │ gzip: 1.33 kB
@n8n/stores:build: ℹ [CJS] dist/useAgentRequestStore.cjs       1.89 kB │ gzip: 0.57 kB
@n8n/stores:build: ℹ [CJS] dist/metaTagConfig.cjs              0.23 kB │ gzip: 0.11 kB
@n8n/stores:build: ℹ [CJS] dist/constants.cjs                  0.10 kB │ gzip: 0.08 kB
@n8n/stores:build: ℹ [CJS] dist/index.cjs                      0.10 kB │ gzip: 0.08 kB
@n8n/stores:build: ℹ [CJS] dist/useRootStore.cjs.map          10.53 kB │ gzip: 2.29 kB
@n8n/stores:build: ℹ [CJS] dist/useAgentRequestStore.cjs.map   3.65 kB │ gzip: 1.14 kB
@n8n/stores:build: ℹ [CJS] dist/constants2.cjs.map             2.84 kB │ gzip: 1.24 kB
@n8n/stores:build: ℹ [CJS] dist/constants2.cjs                 2.12 kB │ gzip: 1.04 kB
@n8n/stores:build: ℹ [CJS] dist/metaTagConfig2.cjs.map         1.85 kB │ gzip: 0.76 kB
@n8n/stores:build: ℹ [CJS] dist/metaTagConfig2.cjs             1.34 kB │ gzip: 0.51 kB
@n8n/stores:build: ℹ [CJS] 11 files, total: 30.68 kB
@n8n/stores:build: [33m[EMPTY_IMPORT_META] Warning:[0m `import.meta` may not be a valid syntax with the `cjs` output format.
@n8n/stores:build:    [38;5;246m╭[0m[38;5;246m─[0m[38;5;246m[[0m src/useRootStore.ts:8:34 [38;5;246m][0m
@n8n/stores:build:    [38;5;246m│[0m
@n8n/stores:build:  [38;5;246m8 │[0m [38;5;249mc[0m[38;5;249mo[0m[38;5;249mn[0m[38;5;249ms[0m[38;5;249mt[0m[38;5;249m [0m[38;5;249m{[0m[38;5;249m [0m[38;5;249mV[0m[38;5;249mU[0m[38;5;249mE[0m[38;5;249m_[0m[38;5;249mA[0m[38;5;249mP[0m[38;5;249mP[0m[38;5;249m_[0m[38;5;249mU[0m[38;5;249mR[0m[38;5;249mL[0m[38;5;249m_[0m[38;5;249mB[0m[38;5;249mA[0m[38;5;249mS[0m[38;5;249mE[0m[38;5;249m_[0m[38;5;249mA[0m[38;5;249mP[0m[38;5;249mI[0m[38;5;249m [0m[38;5;249m}[0m[38;5;249m [0m[38;5;249m=[0m[38;5;249m [0mimport.meta[38;5;249m.[0m[38;5;249me[0m[38;5;249mn[0m[38;5;249mv[0m[38;5;249m;[0m
@n8n/stores:build:  [38;5;240m  │[0m                                  ─────┬─────  
@n8n/stores:build:  [38;5;240m  │[0m                                       ╰─────── This `import.meta` will be replaced with an empty object (`{}`) automatically. If this is desired, you can suppress this warning by adding `transform.define: { 'import.meta': {} }`. If `import.meta` needs to be kept as-is, you need to set the output format to `esm`.
@n8n/stores:build: [38;5;246m───╯[0m
@n8n/stores:build: 
@n8n/design-system:build: vite v8.0.2 building client environment for production...
@n8n/stores:build: ℹ [ESM] dist/useRootStore.mjs               5.76 kB │ gzip: 1.31 kB
@n8n/stores:build: ℹ [ESM] dist/useAgentRequestStore.mjs       1.85 kB │ gzip: 0.55 kB
@n8n/stores:build: ℹ [ESM] dist/metaTagConfig.mjs              0.16 kB │ gzip: 0.11 kB
@n8n/stores:build: ℹ [ESM] dist/constants.mjs                  0.07 kB │ gzip: 0.08 kB
@n8n/stores:build: ℹ [ESM] dist/index.mjs                      0.07 kB │ gzip: 0.08 kB
@n8n/stores:build: ℹ [ESM] dist/useRootStore.mjs.map          10.62 kB │ gzip: 2.26 kB
@n8n/stores:build: ℹ [ESM] dist/useAgentRequestStore.mjs.map   3.66 kB │ gzip: 1.15 kB
@n8n/stores:build: ℹ [ESM] dist/constants2.mjs.map             2.84 kB │ gzip: 1.24 kB
@n8n/stores:build: ℹ [ESM] dist/constants2.mjs                 2.03 kB │ gzip: 0.98 kB
@n8n/stores:build: ℹ [ESM] dist/metaTagConfig2.mjs.map         1.85 kB │ gzip: 0.76 kB
@n8n/stores:build: ℹ [ESM] dist/metaTagConfig2.mjs             1.12 kB │ gzip: 0.46 kB
@n8n/stores:build: ℹ [ESM] dist/useRootStore.d.mts             8.04 kB │ gzip: 0.97 kB
@n8n/stores:build: ℹ [ESM] dist/useAgentRequestStore.d.mts     2.45 kB │ gzip: 0.49 kB
@n8n/stores:build: ℹ [ESM] dist/metaTagConfig.d.mts            0.31 kB │ gzip: 0.17 kB
@n8n/stores:build: ℹ [ESM] dist/constants.d.mts                0.07 kB │ gzip: 0.07 kB
@n8n/stores:build: ℹ [ESM] dist/index.d.mts                    0.07 kB │ gzip: 0.07 kB
@n8n/stores:build: ℹ [ESM] dist/constants2.d.mts               2.62 kB │ gzip: 1.01 kB
@n8n/stores:build: ℹ [ESM] 17 files, total: 43.57 kB
@n8n/stores:build: ℹ [CJS] dist/useRootStore.d.cts          8.04 kB │ gzip: 0.97 kB
@n8n/stores:build: ℹ [CJS] dist/useAgentRequestStore.d.cts  2.45 kB │ gzip: 0.49 kB
@n8n/stores:build: ℹ [CJS] dist/metaTagConfig.d.cts         0.31 kB │ gzip: 0.17 kB
@n8n/stores:build: ℹ [CJS] dist/constants.d.cts             0.07 kB │ gzip: 0.07 kB
@n8n/stores:build: ℹ [CJS] dist/index.d.cts                 0.07 kB │ gzip: 0.07 kB
@n8n/stores:build: ℹ [CJS] dist/constants2.d.cts            2.62 kB │ gzip: 1.01 kB
@n8n/stores:build: ℹ [CJS] 6 files, total: 13.55 kB
@n8n/stores:build: ✔ Build complete in 938ms
@n8n/i18n:build: ℹ [CJS] dist/index.cjs       549.05 kB │ gzip: 120.88 kB
@n8n/i18n:build: ℹ [CJS] dist/utils.cjs         0.29 kB │ gzip:   0.15 kB
@n8n/i18n:build: ℹ [CJS] dist/types.cjs         0.00 kB │ gzip:   0.02 kB
@n8n/i18n:build: ℹ [CJS] dist/index.cjs.map   690.33 kB │ gzip: 135.61 kB
@n8n/i18n:build: ℹ [CJS] dist/utils2.cjs.map    3.42 kB │ gzip:   1.35 kB
@n8n/i18n:build: ℹ [CJS] dist/utils2.cjs        2.69 kB │ gzip:   1.02 kB
@n8n/i18n:build: ℹ [CJS] 6 files, total: 1245.78 kB
@n8n/i18n:build: ℹ [CJS] dist/index.d.cts   367.66 kB │ gzip: 47.07 kB
@n8n/i18n:build: ℹ [CJS] dist/utils.d.cts     0.46 kB │ gzip:  0.25 kB
@n8n/i18n:build: ℹ [CJS] dist/types.d.cts     0.20 kB │ gzip:  0.14 kB
@n8n/i18n:build: ℹ [CJS] dist/types2.d.cts  350.66 kB │ gzip: 45.89 kB
@n8n/i18n:build: ℹ [CJS] 4 files, total: 718.98 kB
@n8n/i18n:build: ℹ [ESM] dist/index.mjs       548.65 kB │ gzip: 120.86 kB
@n8n/i18n:build: ℹ [ESM] dist/utils.mjs         0.22 kB │ gzip:   0.15 kB
@n8n/i18n:build: ℹ [ESM] dist/types.mjs         0.01 kB │ gzip:   0.03 kB
@n8n/i18n:build: ℹ [ESM] dist/index.mjs.map   690.23 kB │ gzip: 135.54 kB
@n8n/i18n:build: ℹ [ESM] dist/utils2.mjs.map    3.42 kB │ gzip:   1.35 kB
@n8n/i18n:build: ℹ [ESM] dist/utils2.mjs        2.27 kB │ gzip:   0.96 kB
@n8n/i18n:build: ℹ [ESM] dist/index.d.mts     367.66 kB │ gzip:  47.07 kB
@n8n/i18n:build: ℹ [ESM] dist/utils.d.mts       0.46 kB │ gzip:   0.25 kB
@n8n/i18n:build: ℹ [ESM] dist/types.d.mts       0.20 kB │ gzip:   0.14 kB
@n8n/i18n:build: ℹ [ESM] dist/types2.d.mts    350.66 kB │ gzip:  45.89 kB
@n8n/i18n:build: ℹ [ESM] 10 files, total: 1963.78 kB
@n8n/i18n:build: ✔ Build complete in 1327ms
@n8n/rest-api-client:build: cache bypass, force executing ce9e77d6f8e600ec
@n8n/rest-api-client:build: 
@n8n/rest-api-client:build: > @n8n/rest-api-client@2.26.0 build /Users/baivab/Workspace/Personal/n8n_forked/n8n/packages/frontend/@n8n/rest-api-client
@n8n/rest-api-client:build: > tsdown
@n8n/rest-api-client:build: 
@n8n/rest-api-client:build: ℹ tsdown v0.16.5 powered by rolldown v1.0.0-beta.50
@n8n/rest-api-client:build: ℹ Using tsdown config: /Users/baivab/Workspace/Personal/n8n_forked/n8n/packages/frontend/@n8n/rest-api-client/tsdown.config.ts
@n8n/rest-api-client:build: ℹ entry: src/index.ts, src/types.ts, src/utils.ts, src/api/ai-usage.ts, src/api/api-keys.ts, src/api/breaking-changes.ts, src/api/cloudPlans.ts, src/api/communityNodes.ts, src/api/consent.ts, src/api/credentialResolvers.ts, src/api/ctas.ts, src/api/dynamic-banners.ts, src/api/eventbus.ee.ts, src/api/events.ts, src/api/execution.ts, src/api/externalSecrets.ee.ts, src/api/index.ts, src/api/instance-registry.ts, src/api/instance-version-history.ts, src/api/ldap.ts, src/api/mfa.ts, src/api/module-settings.ts, src/api/nodeTypes.ts, src/api/npsSurvey.ts, src/api/orchestration.ts, src/api/provisioning.ts, src/api/roleMappingRule.ts, src/api/roles.ts, src/api/secretsProvider.ee.ts, src/api/security-settings.ts, src/api/settings.ts, src/api/sso.ts, src/api/tags.ts, src/api/templates.ts, src/api/third-party-licenses.ts, src/api/ui.ts, src/api/usage.ts, src/api/users.ts, src/api/versions.ts, src/api/webhooks.ts, src/api/workflowHistory.ts, src/api/workflows.ts
@n8n/rest-api-client:build: ℹ tsconfig: tsconfig.json
@n8n/rest-api-client:build: ℹ Build start
@n8n/rest-api-client:build: ℹ Cleaning 383 files
@n8n/design-system:build: [2K@n8n/design-system:build: transforming...✓ 3023 modules transformed.
@n8n/design-system:build: rendering chunks...
@n8n/design-system:build: [lightningcss minify] 'global' is not recognized as a valid pseudo-class. Did you mean '::global' (pseudo-element) or is this a typo?
@n8n/design-system:build: 525 |   */
@n8n/design-system:build: 526 |  /** @deprecated Use a semantic variant instead of success color */
@n8n/design-system:build: 527 |  :global(.n8n-button--success) {
@n8n/design-system:build:     |          ^
@n8n/design-system:build: 528 |    --button--color--background: var(--color--success);
@n8n/design-system:build: 529 |    --button--color--background-hover: var(--color--success--shade-1);
@n8n/design-system:build: [lightningcss minify] 'global' is not recognized as a valid pseudo-class. Did you mean '::global' (pseudo-element) or is this a typo?
@n8n/design-system:build: 534 |    --button--shadow--active: 0 0 0 1px var(--color--success--shade-1);
@n8n/design-system:build: 535 |  }
@n8n/design-system:build: 536 |  :global(.n8n-button--success):disabled, :global(.n8n-button--success)[aria-disabled=true] {
@n8n/design-system:build:     |          ^
@n8n/design-system:build: 537 |    --button--color--background: var(--color--success--tint-3);
@n8n/design-system:build: 538 |    --button--shadow: 0 0 0 1px var(--color--success--tint-3);
@n8n/design-system:build: [lightningcss minify] 'global' is not recognized as a valid pseudo-class. Did you mean '::global' (pseudo-element) or is this a typo?
@n8n/design-system:build: 534 |    --button--shadow--active: 0 0 0 1px var(--color--success--shade-1);
@n8n/design-system:build: 535 |  }
@n8n/design-system:build: 536 |  :global(.n8n-button--success):disabled, :global(.n8n-button--success)[aria-disabled=true] {
@n8n/design-system:build:     |                                                  ^
@n8n/design-system:build: 537 |    --button--color--background: var(--color--success--tint-3);
@n8n/design-system:build: 538 |    --button--shadow: 0 0 0 1px var(--color--success--tint-3);
@n8n/design-system:build: [lightningcss minify] 'global' is not recognized as a valid pseudo-class. Did you mean '::global' (pseudo-element) or is this a typo?
@n8n/design-system:build: 540 |  
@n8n/design-system:build: 541 |  /** @deprecated Use a semantic variant instead of warning color */
@n8n/design-system:build: 542 |  :global(.n8n-button--warning) {
@n8n/design-system:build:     |          ^
@n8n/design-system:build: 543 |    --button--color--background: var(--color--warning);
@n8n/design-system:build: 544 |    --button--color--background-hover: var(--color--warning--shade-1);
@n8n/design-system:build: [lightningcss minify] 'global' is not recognized as a valid pseudo-class. Did you mean '::global' (pseudo-element) or is this a typo?
@n8n/design-system:build: 549 |    --button--shadow--active: 0 0 0 1px var(--color--warning--shade-1);
@n8n/design-system:build: 550 |  }
@n8n/design-system:build: 551 |  :global(.n8n-button--warning):disabled, :global(.n8n-button--warning)[aria-disabled=true] {
@n8n/design-system:build:     |          ^
@n8n/design-system:build: 552 |    --button--color--background: var(--color--warning--tint-1);
@n8n/design-system:build: 553 |    --button--shadow: 0 0 0 1px var(--color--warning--tint-1);
@n8n/design-system:build: [lightningcss minify] 'global' is not recognized as a valid pseudo-class. Did you mean '::global' (pseudo-element) or is this a typo?
@n8n/design-system:build: 549 |    --button--shadow--active: 0 0 0 1px var(--color--warning--shade-1);
@n8n/design-system:build: 550 |  }
@n8n/design-system:build: 551 |  :global(.n8n-button--warning):disabled, :global(.n8n-button--warning)[aria-disabled=true] {
@n8n/design-system:build:     |                                                  ^
@n8n/design-system:build: 552 |    --button--color--background: var(--color--warning--tint-1);
@n8n/design-system:build: 553 |    --button--shadow: 0 0 0 1px var(--color--warning--tint-1);
@n8n/design-system:build: computing gzip size...
@n8n/design-system:build: dist/design-system.css          240.22 kB │ gzip:  32.83 kB
@n8n/design-system:build: dist/en-CddpS_8k.js               0.06 kB │ gzip:   0.08 kB
@n8n/design-system:build: dist/en-cusRXFgs.js               7.45 kB │ gzip:   2.38 kB
@n8n/design-system:build: dist/node-icons-VCyExEKH.js      50.40 kB │ gzip:   8.42 kB
@n8n/design-system:build: dist/compact-Q0gG5s1Q.js        660.36 kB │ gzip:  87.46 kB
@n8n/design-system:build: dist/n8n-design-system.es.js  2,452.57 kB │ gzip: 650.18 kB
@n8n/design-system:build: 
@n8n/rest-api-client:build: ℹ [CJS] dist/index.cjs                         13.53 kB │ gzip: 2.29 kB
@n8n/rest-api-client:build: ℹ [CJS] dist/api/index.cjs                     12.98 kB │ gzip: 2.15 kB
@n8n/rest-api-client:build: ℹ [CJS] dist/api/secretsProvider.ee.cjs         1.68 kB │ gzip: 0.25 kB
@n8n/rest-api-client:build: ℹ [CJS] dist/api/users.cjs                      1.22 kB │ gzip: 0.32 kB
@n8n/rest-api-client:build: ℹ [CJS] dist/api/externalSecrets.ee.cjs         1.06 kB │ gzip: 0.23 kB
@n8n/rest-api-client:build: ℹ [CJS] dist/api/nodeTypes.cjs                  1.01 kB │ gzip: 0.27 kB
@n8n/rest-api-client:build: ℹ [CJS] dist/api/breaking-changes.cjs           0.78 kB │ gzip: 0.33 kB
@n8n/rest-api-client:build: ℹ [CJS] dist/api/credentialResolvers.cjs        0.73 kB │ gzip: 0.17 kB
@n8n/rest-api-client:build: ℹ [CJS] dist/utils.cjs                          0.61 kB │ gzip: 0.22 kB
@n8n/rest-api-client:build: ℹ [CJS] dist/api/sso.cjs                        0.58 kB │ gzip: 0.18 kB
@n8n/rest-api-client:build: ℹ [CJS] dist/api/eventbus.ee.cjs                0.56 kB │ gzip: 0.19 kB
@n8n/rest-api-client:build: ℹ [CJS] dist/api/templates.cjs                  0.51 kB │ gzip: 0.18 kB
@n8n/rest-api-client:build: ℹ [CJS] dist/api/consent.cjs                    0.50 kB │ gzip: 0.26 kB
@n8n/rest-api-client:build: ℹ [CJS] dist/api/workflowHistory.cjs            0.49 kB │ gzip: 0.17 kB
@n8n/rest-api-client:build: ℹ [CJS] dist/api/roles.cjs                      0.48 kB │ gzip: 0.17 kB
@n8n/rest-api-client:build: ℹ [CJS] dist/api/roleMappingRule.cjs            0.48 kB │ gzip: 0.15 kB
@n8n/rest-api-client:build: ℹ [CJS] dist/api/communityNodes.cjs             0.48 kB │ gzip: 0.17 kB
@n8n/rest-api-client:build: ℹ [CJS] dist/api/cloudPlans.cjs                 0.48 kB │ gzip: 0.18 kB
@n8n/rest-api-client:build: ℹ [CJS] dist/api/usage.cjs                      0.37 kB │ gzip: 0.17 kB
@n8n/rest-api-client:build: ℹ [CJS] dist/api/ldap.cjs                       0.36 kB │ gzip: 0.16 kB
@n8n/rest-api-client:build: ℹ [CJS] dist/api/mfa.cjs                        0.35 kB │ gzip: 0.17 kB
@n8n/rest-api-client:build: ℹ [CJS] dist/api/api-keys.cjs                   0.35 kB │ gzip: 0.15 kB
@n8n/rest-api-client:build: ℹ [CJS] dist/api/dynamic-banners.cjs            0.30 kB │ gzip: 0.20 kB
@n8n/rest-api-client:build: ℹ [CJS] dist/api/security-settings.cjs          0.26 kB │ gzip: 0.12 kB
@n8n/rest-api-client:build: ℹ [CJS] dist/api/provisioning.cjs               0.24 kB │ gzip: 0.12 kB
@n8n/rest-api-client:build: ℹ [CJS] dist/api/versions.cjs                   0.20 kB │ gzip: 0.12 kB
@n8n/rest-api-client:build: ℹ [CJS] dist/api/instance-version-history.cjs   0.20 kB │ gzip: 0.13 kB
@n8n/rest-api-client:build: ℹ [CJS] dist/api/third-party-licenses.cjs       0.19 kB │ gzip: 0.12 kB
@n8n/rest-api-client:build: ℹ [CJS] dist/api/instance-registry.cjs          0.16 kB │ gzip: 0.12 kB
@n8n/rest-api-client:build: ℹ [CJS] dist/api/module-settings.cjs            0.16 kB │ gzip: 0.11 kB
@n8n/rest-api-client:build: ℹ [CJS] dist/api/orchestration.cjs              0.16 kB │ gzip: 0.11 kB
@n8n/rest-api-client:build: ℹ [CJS] dist/api/npsSurvey.cjs                  0.15 kB │ gzip: 0.10 kB
@n8n/rest-api-client:build: ℹ [CJS] dist/api/ai-usage.cjs                   0.15 kB │ gzip: 0.11 kB
@n8n/rest-api-client:build: ℹ [CJS] dist/api/ui.cjs                         0.14 kB │ gzip: 0.11 kB
@n8n/rest-api-client:build: ℹ [CJS] dist/api/ctas.cjs                       0.14 kB │ gzip: 0.10 kB
@n8n/rest-api-client:build: ℹ [CJS] dist/api/events.cjs                     0.13 kB │ gzip: 0.10 kB
@n8n/rest-api-client:build: ℹ [CJS] dist/api/settings.cjs                   0.13 kB │ gzip: 0.09 kB
@n8n/rest-api-client:build: ℹ [CJS] dist/api/webhooks.cjs                   0.13 kB │ gzip: 0.10 kB
@n8n/rest-api-client:build: ℹ [CJS] dist/api/execution.cjs                  0.00 kB │ gzip: 0.02 kB
@n8n/rest-api-client:build: ℹ [CJS] dist/api/tags.cjs                       0.00 kB │ gzip: 0.02 kB
@n8n/rest-api-client:build: ℹ [CJS] dist/api/workflows.cjs                  0.00 kB │ gzip: 0.02 kB
@n8n/rest-api-client:build: ℹ [CJS] dist/types.cjs                          0.00 kB │ gzip: 0.02 kB
@n8n/rest-api-client:build: ℹ [CJS] dist/utils2.cjs.map                    14.06 kB │ gzip: 4.58 kB
@n8n/rest-api-client:build: ℹ [CJS] dist/utils2.cjs                         9.20 kB │ gzip: 2.96 kB
@n8n/rest-api-client:build: ℹ [CJS] dist/users.cjs.map                      8.43 kB │ gzip: 1.76 kB
@n8n/rest-api-client:build: ℹ [CJS] dist/secretsProvider.ee.cjs.map         6.54 kB │ gzip: 1.07 kB
@n8n/rest-api-client:build: ℹ [CJS] dist/templates.cjs.map                  6.40 kB │ gzip: 1.74 kB
@n8n/rest-api-client:build: ℹ [CJS] dist/nodeTypes.cjs.map                  5.75 kB │ gzip: 1.64 kB
@n8n/rest-api-client:build: ℹ [CJS] dist/secretsProvider.ee.cjs             5.63 kB │ gzip: 0.64 kB
@n8n/rest-api-client:build: ℹ [CJS] dist/users.cjs                          5.38 kB │ gzip: 0.82 kB
@n8n/rest-api-client:build: ℹ [CJS] dist/nodeTypes.cjs                      4.75 kB │ gzip: 1.08 kB
@n8n/rest-api-client:build: ℹ [CJS] dist/externalSecrets.ee.cjs.map         4.23 kB │ gzip: 1.02 kB
@n8n/rest-api-client:build: ℹ [CJS] dist/externalSecrets.ee.cjs             3.84 kB │ gzip: 0.66 kB
@n8n/rest-api-client:build: ℹ [CJS] dist/workflowHistory.cjs.map            3.80 kB │ gzip: 1.05 kB
@n8n/rest-api-client:build: ℹ [CJS] dist/cloudPlans.cjs.map                 3.72 kB │ gzip: 1.38 kB
@n8n/rest-api-client:build: ℹ [CJS] dist/roleMappingRule.cjs.map            3.54 kB │ gzip: 1.17 kB
@n8n/rest-api-client:build: ℹ [CJS] dist/sso.cjs.map                        3.21 kB │ gzip: 0.82 kB
@n8n/rest-api-client:build: ℹ [CJS] dist/credentialResolvers.cjs.map        2.88 kB │ gzip: 0.79 kB
@n8n/rest-api-client:build: ℹ [CJS] dist/sso.cjs                            2.79 kB │ gzip: 0.51 kB
@n8n/rest-api-client:build: ℹ [CJS] dist/ldap.cjs.map                       2.63 kB │ gzip: 0.90 kB
@n8n/rest-api-client:build: ℹ [CJS] dist/roles.cjs.map                      2.52 kB │ gzip: 0.75 kB
@n8n/rest-api-client:build: ℹ [CJS] dist/templates.cjs                      2.50 kB │ gzip: 0.59 kB
@n8n/rest-api-client:build: ℹ [CJS] dist/credentialResolvers.cjs            2.42 kB │ gzip: 0.49 kB
@n8n/rest-api-client:build: ℹ [CJS] dist/eventbus.ee.cjs.map                2.33 kB │ gzip: 0.79 kB
@n8n/rest-api-client:build: ℹ [CJS] dist/communityNodes.cjs.map             2.11 kB │ gzip: 0.82 kB
@n8n/rest-api-client:build: ℹ [CJS] dist/roles.cjs                          2.10 kB │ gzip: 0.49 kB
@n8n/rest-api-client:build: ℹ [CJS] dist/versions.cjs.map                   2.05 kB │ gzip: 0.78 kB
@n8n/rest-api-client:build: ℹ [CJS] dist/api-keys.cjs.map                   1.96 kB │ gzip: 0.66 kB
@n8n/rest-api-client:build: ℹ [CJS] dist/eventbus.ee.cjs                    1.94 kB │ gzip: 0.50 kB
@n8n/rest-api-client:build: ℹ [CJS] dist/roleMappingRule.cjs                1.94 kB │ gzip: 0.58 kB
@n8n/rest-api-client:build: ℹ [CJS] dist/workflowHistory.cjs                1.90 kB │ gzip: 0.46 kB
@n8n/rest-api-client:build: ℹ [CJS] dist/mfa.cjs.map                        1.88 kB │ gzip: 0.61 kB
@n8n/rest-api-client:build: ℹ [CJS] dist/usage.cjs.map                      1.80 kB │ gzip: 0.64 kB
@n8n/rest-api-client:build: ℹ [CJS] dist/communityNodes.cjs                 1.76 kB │ gzip: 0.57 kB
@n8n/rest-api-client:build: ℹ [CJS] dist/cloudPlans.cjs                     1.69 kB │ gzip: 0.43 kB
@n8n/rest-api-client:build: ℹ [CJS] dist/mfa.cjs                            1.63 kB │ gzip: 0.41 kB
@n8n/rest-api-client:build: ℹ [CJS] dist/api/breaking-changes.cjs.map       1.56 kB │ gzip: 0.62 kB
@n8n/rest-api-client:build: ℹ [CJS] dist/usage.cjs                          1.52 kB │ gzip: 0.42 kB
@n8n/rest-api-client:build: ℹ [CJS] dist/ldap.cjs                           1.47 kB │ gzip: 0.40 kB
@n8n/rest-api-client:build: ℹ [CJS] dist/api-keys.cjs                       1.43 kB │ gzip: 0.40 kB
@n8n/rest-api-client:build: ℹ [CJS] dist/provisioning.cjs.map               1.22 kB │ gzip: 0.51 kB
@n8n/rest-api-client:build: ℹ [CJS] dist/api/consent.cjs.map                0.96 kB │ gzip: 0.45 kB
@n8n/rest-api-client:build: ℹ [CJS] dist/api/dynamic-banners.cjs.map        0.94 kB │ gzip: 0.51 kB
@n8n/rest-api-client:build: ℹ [CJS] dist/security-settings.cjs.map          0.90 kB │ gzip: 0.40 kB
@n8n/rest-api-client:build: ℹ [CJS] dist/versions.cjs                       0.88 kB │ gzip: 0.37 kB
@n8n/rest-api-client:build: ℹ [CJS] dist/provisioning.cjs                   0.73 kB │ gzip: 0.32 kB
@n8n/rest-api-client:build: ℹ [CJS] dist/webhooks.cjs.map                   0.73 kB │ gzip: 0.42 kB
@n8n/rest-api-client:build: ℹ [CJS] dist/security-settings.cjs              0.71 kB │ gzip: 0.31 kB
@n8n/rest-api-client:build: ℹ [CJS] dist/ui.cjs.map                         0.66 kB │ gzip: 0.40 kB
@n8n/rest-api-client:build: ℹ [CJS] dist/instance-version-history.cjs.map   0.64 kB │ gzip: 0.40 kB
@n8n/rest-api-client:build: ℹ [CJS] dist/ai-usage.cjs.map                   0.60 kB │ gzip: 0.35 kB
@n8n/rest-api-client:build: ℹ [CJS] dist/instance-registry.cjs.map          0.57 kB │ gzip: 0.33 kB
@n8n/rest-api-client:build: ℹ [CJS] dist/module-settings.cjs.map            0.56 kB │ gzip: 0.32 kB
@n8n/rest-api-client:build: ℹ [CJS] dist/orchestration.cjs.map              0.56 kB │ gzip: 0.35 kB
@n8n/rest-api-client:build: ℹ [CJS] dist/third-party-licenses.cjs.map       0.55 kB │ gzip: 0.35 kB
@n8n/rest-api-client:build: ℹ [CJS] dist/npsSurvey.cjs.map                  0.55 kB │ gzip: 0.33 kB
@n8n/rest-api-client:build: ℹ [CJS] dist/settings.cjs.map                   0.52 kB │ gzip: 0.31 kB
@n8n/rest-api-client:build: ℹ [CJS] dist/instance-version-history.cjs       0.49 kB │ gzip: 0.30 kB
@n8n/rest-api-client:build: ℹ [CJS] dist/third-party-licenses.cjs           0.47 kB │ gzip: 0.29 kB
@n8n/rest-api-client:build: ℹ [CJS] dist/orchestration.cjs                  0.47 kB │ gzip: 0.30 kB
@n8n/rest-api-client:build: ℹ [CJS] dist/events.cjs.map                     0.46 kB │ gzip: 0.30 kB
@n8n/rest-api-client:build: ℹ [CJS] dist/ctas.cjs.map                       0.45 kB │ gzip: 0.31 kB
@n8n/rest-api-client:build: ℹ [CJS] dist/ui.cjs                             0.44 kB │ gzip: 0.29 kB
@n8n/rest-api-client:build: ℹ [CJS] dist/npsSurvey.cjs                      0.42 kB │ gzip: 0.28 kB
@n8n/rest-api-client:build: ℹ [CJS] dist/ai-usage.cjs                       0.42 kB │ gzip: 0.28 kB
@n8n/rest-api-client:build: ℹ [CJS] dist/instance-registry.cjs              0.41 kB │ gzip: 0.27 kB
@n8n/rest-api-client:build: ℹ [CJS] dist/module-settings.cjs                0.41 kB │ gzip: 0.27 kB
@n8n/rest-api-client:build: ℹ [CJS] dist/webhooks.cjs                       0.39 kB │ gzip: 0.27 kB
@n8n/rest-api-client:build: ℹ [CJS] dist/events.cjs                         0.39 kB │ gzip: 0.27 kB
@n8n/rest-api-client:build: ℹ [CJS] dist/ctas.cjs                           0.38 kB │ gzip: 0.26 kB
@n8n/rest-api-client:build: ℹ [CJS] dist/settings.cjs                       0.37 kB │ gzip: 0.26 kB
@n8n/rest-api-client:build: ℹ [CJS] dist/api.cjs                            0.00 kB │ gzip: 0.02 kB
@n8n/rest-api-client:build: ℹ [CJS] 112 files, total: 195.97 kB
@n8n/rest-api-client:build: [33m[EMPTY_IMPORT_META] Warning:[0m `import.meta` may not be a valid syntax with the `cjs` output format.
@n8n/rest-api-client:build:      [38;5;246m╭[0m[38;5;246m─[0m[38;5;246m[[0m src/utils.ts:120:3 [38;5;246m][0m
@n8n/rest-api-client:build:      [38;5;246m│[0m
@n8n/rest-api-client:build:  [38;5;246m120 │[0m [38;5;249m [0m[38;5;249m [0m[38;5;249m [0m[38;5;249m [0m[38;5;249m [0m[38;5;249m [0m[38;5;249m [0mimport.meta[38;5;249m.[0m[38;5;249me[0m[38;5;249mn[0m[38;5;249mv[0m[38;5;249m.[0m[38;5;249mN[0m[38;5;249mO[0m[38;5;249mD[0m[38;5;249mE[0m[38;5;249m_[0m[38;5;249mE[0m[38;5;249mN[0m[38;5;249mV[0m[38;5;249m [0m[38;5;249m![0m[38;5;249m=[0m[38;5;249m=[0m[38;5;249m [0m[38;5;249m'[0m[38;5;249mp[0m[38;5;249mr[0m[38;5;249mo[0m[38;5;249md[0m[38;5;249mu[0m[38;5;249mc[0m[38;5;249mt[0m[38;5;249mi[0m[38;5;249mo[0m[38;5;249mn[0m[38;5;249m'[0m[38;5;249m [0m[38;5;249m&[0m[38;5;249m&[0m
@n8n/rest-api-client:build:  [38;5;240m    │[0m        ─────┬─────  
@n8n/rest-api-client:build:  [38;5;240m    │[0m             ╰─────── This `import.meta` will be replaced with an empty object (`{}`) automatically. If this is desired, you can suppress this warning by adding `transform.define: { 'import.meta': {} }`. If `import.meta` needs to be kept as-is, you need to set the output format to `esm`.
@n8n/rest-api-client:build: [38;5;246m─────╯[0m
@n8n/rest-api-client:build: 
@n8n/rest-api-client:build: ℹ [ESM] dist/index.mjs                            9.04 kB │ gzip: 2.18 kB
@n8n/rest-api-client:build: ℹ [ESM] dist/api/index.mjs                        8.70 kB │ gzip: 2.03 kB
@n8n/rest-api-client:build: ℹ [ESM] dist/api/secretsProvider.ee.mjs           1.20 kB │ gzip: 0.26 kB
@n8n/rest-api-client:build: ℹ [ESM] dist/api/users.mjs                        0.87 kB │ gzip: 0.33 kB
@n8n/rest-api-client:build: ℹ [ESM] dist/api/nodeTypes.mjs                    0.73 kB │ gzip: 0.27 kB
@n8n/rest-api-client:build: ℹ [ESM] dist/api/externalSecrets.ee.mjs           0.70 kB │ gzip: 0.23 kB
@n8n/rest-api-client:build: ℹ [ESM] dist/api/breaking-changes.mjs             0.69 kB │ gzip: 0.32 kB
@n8n/rest-api-client:build: ℹ [ESM] dist/api/credentialResolvers.mjs          0.48 kB │ gzip: 0.17 kB
@n8n/rest-api-client:build: ℹ [ESM] dist/api/consent.mjs                      0.44 kB │ gzip: 0.24 kB
@n8n/rest-api-client:build: ℹ [ESM] dist/api/sso.mjs                          0.42 kB │ gzip: 0.18 kB
@n8n/rest-api-client:build: ℹ [ESM] dist/utils.mjs                            0.41 kB │ gzip: 0.23 kB
@n8n/rest-api-client:build: ℹ [ESM] dist/api/eventbus.ee.mjs                  0.40 kB │ gzip: 0.19 kB
@n8n/rest-api-client:build: ℹ [ESM] dist/api/roles.mjs                        0.35 kB │ gzip: 0.17 kB
@n8n/rest-api-client:build: ℹ [ESM] dist/api/templates.mjs                    0.35 kB │ gzip: 0.17 kB
@n8n/rest-api-client:build: ℹ [ESM] dist/api/workflowHistory.mjs              0.33 kB │ gzip: 0.16 kB
@n8n/rest-api-client:build: ℹ [ESM] dist/api/communityNodes.mjs               0.33 kB │ gzip: 0.17 kB
@n8n/rest-api-client:build: ℹ [ESM] dist/api/cloudPlans.mjs                   0.33 kB │ gzip: 0.18 kB
@n8n/rest-api-client:build: ℹ [ESM] dist/api/roleMappingRule.mjs              0.33 kB │ gzip: 0.15 kB
@n8n/rest-api-client:build: ℹ [ESM] dist/api/usage.mjs                        0.28 kB │ gzip: 0.16 kB
@n8n/rest-api-client:build: ℹ [ESM] dist/api/ldap.mjs                         0.27 kB │ gzip: 0.16 kB
@n8n/rest-api-client:build: ℹ [ESM] dist/api/dynamic-banners.mjs              0.27 kB │ gzip: 0.19 kB
@n8n/rest-api-client:build: ℹ [ESM] dist/api/mfa.mjs                          0.25 kB │ gzip: 0.16 kB
@n8n/rest-api-client:build: ℹ [ESM] dist/api/api-keys.mjs                     0.24 kB │ gzip: 0.14 kB
@n8n/rest-api-client:build: ℹ [ESM] dist/api/security-settings.mjs            0.18 kB │ gzip: 0.12 kB
@n8n/rest-api-client:build: ℹ [ESM] dist/api/provisioning.mjs                 0.18 kB │ gzip: 0.11 kB
@n8n/rest-api-client:build: ℹ [ESM] dist/api/versions.mjs                     0.15 kB │ gzip: 0.12 kB
@n8n/rest-api-client:build: ℹ [ESM] dist/api/instance-version-history.mjs     0.13 kB │ gzip: 0.12 kB
@n8n/rest-api-client:build: ℹ [ESM] dist/api/third-party-licenses.mjs         0.13 kB │ gzip: 0.10 kB
@n8n/rest-api-client:build: ℹ [ESM] dist/api/orchestration.mjs                0.12 kB │ gzip: 0.10 kB
@n8n/rest-api-client:build: ℹ [ESM] dist/api/ai-usage.mjs                     0.12 kB │ gzip: 0.10 kB
@n8n/rest-api-client:build: ℹ [ESM] dist/api/ui.mjs                           0.12 kB │ gzip: 0.10 kB
@n8n/rest-api-client:build: ℹ [ESM] dist/api/module-settings.mjs              0.12 kB │ gzip: 0.10 kB
@n8n/rest-api-client:build: ℹ [ESM] dist/api/npsSurvey.mjs                    0.12 kB │ gzip: 0.10 kB
@n8n/rest-api-client:build: ℹ [ESM] dist/api/instance-registry.mjs            0.12 kB │ gzip: 0.10 kB
@n8n/rest-api-client:build: ℹ [ESM] dist/api/ctas.mjs                         0.11 kB │ gzip: 0.10 kB
@n8n/rest-api-client:build: ℹ [ESM] dist/api/events.mjs                       0.10 kB │ gzip: 0.09 kB
@n8n/rest-api-client:build: ℹ [ESM] dist/api/settings.mjs                     0.10 kB │ gzip: 0.09 kB
@n8n/rest-api-client:build: ℹ [ESM] dist/api/webhooks.mjs                     0.10 kB │ gzip: 0.09 kB
@n8n/rest-api-client:build: ℹ [ESM] dist/api/execution.mjs                    0.01 kB │ gzip: 0.03 kB
@n8n/rest-api-client:build: ℹ [ESM] dist/api/tags.mjs                         0.01 kB │ gzip: 0.03 kB
@n8n/rest-api-client:build: ℹ [ESM] dist/api/workflows.mjs                    0.01 kB │ gzip: 0.03 kB
@n8n/rest-api-client:build: ℹ [ESM] dist/types.mjs                            0.01 kB │ gzip: 0.03 kB
@n8n/rest-api-client:build: ℹ [ESM] dist/utils2.mjs.map                      14.00 kB │ gzip: 4.57 kB
@n8n/rest-api-client:build: ℹ [ESM] dist/users.mjs.map                        8.39 kB │ gzip: 1.76 kB
@n8n/rest-api-client:build: ℹ [ESM] dist/utils2.mjs                           6.86 kB │ gzip: 2.46 kB
@n8n/rest-api-client:build: ℹ [ESM] dist/secretsProvider.ee.mjs.map           6.51 kB │ gzip: 1.07 kB
@n8n/rest-api-client:build: ℹ [ESM] dist/templates.mjs.map                    6.38 kB │ gzip: 1.73 kB
@n8n/rest-api-client:build: ℹ [ESM] dist/nodeTypes.mjs.map                    5.72 kB │ gzip: 1.63 kB
@n8n/rest-api-client:build: ℹ [ESM] dist/externalSecrets.ee.mjs.map           4.20 kB │ gzip: 1.01 kB
@n8n/rest-api-client:build: ℹ [ESM] dist/workflowHistory.mjs.map              3.77 kB │ gzip: 1.04 kB
@n8n/rest-api-client:build: ℹ [ESM] dist/cloudPlans.mjs.map                   3.69 kB │ gzip: 1.37 kB
@n8n/rest-api-client:build: ℹ [ESM] dist/secretsProvider.ee.mjs               3.57 kB │ gzip: 0.56 kB
@n8n/rest-api-client:build: ℹ [ESM] dist/roleMappingRule.mjs.map              3.51 kB │ gzip: 1.16 kB
@n8n/rest-api-client:build: ℹ [ESM] dist/nodeTypes.mjs                        3.18 kB │ gzip: 0.97 kB
@n8n/rest-api-client:build: ℹ [ESM] dist/sso.mjs.map                          3.17 kB │ gzip: 0.81 kB
@n8n/rest-api-client:build: ℹ [ESM] dist/users.mjs                            3.07 kB │ gzip: 0.71 kB
@n8n/rest-api-client:build: ℹ [ESM] dist/credentialResolvers.mjs.map          2.85 kB │ gzip: 0.78 kB
@n8n/rest-api-client:build: ℹ [ESM] dist/ldap.mjs.map                         2.61 kB │ gzip: 0.89 kB
@n8n/rest-api-client:build: ℹ [ESM] dist/roles.mjs.map                        2.49 kB │ gzip: 0.75 kB
@n8n/rest-api-client:build: ℹ [ESM] dist/externalSecrets.ee.mjs               2.43 kB │ gzip: 0.56 kB
@n8n/rest-api-client:build: ℹ [ESM] dist/eventbus.ee.mjs.map                  2.31 kB │ gzip: 0.79 kB
@n8n/rest-api-client:build: ℹ [ESM] dist/communityNodes.mjs.map               2.04 kB │ gzip: 0.80 kB
@n8n/rest-api-client:build: ℹ [ESM] dist/versions.mjs.map                     1.99 kB │ gzip: 0.76 kB
@n8n/rest-api-client:build: ℹ [ESM] dist/api-keys.mjs.map                     1.94 kB │ gzip: 0.66 kB
@n8n/rest-api-client:build: ℹ [ESM] dist/mfa.mjs.map                          1.85 kB │ gzip: 0.61 kB
@n8n/rest-api-client:build: ℹ [ESM] dist/usage.mjs.map                        1.77 kB │ gzip: 0.63 kB
@n8n/rest-api-client:build: ℹ [ESM] dist/templates.mjs                        1.66 kB │ gzip: 0.51 kB
@n8n/rest-api-client:build: ℹ [ESM] dist/sso.mjs                              1.62 kB │ gzip: 0.41 kB
@n8n/rest-api-client:build: ℹ [ESM] dist/api/breaking-changes.mjs.map         1.53 kB │ gzip: 0.60 kB
@n8n/rest-api-client:build: ℹ [ESM] dist/credentialResolvers.mjs              1.53 kB │ gzip: 0.40 kB
@n8n/rest-api-client:build: ℹ [ESM] dist/roleMappingRule.mjs                  1.32 kB │ gzip: 0.51 kB
@n8n/rest-api-client:build: ℹ [ESM] dist/workflowHistory.mjs                  1.29 kB │ gzip: 0.39 kB
@n8n/rest-api-client:build: ℹ [ESM] dist/roles.mjs                            1.27 kB │ gzip: 0.41 kB
@n8n/rest-api-client:build: ℹ [ESM] dist/eventbus.ee.mjs                      1.20 kB │ gzip: 0.42 kB
@n8n/rest-api-client:build: ℹ [ESM] dist/provisioning.mjs.map                 1.20 kB │ gzip: 0.50 kB
@n8n/rest-api-client:build: ℹ [ESM] dist/communityNodes.mjs                   1.17 kB │ gzip: 0.50 kB
@n8n/rest-api-client:build: ℹ [ESM] dist/cloudPlans.mjs                       0.97 kB │ gzip: 0.36 kB
@n8n/rest-api-client:build: ℹ [ESM] dist/mfa.mjs                              0.95 kB │ gzip: 0.33 kB
@n8n/rest-api-client:build: ℹ [ESM] dist/api/consent.mjs.map                  0.94 kB │ gzip: 0.45 kB
@n8n/rest-api-client:build: ℹ [ESM] dist/api/dynamic-banners.mjs.map          0.94 kB │ gzip: 0.50 kB
@n8n/rest-api-client:build: ℹ [ESM] dist/usage.mjs                            0.92 kB │ gzip: 0.34 kB
@n8n/rest-api-client:build: ℹ [ESM] dist/security-settings.mjs.map            0.88 kB │ gzip: 0.40 kB
@n8n/rest-api-client:build: ℹ [ESM] dist/ldap.mjs                             0.88 kB │ gzip: 0.33 kB
@n8n/rest-api-client:build: ℹ [ESM] dist/api-keys.mjs                         0.86 kB │ gzip: 0.32 kB
@n8n/rest-api-client:build: ℹ [ESM] dist/webhooks.mjs.map                     0.71 kB │ gzip: 0.41 kB
@n8n/rest-api-client:build: ℹ [ESM] dist/ui.mjs.map                           0.64 kB │ gzip: 0.40 kB
@n8n/rest-api-client:build: ℹ [ESM] dist/instance-version-history.mjs.map     0.63 kB │ gzip: 0.40 kB
@n8n/rest-api-client:build: ℹ [ESM] dist/versions.mjs                         0.62 kB │ gzip: 0.30 kB
@n8n/rest-api-client:build: ℹ [ESM] dist/ai-usage.mjs.map                     0.58 kB │ gzip: 0.35 kB
@n8n/rest-api-client:build: ℹ [ESM] dist/instance-registry.mjs.map            0.55 kB │ gzip: 0.33 kB
@n8n/rest-api-client:build: ℹ [ESM] dist/third-party-licenses.mjs.map         0.54 kB │ gzip: 0.35 kB
@n8n/rest-api-client:build: ℹ [ESM] dist/module-settings.mjs.map              0.54 kB │ gzip: 0.32 kB
@n8n/rest-api-client:build: ℹ [ESM] dist/orchestration.mjs.map                0.54 kB │ gzip: 0.35 kB
@n8n/rest-api-client:build: ℹ [ESM] dist/npsSurvey.mjs.map                    0.53 kB │ gzip: 0.33 kB
@n8n/rest-api-client:build: ℹ [ESM] dist/settings.mjs.map                     0.50 kB │ gzip: 0.31 kB
@n8n/rest-api-client:build: ℹ [ESM] dist/provisioning.mjs                     0.50 kB │ gzip: 0.25 kB
@n8n/rest-api-client:build: ℹ [ESM] dist/security-settings.mjs                0.48 kB │ gzip: 0.24 kB
@n8n/rest-api-client:build: ℹ [ESM] dist/ctas.mjs.map                         0.45 kB │ gzip: 0.31 kB
@n8n/rest-api-client:build: ℹ [ESM] dist/events.mjs.map                       0.44 kB │ gzip: 0.30 kB
@n8n/rest-api-client:build: ℹ [ESM] dist/instance-version-history.mjs         0.37 kB │ gzip: 0.24 kB
@n8n/rest-api-client:build: ℹ [ESM] dist/orchestration.mjs                    0.36 kB │ gzip: 0.24 kB
@n8n/rest-api-client:build: ℹ [ESM] dist/third-party-licenses.mjs             0.35 kB │ gzip: 0.24 kB
@n8n/rest-api-client:build: ℹ [ESM] dist/ui.mjs                               0.33 kB │ gzip: 0.23 kB
@n8n/rest-api-client:build: ℹ [ESM] dist/npsSurvey.mjs                        0.32 kB │ gzip: 0.22 kB
@n8n/rest-api-client:build: ℹ [ESM] dist/ai-usage.mjs                         0.31 kB │ gzip: 0.22 kB
@n8n/rest-api-client:build: ℹ [ESM] dist/instance-registry.mjs                0.31 kB │ gzip: 0.21 kB
@n8n/rest-api-client:build: ℹ [ESM] dist/module-settings.mjs                  0.30 kB │ gzip: 0.20 kB
@n8n/rest-api-client:build: ℹ [ESM] dist/webhooks.mjs                         0.29 kB │ gzip: 0.21 kB
@n8n/rest-api-client:build: ℹ [ESM] dist/events.mjs                           0.29 kB │ gzip: 0.21 kB
@n8n/rest-api-client:build: ℹ [ESM] dist/settings.mjs                         0.27 kB │ gzip: 0.20 kB
@n8n/rest-api-client:build: ℹ [ESM] dist/ctas.mjs                             0.26 kB │ gzip: 0.20 kB
@n8n/rest-api-client:build: ℹ [ESM] dist/api.mjs                              0.01 kB │ gzip: 0.03 kB
@n8n/rest-api-client:build: ℹ [ESM] dist/index.d.mts                         11.88 kB │ gzip: 2.77 kB
@n8n/rest-api-client:build: ℹ [ESM] dist/api/index.d.mts                     11.47 kB │ gzip: 2.62 kB
@n8n/rest-api-client:build: ℹ [ESM] dist/api/users.d.mts                      1.37 kB │ gzip: 0.44 kB
@n8n/rest-api-client:build: ℹ [ESM] dist/api/secretsProvider.ee.d.mts         1.20 kB │ gzip: 0.26 kB
@n8n/rest-api-client:build: ℹ [ESM] dist/api/templates.d.mts                  1.12 kB │ gzip: 0.33 kB
@n8n/rest-api-client:build: ℹ [ESM] dist/api/workflowHistory.d.mts            0.79 kB │ gzip: 0.26 kB
@n8n/rest-api-client:build: ℹ [ESM] dist/api/breaking-changes.d.mts           0.77 kB │ gzip: 0.32 kB
@n8n/rest-api-client:build: ℹ [ESM] dist/api/dynamic-banners.d.mts            0.75 kB │ gzip: 0.40 kB
@n8n/rest-api-client:build: ℹ [ESM] dist/api/nodeTypes.d.mts                  0.73 kB │ gzip: 0.26 kB
@n8n/rest-api-client:build: ℹ [ESM] dist/api/externalSecrets.ee.d.mts         0.70 kB │ gzip: 0.23 kB
@n8n/rest-api-client:build: ℹ [ESM] dist/api/consent.d.mts                    0.57 kB │ gzip: 0.28 kB
@n8n/rest-api-client:build: ℹ [ESM] dist/api/roleMappingRule.d.mts            0.55 kB │ gzip: 0.19 kB
@n8n/rest-api-client:build: ℹ [ESM] dist/api/credentialResolvers.d.mts        0.48 kB │ gzip: 0.17 kB
@n8n/rest-api-client:build: ℹ [ESM] dist/api/sso.d.mts                        0.48 kB │ gzip: 0.21 kB
@n8n/rest-api-client:build: ℹ [ESM] dist/api/eventbus.ee.d.mts                0.48 kB │ gzip: 0.21 kB
@n8n/rest-api-client:build: ℹ [ESM] dist/utils.d.mts                          0.43 kB │ gzip: 0.23 kB
@n8n/rest-api-client:build: ℹ [ESM] dist/api/cloudPlans.d.mts                 0.43 kB │ gzip: 0.22 kB
@n8n/rest-api-client:build: ℹ [ESM] dist/api/ldap.d.mts                       0.37 kB │ gzip: 0.18 kB
@n8n/rest-api-client:build: ℹ [ESM] dist/api/roles.d.mts                      0.35 kB │ gzip: 0.17 kB
@n8n/rest-api-client:build: ℹ [ESM] dist/api/communityNodes.d.mts             0.33 kB │ gzip: 0.17 kB
@n8n/rest-api-client:build: ℹ [ESM] dist/api/mfa.d.mts                        0.29 kB │ gzip: 0.17 kB
@n8n/rest-api-client:build: ℹ [ESM] dist/api/provisioning.d.mts               0.28 kB │ gzip: 0.13 kB
@n8n/rest-api-client:build: ℹ [ESM] dist/api/usage.d.mts                      0.28 kB │ gzip: 0.16 kB
@n8n/rest-api-client:build: ℹ [ESM] dist/api/versions.d.mts                   0.26 kB │ gzip: 0.14 kB
@n8n/rest-api-client:build: ℹ [ESM] dist/api/api-keys.d.mts                   0.23 kB │ gzip: 0.14 kB
@n8n/rest-api-client:build: ℹ [ESM] dist/api/workflows.d.mts                  0.23 kB │ gzip: 0.13 kB
@n8n/rest-api-client:build: ℹ [ESM] dist/api/security-settings.d.mts          0.18 kB │ gzip: 0.12 kB
@n8n/rest-api-client:build: ℹ [ESM] dist/api/instance-version-history.d.mts   0.13 kB │ gzip: 0.12 kB
@n8n/rest-api-client:build: ℹ [ESM] dist/api/third-party-licenses.d.mts       0.13 kB │ gzip: 0.10 kB
@n8n/rest-api-client:build: ℹ [ESM] dist/api/orchestration.d.mts              0.12 kB │ gzip: 0.10 kB
@n8n/rest-api-client:build: ℹ [ESM] dist/api/ai-usage.d.mts                   0.12 kB │ gzip: 0.10 kB
@n8n/rest-api-client:build: ℹ [ESM] dist/api/ui.d.mts                         0.12 kB │ gzip: 0.10 kB
@n8n/rest-api-client:build: ℹ [ESM] dist/api/module-settings.d.mts            0.12 kB │ gzip: 0.10 kB
@n8n/rest-api-client:build: ℹ [ESM] dist/api/npsSurvey.d.mts                  0.12 kB │ gzip: 0.10 kB
@n8n/rest-api-client:build: ℹ [ESM] dist/api/instance-registry.d.mts          0.11 kB │ gzip: 0.10 kB
@n8n/rest-api-client:build: ℹ [ESM] dist/api/ctas.d.mts                       0.11 kB │ gzip: 0.10 kB
@n8n/rest-api-client:build: ℹ [ESM] dist/api/events.d.mts                     0.10 kB │ gzip: 0.09 kB
@n8n/rest-api-client:build: ℹ [ESM] dist/api/settings.d.mts                   0.10 kB │ gzip: 0.09 kB
@n8n/rest-api-client:build: ℹ [ESM] dist/api/webhooks.d.mts                   0.10 kB │ gzip: 0.09 kB
@n8n/rest-api-client:build: ℹ [ESM] dist/types.d.mts                          0.08 kB │ gzip: 0.08 kB
@n8n/rest-api-client:build: ℹ [ESM] dist/api/tags.d.mts                       0.06 kB │ gzip: 0.07 kB
@n8n/rest-api-client:build: ℹ [ESM] dist/api/execution.d.mts                  0.01 kB │ gzip: 0.03 kB
@n8n/rest-api-client:build: ℹ [ESM] dist/users.d.mts                          5.45 kB │ gzip: 1.25 kB
@n8n/rest-api-client:build: ℹ [ESM] dist/templates.d.mts                      4.35 kB │ gzip: 1.11 kB
@n8n/rest-api-client:build: ℹ [ESM] dist/secretsProvider.ee.d.mts             3.35 kB │ gzip: 0.57 kB
@n8n/rest-api-client:build: ℹ [ESM] dist/workflowHistory.d.mts                2.57 kB │ gzip: 0.76 kB
@n8n/rest-api-client:build: ℹ [ESM] dist/cloudPlans.d.mts                     2.39 kB │ gzip: 0.91 kB
@n8n/rest-api-client:build: ℹ [ESM] dist/nodeTypes.d.mts                      2.31 kB │ gzip: 0.62 kB
@n8n/rest-api-client:build: ℹ [ESM] dist/utils2.d.mts                         2.25 kB │ gzip: 0.81 kB
@n8n/rest-api-client:build: ℹ [ESM] dist/externalSecrets.ee.d.mts             1.96 kB │ gzip: 0.48 kB
@n8n/rest-api-client:build: ℹ [ESM] dist/ldap.d.mts                           1.75 kB │ gzip: 0.62 kB
@n8n/rest-api-client:build: ℹ [ESM] dist/roleMappingRule.d.mts                1.61 kB │ gzip: 0.46 kB
@n8n/rest-api-client:build: ℹ [ESM] dist/sso.d.mts                            1.56 kB │ gzip: 0.48 kB
@n8n/rest-api-client:build: ℹ [ESM] dist/credentialResolvers.d.mts            1.52 kB │ gzip: 0.43 kB
@n8n/rest-api-client:build: ℹ [ESM] dist/workflows.d.mts                      1.33 kB │ gzip: 0.49 kB
@n8n/rest-api-client:build: ℹ [ESM] dist/versions.d.mts                       1.31 kB │ gzip: 0.51 kB
@n8n/rest-api-client:build: ℹ [ESM] dist/eventbus.ee.d.mts                    1.29 kB │ gzip: 0.42 kB
@n8n/rest-api-client:build: ℹ [ESM] dist/roles.d.mts                          1.22 kB │ gzip: 0.40 kB
@n8n/rest-api-client:build: ℹ [ESM] dist/api-keys.d.mts                       1.06 kB │ gzip: 0.42 kB
@n8n/rest-api-client:build: ℹ [ESM] dist/mfa.d.mts                            0.94 kB │ gzip: 0.37 kB
@n8n/rest-api-client:build: ℹ [ESM] dist/communityNodes.d.mts                 0.91 kB │ gzip: 0.36 kB
@n8n/rest-api-client:build: ℹ [ESM] dist/usage.d.mts                          0.91 kB │ gzip: 0.36 kB
@n8n/rest-api-client:build: ℹ [ESM] dist/provisioning.d.mts                   0.85 kB │ gzip: 0.34 kB
@n8n/rest-api-client:build: ℹ [ESM] dist/security-settings.d.mts              0.53 kB │ gzip: 0.25 kB
@n8n/rest-api-client:build: ℹ [ESM] dist/webhooks.d.mts                       0.47 kB │ gzip: 0.28 kB
@n8n/rest-api-client:build: ℹ [ESM] dist/ui.d.mts                             0.36 kB │ gzip: 0.25 kB
@n8n/rest-api-client:build: ℹ [ESM] dist/instance-version-history.d.mts       0.36 kB │ gzip: 0.24 kB
@n8n/rest-api-client:build: ℹ [ESM] dist/ai-usage.d.mts                       0.35 kB │ gzip: 0.23 kB
@n8n/rest-api-client:build: ℹ [ESM] dist/module-settings.d.mts                0.34 kB │ gzip: 0.22 kB
@n8n/rest-api-client:build: ℹ [ESM] dist/instance-registry.d.mts              0.33 kB │ gzip: 0.22 kB
@n8n/rest-api-client:build: ℹ [ESM] dist/npsSurvey.d.mts                      0.33 kB │ gzip: 0.22 kB
@n8n/rest-api-client:build: ℹ [ESM] dist/settings.d.mts                       0.30 kB │ gzip: 0.21 kB
@n8n/rest-api-client:build: ℹ [ESM] dist/third-party-licenses.d.mts           0.28 kB │ gzip: 0.20 kB
@n8n/rest-api-client:build: ℹ [ESM] dist/orchestration.d.mts                  0.27 kB │ gzip: 0.20 kB
@n8n/rest-api-client:build: ℹ [ESM] dist/ctas.d.mts                           0.25 kB │ gzip: 0.19 kB
@n8n/rest-api-client:build: ℹ [ESM] dist/events.d.mts                         0.24 kB │ gzip: 0.18 kB
@n8n/rest-api-client:build: ℹ [ESM] dist/tags.d.mts                           0.21 kB │ gzip: 0.16 kB
@n8n/rest-api-client:build: ℹ [ESM] dist/types2.d.mts                         0.18 kB │ gzip: 0.15 kB
@n8n/rest-api-client:build: ℹ [ESM] dist/index2.d.mts                         0.01 kB │ gzip: 0.03 kB
@n8n/rest-api-client:build: ℹ [ESM] 191 files, total: 245.01 kB
@n8n/rest-api-client:build: ℹ [CJS] dist/index.d.cts                         11.88 kB │ gzip: 2.77 kB
@n8n/rest-api-client:build: ℹ [CJS] dist/api/index.d.cts                     11.47 kB │ gzip: 2.62 kB
@n8n/rest-api-client:build: ℹ [CJS] dist/api/users.d.cts                      1.37 kB │ gzip: 0.44 kB
@n8n/rest-api-client:build: ℹ [CJS] dist/api/secretsProvider.ee.d.cts         1.20 kB │ gzip: 0.26 kB
@n8n/rest-api-client:build: ℹ [CJS] dist/api/templates.d.cts                  1.12 kB │ gzip: 0.33 kB
@n8n/rest-api-client:build: ℹ [CJS] dist/api/workflowHistory.d.cts            0.79 kB │ gzip: 0.26 kB
@n8n/rest-api-client:build: ℹ [CJS] dist/api/breaking-changes.d.cts           0.77 kB │ gzip: 0.32 kB
@n8n/rest-api-client:build: ℹ [CJS] dist/api/dynamic-banners.d.cts            0.75 kB │ gzip: 0.40 kB
@n8n/rest-api-client:build: ℹ [CJS] dist/api/nodeTypes.d.cts                  0.73 kB │ gzip: 0.26 kB
@n8n/rest-api-client:build: ℹ [CJS] dist/api/externalSecrets.ee.d.cts         0.70 kB │ gzip: 0.23 kB
@n8n/rest-api-client:build: ℹ [CJS] dist/api/consent.d.cts                    0.57 kB │ gzip: 0.28 kB
@n8n/rest-api-client:build: ℹ [CJS] dist/api/roleMappingRule.d.cts            0.55 kB │ gzip: 0.19 kB
@n8n/rest-api-client:build: ℹ [CJS] dist/api/credentialResolvers.d.cts        0.48 kB │ gzip: 0.17 kB
@n8n/rest-api-client:build: ℹ [CJS] dist/api/sso.d.cts                        0.48 kB │ gzip: 0.21 kB
@n8n/rest-api-client:build: ℹ [CJS] dist/api/eventbus.ee.d.cts                0.48 kB │ gzip: 0.21 kB
@n8n/rest-api-client:build: ℹ [CJS] dist/utils.d.cts                          0.43 kB │ gzip: 0.23 kB
@n8n/rest-api-client:build: ℹ [CJS] dist/api/cloudPlans.d.cts                 0.43 kB │ gzip: 0.22 kB
@n8n/rest-api-client:build: ℹ [CJS] dist/api/ldap.d.cts                       0.37 kB │ gzip: 0.18 kB
@n8n/rest-api-client:build: ℹ [CJS] dist/api/roles.d.cts                      0.35 kB │ gzip: 0.17 kB
@n8n/rest-api-client:build: ℹ [CJS] dist/api/communityNodes.d.cts             0.33 kB │ gzip: 0.17 kB
@n8n/rest-api-client:build: ℹ [CJS] dist/api/mfa.d.cts                        0.29 kB │ gzip: 0.17 kB
@n8n/rest-api-client:build: ℹ [CJS] dist/api/provisioning.d.cts               0.28 kB │ gzip: 0.13 kB
@n8n/rest-api-client:build: ℹ [CJS] dist/api/usage.d.cts                      0.28 kB │ gzip: 0.16 kB
@n8n/rest-api-client:build: ℹ [CJS] dist/api/versions.d.cts                   0.26 kB │ gzip: 0.14 kB
@n8n/rest-api-client:build: ℹ [CJS] dist/api/api-keys.d.cts                   0.23 kB │ gzip: 0.14 kB
@n8n/rest-api-client:build: ℹ [CJS] dist/api/workflows.d.cts                  0.23 kB │ gzip: 0.13 kB
@n8n/rest-api-client:build: ℹ [CJS] dist/api/security-settings.d.cts          0.18 kB │ gzip: 0.12 kB
@n8n/rest-api-client:build: ℹ [CJS] dist/api/instance-version-history.d.cts   0.13 kB │ gzip: 0.12 kB
@n8n/rest-api-client:build: ℹ [CJS] dist/api/third-party-licenses.d.cts       0.13 kB │ gzip: 0.10 kB
@n8n/rest-api-client:build: ℹ [CJS] dist/api/orchestration.d.cts              0.12 kB │ gzip: 0.10 kB
@n8n/rest-api-client:build: ℹ [CJS] dist/api/ai-usage.d.cts                   0.12 kB │ gzip: 0.10 kB
@n8n/rest-api-client:build: ℹ [CJS] dist/api/ui.d.cts                         0.12 kB │ gzip: 0.10 kB
@n8n/rest-api-client:build: ℹ [CJS] dist/api/module-settings.d.cts            0.12 kB │ gzip: 0.10 kB
@n8n/rest-api-client:build: ℹ [CJS] dist/api/npsSurvey.d.cts                  0.12 kB │ gzip: 0.10 kB
@n8n/rest-api-client:build: ℹ [CJS] dist/api/instance-registry.d.cts          0.11 kB │ gzip: 0.10 kB
@n8n/rest-api-client:build: ℹ [CJS] dist/api/ctas.d.cts                       0.11 kB │ gzip: 0.10 kB
@n8n/rest-api-client:build: ℹ [CJS] dist/api/events.d.cts                     0.10 kB │ gzip: 0.09 kB
@n8n/rest-api-client:build: ℹ [CJS] dist/api/settings.d.cts                   0.10 kB │ gzip: 0.09 kB
@n8n/rest-api-client:build: ℹ [CJS] dist/api/webhooks.d.cts                   0.10 kB │ gzip: 0.09 kB
@n8n/rest-api-client:build: ℹ [CJS] dist/types.d.cts                          0.08 kB │ gzip: 0.08 kB
@n8n/rest-api-client:build: ℹ [CJS] dist/api/tags.d.cts                       0.06 kB │ gzip: 0.07 kB
@n8n/rest-api-client:build: ℹ [CJS] dist/api/execution.d.cts                  0.01 kB │ gzip: 0.03 kB
@n8n/rest-api-client:build: ℹ [CJS] dist/users.d.cts                          5.45 kB │ gzip: 1.25 kB
@n8n/rest-api-client:build: ℹ [CJS] dist/templates.d.cts                      4.35 kB │ gzip: 1.11 kB
@n8n/rest-api-client:build: ℹ [CJS] dist/secretsProvider.ee.d.cts             3.35 kB │ gzip: 0.57 kB
@n8n/rest-api-client:build: ℹ [CJS] dist/workflowHistory.d.cts                2.57 kB │ gzip: 0.76 kB
@n8n/rest-api-client:build: ℹ [CJS] dist/cloudPlans.d.cts                     2.39 kB │ gzip: 0.91 kB
@n8n/rest-api-client:build: ℹ [CJS] dist/nodeTypes.d.cts                      2.31 kB │ gzip: 0.61 kB
@n8n/rest-api-client:build: ℹ [CJS] dist/utils2.d.cts                         2.25 kB │ gzip: 0.81 kB
@n8n/rest-api-client:build: ℹ [CJS] dist/externalSecrets.ee.d.cts             1.96 kB │ gzip: 0.48 kB
@n8n/rest-api-client:build: ℹ [CJS] dist/ldap.d.cts                           1.75 kB │ gzip: 0.62 kB
@n8n/rest-api-client:build: ℹ [CJS] dist/roleMappingRule.d.cts                1.61 kB │ gzip: 0.46 kB
@n8n/rest-api-client:build: ℹ [CJS] dist/sso.d.cts                            1.56 kB │ gzip: 0.48 kB
@n8n/rest-api-client:build: ℹ [CJS] dist/credentialResolvers.d.cts            1.52 kB │ gzip: 0.43 kB
@n8n/rest-api-client:build: ℹ [CJS] dist/workflows.d.cts                      1.33 kB │ gzip: 0.49 kB
@n8n/rest-api-client:build: ℹ [CJS] dist/versions.d.cts                       1.31 kB │ gzip: 0.51 kB
@n8n/rest-api-client:build: ℹ [CJS] dist/eventbus.ee.d.cts                    1.29 kB │ gzip: 0.42 kB
@n8n/rest-api-client:build: ℹ [CJS] dist/roles.d.cts                          1.22 kB │ gzip: 0.40 kB
@n8n/rest-api-client:build: ℹ [CJS] dist/api-keys.d.cts                       1.06 kB │ gzip: 0.42 kB
@n8n/rest-api-client:build: ℹ [CJS] dist/mfa.d.cts                            0.94 kB │ gzip: 0.37 kB
@n8n/rest-api-client:build: ℹ [CJS] dist/communityNodes.d.cts                 0.91 kB │ gzip: 0.36 kB
@n8n/rest-api-client:build: ℹ [CJS] dist/usage.d.cts                          0.91 kB │ gzip: 0.36 kB
@n8n/rest-api-client:build: ℹ [CJS] dist/provisioning.d.cts                   0.85 kB │ gzip: 0.34 kB
@n8n/rest-api-client:build: ℹ [CJS] dist/security-settings.d.cts              0.53 kB │ gzip: 0.25 kB
@n8n/rest-api-client:build: ℹ [CJS] dist/webhooks.d.cts                       0.47 kB │ gzip: 0.28 kB
@n8n/rest-api-client:build: ℹ [CJS] dist/ui.d.cts                             0.36 kB │ gzip: 0.25 kB
@n8n/rest-api-client:build: ℹ [CJS] dist/instance-version-history.d.cts       0.36 kB │ gzip: 0.24 kB
@n8n/rest-api-client:build: ℹ [CJS] dist/ai-usage.d.cts                       0.35 kB │ gzip: 0.23 kB
@n8n/rest-api-client:build: ℹ [CJS] dist/module-settings.d.cts                0.34 kB │ gzip: 0.22 kB
@n8n/rest-api-client:build: ℹ [CJS] dist/instance-registry.d.cts              0.33 kB │ gzip: 0.22 kB
@n8n/rest-api-client:build: ℹ [CJS] dist/npsSurvey.d.cts                      0.33 kB │ gzip: 0.22 kB
@n8n/rest-api-client:build: ℹ [CJS] dist/settings.d.cts                       0.30 kB │ gzip: 0.20 kB
@n8n/rest-api-client:build: ℹ [CJS] dist/third-party-licenses.d.cts           0.28 kB │ gzip: 0.20 kB
@n8n/rest-api-client:build: ℹ [CJS] dist/orchestration.d.cts                  0.27 kB │ gzip: 0.20 kB
@n8n/rest-api-client:build: ℹ [CJS] dist/ctas.d.cts                           0.25 kB │ gzip: 0.19 kB
@n8n/rest-api-client:build: ℹ [CJS] dist/events.d.cts                         0.24 kB │ gzip: 0.18 kB
@n8n/rest-api-client:build: ℹ [CJS] dist/tags.d.cts                           0.21 kB │ gzip: 0.16 kB
@n8n/rest-api-client:build: ℹ [CJS] dist/types2.d.cts                         0.18 kB │ gzip: 0.15 kB
@n8n/rest-api-client:build: ℹ [CJS] dist/index2.d.cts                         0.01 kB │ gzip: 0.03 kB
@n8n/rest-api-client:build: ℹ [CJS] 79 files, total: 84.24 kB
@n8n/rest-api-client:build: ✔ Build complete in 976ms
@n8n/design-system:build: [2K@n8n/design-system:build: transforming...✓ 3023 modules transformed.
@n8n/design-system:build: rendering chunks...
@n8n/design-system:build: [lightningcss minify] 'global' is not recognized as a valid pseudo-class. Did you mean '::global' (pseudo-element) or is this a typo?
@n8n/design-system:build: 525 |   */
@n8n/design-system:build: 526 |  /** @deprecated Use a semantic variant instead of success color */
@n8n/design-system:build: 527 |  :global(.n8n-button--success) {
@n8n/design-system:build:     |          ^
@n8n/design-system:build: 528 |    --button--color--background: var(--color--success);
@n8n/design-system:build: 529 |    --button--color--background-hover: var(--color--success--shade-1);
@n8n/design-system:build: [lightningcss minify] 'global' is not recognized as a valid pseudo-class. Did you mean '::global' (pseudo-element) or is this a typo?
@n8n/design-system:build: 534 |    --button--shadow--active: 0 0 0 1px var(--color--success--shade-1);
@n8n/design-system:build: 535 |  }
@n8n/design-system:build: 536 |  :global(.n8n-button--success):disabled, :global(.n8n-button--success)[aria-disabled=true] {
@n8n/design-system:build:     |          ^
@n8n/design-system:build: 537 |    --button--color--background: var(--color--success--tint-3);
@n8n/design-system:build: 538 |    --button--shadow: 0 0 0 1px var(--color--success--tint-3);
@n8n/design-system:build: [lightningcss minify] 'global' is not recognized as a valid pseudo-class. Did you mean '::global' (pseudo-element) or is this a typo?
@n8n/design-system:build: 534 |    --button--shadow--active: 0 0 0 1px var(--color--success--shade-1);
@n8n/design-system:build: 535 |  }
@n8n/design-system:build: 536 |  :global(.n8n-button--success):disabled, :global(.n8n-button--success)[aria-disabled=true] {
@n8n/design-system:build:     |                                                  ^
@n8n/design-system:build: 537 |    --button--color--background: var(--color--success--tint-3);
@n8n/design-system:build: 538 |    --button--shadow: 0 0 0 1px var(--color--success--tint-3);
@n8n/design-system:build: [lightningcss minify] 'global' is not recognized as a valid pseudo-class. Did you mean '::global' (pseudo-element) or is this a typo?
@n8n/design-system:build: 540 |  
@n8n/design-system:build: 541 |  /** @deprecated Use a semantic variant instead of warning color */
@n8n/design-system:build: 542 |  :global(.n8n-button--warning) {
@n8n/design-system:build:     |          ^
@n8n/design-system:build: 543 |    --button--color--background: var(--color--warning);
@n8n/design-system:build: 544 |    --button--color--background-hover: var(--color--warning--shade-1);
@n8n/design-system:build: [lightningcss minify] 'global' is not recognized as a valid pseudo-class. Did you mean '::global' (pseudo-element) or is this a typo?
@n8n/design-system:build: 549 |    --button--shadow--active: 0 0 0 1px var(--color--warning--shade-1);
@n8n/design-system:build: 550 |  }
@n8n/design-system:build: 551 |  :global(.n8n-button--warning):disabled, :global(.n8n-button--warning)[aria-disabled=true] {
@n8n/design-system:build:     |          ^
@n8n/design-system:build: 552 |    --button--color--background: var(--color--warning--tint-1);
@n8n/design-system:build: 553 |    --button--shadow: 0 0 0 1px var(--color--warning--tint-1);
@n8n/design-system:build: [lightningcss minify] 'global' is not recognized as a valid pseudo-class. Did you mean '::global' (pseudo-element) or is this a typo?
@n8n/design-system:build: 549 |    --button--shadow--active: 0 0 0 1px var(--color--warning--shade-1);
@n8n/design-system:build: 550 |  }
@n8n/design-system:build: 551 |  :global(.n8n-button--warning):disabled, :global(.n8n-button--warning)[aria-disabled=true] {
@n8n/design-system:build:     |                                                  ^
@n8n/design-system:build: 552 |    --button--color--background: var(--color--warning--tint-1);
@n8n/design-system:build: 553 |    --button--shadow: 0 0 0 1px var(--color--warning--tint-1);
@n8n/design-system:build: computing gzip size...
@n8n/design-system:build: dist/design-system.css           240.22 kB │ gzip:  32.83 kB
@n8n/design-system:build: dist/n8n-design-system.umd.js  2,687.21 kB │ gzip: 687.30 kB
@n8n/design-system:build: 
@n8n/design-system:build: ✓ built in 1.90s
@n8n/chat:build: cache bypass, force executing a4282f2b7589bea9
@n8n/chat:build: 
@n8n/chat:build: > @n8n/chat@1.25.0 build /Users/baivab/Workspace/Personal/n8n_forked/n8n/packages/frontend/@n8n/chat
@n8n/chat:build: > pnpm build:vite && pnpm build:bundle
@n8n/chat:build: 
@n8n/chat:build: 
@n8n/chat:build: > @n8n/chat@1.25.0 build:vite /Users/baivab/Workspace/Personal/n8n_forked/n8n/packages/frontend/@n8n/chat
@n8n/chat:build: > cross-env vite build
@n8n/chat:build: 
@n8n/chat:build: vite v8.0.2 building client environment for production...
@n8n/chat:build: [2K@n8n/chat:build: transforming...✓ 3136 modules transformed.
@n8n/chat:build: rendering chunks...
@n8n/chat:build: [lightningcss minify] 'global' is not recognized as a valid pseudo-class. Did you mean '::global' (pseudo-element) or is this a typo?
@n8n/chat:build: 1251 |   */
@n8n/chat:build: 1252 |  /** @deprecated Use a semantic variant instead of success color */
@n8n/chat:build: 1253 |  :global(.n8n-button--success) {
@n8n/chat:build:      |          ^
@n8n/chat:build: 1254 |    --button--color--background: var(--color--success);
@n8n/chat:build: 1255 |    --button--color--background-hover: var(--color--success--shade-1);
@n8n/chat:build: [lightningcss minify] 'global' is not recognized as a valid pseudo-class. Did you mean '::global' (pseudo-element) or is this a typo?
@n8n/chat:build: 1260 |    --button--shadow--active: 0 0 0 1px var(--color--success--shade-1);
@n8n/chat:build: 1261 |  }
@n8n/chat:build: 1262 |  :global(.n8n-button--success):disabled, :global(.n8n-button--success)[aria-disabled=true] {
@n8n/chat:build:      |          ^
@n8n/chat:build: 1263 |    --button--color--background: var(--color--success--tint-3);
@n8n/chat:build: 1264 |    --button--shadow: 0 0 0 1px var(--color--success--tint-3);
@n8n/chat:build: [lightningcss minify] 'global' is not recognized as a valid pseudo-class. Did you mean '::global' (pseudo-element) or is this a typo?
@n8n/chat:build: 1260 |    --button--shadow--active: 0 0 0 1px var(--color--success--shade-1);
@n8n/chat:build: 1261 |  }
@n8n/chat:build: 1262 |  :global(.n8n-button--success):disabled, :global(.n8n-button--success)[aria-disabled=true] {
@n8n/chat:build:      |                                                  ^
@n8n/chat:build: 1263 |    --button--color--background: var(--color--success--tint-3);
@n8n/chat:build: 1264 |    --button--shadow: 0 0 0 1px var(--color--success--tint-3);
@n8n/chat:build: [lightningcss minify] 'global' is not recognized as a valid pseudo-class. Did you mean '::global' (pseudo-element) or is this a typo?
@n8n/chat:build: 1266 |  
@n8n/chat:build: 1267 |  /** @deprecated Use a semantic variant instead of warning color */
@n8n/chat:build: 1268 |  :global(.n8n-button--warning) {
@n8n/chat:build:      |          ^
@n8n/chat:build: 1269 |    --button--color--background: var(--color--warning);
@n8n/chat:build: 1270 |    --button--color--background-hover: var(--color--warning--shade-1);
@n8n/chat:build: [lightningcss minify] 'global' is not recognized as a valid pseudo-class. Did you mean '::global' (pseudo-element) or is this a typo?
@n8n/chat:build: 1275 |    --button--shadow--active: 0 0 0 1px var(--color--warning--shade-1);
@n8n/chat:build: 1276 |  }
@n8n/chat:build: 1277 |  :global(.n8n-button--warning):disabled, :global(.n8n-button--warning)[aria-disabled=true] {
@n8n/chat:build:      |          ^
@n8n/chat:build: 1278 |    --button--color--background: var(--color--warning--tint-1);
@n8n/chat:build: 1279 |    --button--shadow: 0 0 0 1px var(--color--warning--tint-1);
@n8n/chat:build: [lightningcss minify] 'global' is not recognized as a valid pseudo-class. Did you mean '::global' (pseudo-element) or is this a typo?
@n8n/chat:build: 1275 |    --button--shadow--active: 0 0 0 1px var(--color--warning--shade-1);
@n8n/chat:build: 1276 |  }
@n8n/chat:build: 1277 |  :global(.n8n-button--warning):disabled, :global(.n8n-button--warning)[aria-disabled=true] {
@n8n/chat:build:      |                                                  ^
@n8n/chat:build: 1278 |    --button--color--background: var(--color--warning--tint-1);
@n8n/chat:build: 1279 |    --button--shadow: 0 0 0 1px var(--color--warning--tint-1);
@n8n/chat:build: 
@n8n/chat:build: [vite:dts] Start generate declaration files...
@n8n/chat:build: [vite:dts] Declaration files built in 5569ms.
@n8n/chat:build: 
@n8n/chat:build: computing gzip size...
@n8n/chat:build: dist/chat.css                    75.38 kB │ gzip:  11.78 kB
@n8n/chat:build: dist/node-icons-Y_bSQrsa.mjs     65.71 kB │ gzip:  10.91 kB
@n8n/chat:build: dist/chat.es.js               1,731.68 kB │ gzip: 482.28 kB
@n8n/chat:build: 
@n8n/chat:build: [33m[INEFFECTIVE_DYNAMIC_IMPORT] Warning:[0m ../design-system/src/locale/lang/en.ts is dynamically imported by ../design-system/src/locale/index.ts but also statically imported by ../design-system/src/locale/index.ts, dynamic import will not move module into another chunk.
@n8n/chat:build: 
@n8n/chat:build: [33m[PLUGIN_TIMINGS] Warning:[0m Your build spent significant time in plugins. Here is a breakdown:
@n8n/chat:build:   - unplugin-icons (64%)
@n8n/chat:build:   - vite:css (13%)
@n8n/chat:build:   - vite:vue (13%)
@n8n/chat:build:   - vite:dts (9%)
@n8n/chat:build: See https://rolldown.rs/options/checks#plugintimings for more details.
@n8n/chat:build: 
@n8n/chat:build: [2K@n8n/chat:build: transforming...✓ 3136 modules transformed.
@n8n/chat:build: rendering chunks...
@n8n/chat:build: [lightningcss minify] 'global' is not recognized as a valid pseudo-class. Did you mean '::global' (pseudo-element) or is this a typo?
@n8n/chat:build: 1251 |   */
@n8n/chat:build: 1252 |  /** @deprecated Use a semantic variant instead of success color */
@n8n/chat:build: 1253 |  :global(.n8n-button--success) {
@n8n/chat:build:      |          ^
@n8n/chat:build: 1254 |    --button--color--background: var(--color--success);
@n8n/chat:build: 1255 |    --button--color--background-hover: var(--color--success--shade-1);
@n8n/chat:build: [lightningcss minify] 'global' is not recognized as a valid pseudo-class. Did you mean '::global' (pseudo-element) or is this a typo?
@n8n/chat:build: 1260 |    --button--shadow--active: 0 0 0 1px var(--color--success--shade-1);
@n8n/chat:build: 1261 |  }
@n8n/chat:build: 1262 |  :global(.n8n-button--success):disabled, :global(.n8n-button--success)[aria-disabled=true] {
@n8n/chat:build:      |          ^
@n8n/chat:build: 1263 |    --button--color--background: var(--color--success--tint-3);
@n8n/chat:build: 1264 |    --button--shadow: 0 0 0 1px var(--color--success--tint-3);
@n8n/chat:build: [lightningcss minify] 'global' is not recognized as a valid pseudo-class. Did you mean '::global' (pseudo-element) or is this a typo?
@n8n/chat:build: 1260 |    --button--shadow--active: 0 0 0 1px var(--color--success--shade-1);
@n8n/chat:build: 1261 |  }
@n8n/chat:build: 1262 |  :global(.n8n-button--success):disabled, :global(.n8n-button--success)[aria-disabled=true] {
@n8n/chat:build:      |                                                  ^
@n8n/chat:build: 1263 |    --button--color--background: var(--color--success--tint-3);
@n8n/chat:build: 1264 |    --button--shadow: 0 0 0 1px var(--color--success--tint-3);
@n8n/chat:build: [lightningcss minify] 'global' is not recognized as a valid pseudo-class. Did you mean '::global' (pseudo-element) or is this a typo?
@n8n/chat:build: 1266 |  
@n8n/chat:build: 1267 |  /** @deprecated Use a semantic variant instead of warning color */
@n8n/chat:build: 1268 |  :global(.n8n-button--warning) {
@n8n/chat:build:      |          ^
@n8n/chat:build: 1269 |    --button--color--background: var(--color--warning);
@n8n/chat:build: 1270 |    --button--color--background-hover: var(--color--warning--shade-1);
@n8n/chat:build: [lightningcss minify] 'global' is not recognized as a valid pseudo-class. Did you mean '::global' (pseudo-element) or is this a typo?
@n8n/chat:build: 1275 |    --button--shadow--active: 0 0 0 1px var(--color--warning--shade-1);
@n8n/chat:build: 1276 |  }
@n8n/chat:build: 1277 |  :global(.n8n-button--warning):disabled, :global(.n8n-button--warning)[aria-disabled=true] {
@n8n/chat:build:      |          ^
@n8n/chat:build: 1278 |    --button--color--background: var(--color--warning--tint-1);
@n8n/chat:build: 1279 |    --button--shadow: 0 0 0 1px var(--color--warning--tint-1);
@n8n/chat:build: [lightningcss minify] 'global' is not recognized as a valid pseudo-class. Did you mean '::global' (pseudo-element) or is this a typo?
@n8n/chat:build: 1275 |    --button--shadow--active: 0 0 0 1px var(--color--warning--shade-1);
@n8n/chat:build: 1276 |  }
@n8n/chat:build: 1277 |  :global(.n8n-button--warning):disabled, :global(.n8n-button--warning)[aria-disabled=true] {
@n8n/chat:build:      |                                                  ^
@n8n/chat:build: 1278 |    --button--color--background: var(--color--warning--tint-1);
@n8n/chat:build: 1279 |    --button--shadow: 0 0 0 1px var(--color--warning--tint-1);
@n8n/chat:build: computing gzip size...
@n8n/chat:build: dist/chat.css        75.38 kB │ gzip:  11.78 kB
@n8n/chat:build: dist/chat.umd.js  1,472.67 kB │ gzip: 450.03 kB
@n8n/chat:build: 
@n8n/chat:build: ✓ built in 7.14s
@n8n/chat:build: 
@n8n/chat:build: > @n8n/chat@1.25.0 build:bundle /Users/baivab/Workspace/Personal/n8n_forked/n8n/packages/frontend/@n8n/chat
@n8n/chat:build: > cross-env INCLUDE_VUE=true vite build
@n8n/chat:build: 
@n8n/chat:build: vite v8.0.2 building client environment for production...
@n8n/chat:build: [2K@n8n/chat:build: transforming...✓ 3139 modules transformed.
@n8n/chat:build: rendering chunks...
@n8n/chat:build: [lightningcss minify] 'global' is not recognized as a valid pseudo-class. Did you mean '::global' (pseudo-element) or is this a typo?
@n8n/chat:build: 1251 |   */
@n8n/chat:build: 1252 |  /** @deprecated Use a semantic variant instead of success color */
@n8n/chat:build: 1253 |  :global(.n8n-button--success) {
@n8n/chat:build:      |          ^
@n8n/chat:build: 1254 |    --button--color--background: var(--color--success);
@n8n/chat:build: 1255 |    --button--color--background-hover: var(--color--success--shade-1);
@n8n/chat:build: [lightningcss minify] 'global' is not recognized as a valid pseudo-class. Did you mean '::global' (pseudo-element) or is this a typo?
@n8n/chat:build: 1260 |    --button--shadow--active: 0 0 0 1px var(--color--success--shade-1);
@n8n/chat:build: 1261 |  }
@n8n/chat:build: 1262 |  :global(.n8n-button--success):disabled, :global(.n8n-button--success)[aria-disabled=true] {
@n8n/chat:build:      |          ^
@n8n/chat:build: 1263 |    --button--color--background: var(--color--success--tint-3);
@n8n/chat:build: 1264 |    --button--shadow: 0 0 0 1px var(--color--success--tint-3);
@n8n/chat:build: [lightningcss minify] 'global' is not recognized as a valid pseudo-class. Did you mean '::global' (pseudo-element) or is this a typo?
@n8n/chat:build: 1260 |    --button--shadow--active: 0 0 0 1px var(--color--success--shade-1);
@n8n/chat:build: 1261 |  }
@n8n/chat:build: 1262 |  :global(.n8n-button--success):disabled, :global(.n8n-button--success)[aria-disabled=true] {
@n8n/chat:build:      |                                                  ^
@n8n/chat:build: 1263 |    --button--color--background: var(--color--success--tint-3);
@n8n/chat:build: 1264 |    --button--shadow: 0 0 0 1px var(--color--success--tint-3);
@n8n/chat:build: [lightningcss minify] 'global' is not recognized as a valid pseudo-class. Did you mean '::global' (pseudo-element) or is this a typo?
@n8n/chat:build: 1266 |  
@n8n/chat:build: 1267 |  /** @deprecated Use a semantic variant instead of warning color */
@n8n/chat:build: 1268 |  :global(.n8n-button--warning) {
@n8n/chat:build:      |          ^
@n8n/chat:build: 1269 |    --button--color--background: var(--color--warning);
@n8n/chat:build: 1270 |    --button--color--background-hover: var(--color--warning--shade-1);
@n8n/chat:build: [lightningcss minify] 'global' is not recognized as a valid pseudo-class. Did you mean '::global' (pseudo-element) or is this a typo?
@n8n/chat:build: 1275 |    --button--shadow--active: 0 0 0 1px var(--color--warning--shade-1);
@n8n/chat:build: 1276 |  }
@n8n/chat:build: 1277 |  :global(.n8n-button--warning):disabled, :global(.n8n-button--warning)[aria-disabled=true] {
@n8n/chat:build:      |          ^
@n8n/chat:build: 1278 |    --button--color--background: var(--color--warning--tint-1);
@n8n/chat:build: 1279 |    --button--shadow: 0 0 0 1px var(--color--warning--tint-1);
@n8n/chat:build: [lightningcss minify] 'global' is not recognized as a valid pseudo-class. Did you mean '::global' (pseudo-element) or is this a typo?
@n8n/chat:build: 1275 |    --button--shadow--active: 0 0 0 1px var(--color--warning--shade-1);
@n8n/chat:build: 1276 |  }
@n8n/chat:build: 1277 |  :global(.n8n-button--warning):disabled, :global(.n8n-button--warning)[aria-disabled=true] {
@n8n/chat:build:      |                                                  ^
@n8n/chat:build: 1278 |    --button--color--background: var(--color--warning--tint-1);
@n8n/chat:build: 1279 |    --button--shadow: 0 0 0 1px var(--color--warning--tint-1);
@n8n/chat:build: 
@n8n/chat:build: [vite:dts] Start generate declaration files...
@n8n/chat:build: [vite:dts] Declaration files built in 5386ms.
@n8n/chat:build: 
@n8n/chat:build: computing gzip size...
@n8n/chat:build: dist/chat.css                    75.38 kB │ gzip:  11.78 kB
@n8n/chat:build: dist/node-icons-Y_bSQrsa.mjs     65.71 kB │ gzip:  10.91 kB
@n8n/chat:build: dist/chat.bundle.es.js        1,849.13 kB │ gzip: 522.92 kB
@n8n/chat:build: 
@n8n/chat:build: [33m[INEFFECTIVE_DYNAMIC_IMPORT] Warning:[0m ../design-system/src/locale/lang/en.ts is dynamically imported by ../design-system/src/locale/index.ts but also statically imported by ../design-system/src/locale/index.ts, dynamic import will not move module into another chunk.
@n8n/chat:build: 
@n8n/chat:build: [33m[PLUGIN_TIMINGS] Warning:[0m Your build spent significant time in plugins. Here is a breakdown:
@n8n/chat:build:   - unplugin-icons (71%)
@n8n/chat:build:   - vite:vue (12%)
@n8n/chat:build:   - vite:dts (10%)
@n8n/chat:build: See https://rolldown.rs/options/checks#plugintimings for more details.
@n8n/chat:build: 
@n8n/chat:build: [2K@n8n/chat:build: transforming...✓ 3139 modules transformed.
@n8n/chat:build: rendering chunks...
@n8n/chat:build: [lightningcss minify] 'global' is not recognized as a valid pseudo-class. Did you mean '::global' (pseudo-element) or is this a typo?
@n8n/chat:build: 1251 |   */
@n8n/chat:build: 1252 |  /** @deprecated Use a semantic variant instead of success color */
@n8n/chat:build: 1253 |  :global(.n8n-button--success) {
@n8n/chat:build:      |          ^
@n8n/chat:build: 1254 |    --button--color--background: var(--color--success);
@n8n/chat:build: 1255 |    --button--color--background-hover: var(--color--success--shade-1);
@n8n/chat:build: [lightningcss minify] 'global' is not recognized as a valid pseudo-class. Did you mean '::global' (pseudo-element) or is this a typo?
@n8n/chat:build: 1260 |    --button--shadow--active: 0 0 0 1px var(--color--success--shade-1);
@n8n/chat:build: 1261 |  }
@n8n/chat:build: 1262 |  :global(.n8n-button--success):disabled, :global(.n8n-button--success)[aria-disabled=true] {
@n8n/chat:build:      |          ^
@n8n/chat:build: 1263 |    --button--color--background: var(--color--success--tint-3);
@n8n/chat:build: 1264 |    --button--shadow: 0 0 0 1px var(--color--success--tint-3);
@n8n/chat:build: [lightningcss minify] 'global' is not recognized as a valid pseudo-class. Did you mean '::global' (pseudo-element) or is this a typo?
@n8n/chat:build: 1260 |    --button--shadow--active: 0 0 0 1px var(--color--success--shade-1);
@n8n/chat:build: 1261 |  }
@n8n/chat:build: 1262 |  :global(.n8n-button--success):disabled, :global(.n8n-button--success)[aria-disabled=true] {
@n8n/chat:build:      |                                                  ^
@n8n/chat:build: 1263 |    --button--color--background: var(--color--success--tint-3);
@n8n/chat:build: 1264 |    --button--shadow: 0 0 0 1px var(--color--success--tint-3);
@n8n/chat:build: [lightningcss minify] 'global' is not recognized as a valid pseudo-class. Did you mean '::global' (pseudo-element) or is this a typo?
@n8n/chat:build: 1266 |  
@n8n/chat:build: 1267 |  /** @deprecated Use a semantic variant instead of warning color */
@n8n/chat:build: 1268 |  :global(.n8n-button--warning) {
@n8n/chat:build:      |          ^
@n8n/chat:build: 1269 |    --button--color--background: var(--color--warning);
@n8n/chat:build: 1270 |    --button--color--background-hover: var(--color--warning--shade-1);
@n8n/chat:build: [lightningcss minify] 'global' is not recognized as a valid pseudo-class. Did you mean '::global' (pseudo-element) or is this a typo?
@n8n/chat:build: 1275 |    --button--shadow--active: 0 0 0 1px var(--color--warning--shade-1);
@n8n/chat:build: 1276 |  }
@n8n/chat:build: 1277 |  :global(.n8n-button--warning):disabled, :global(.n8n-button--warning)[aria-disabled=true] {
@n8n/chat:build:      |          ^
@n8n/chat:build: 1278 |    --button--color--background: var(--color--warning--tint-1);
@n8n/chat:build: 1279 |    --button--shadow: 0 0 0 1px var(--color--warning--tint-1);
@n8n/chat:build: [lightningcss minify] 'global' is not recognized as a valid pseudo-class. Did you mean '::global' (pseudo-element) or is this a typo?
@n8n/chat:build: 1275 |    --button--shadow--active: 0 0 0 1px var(--color--warning--shade-1);
@n8n/chat:build: 1276 |  }
@n8n/chat:build: 1277 |  :global(.n8n-button--warning):disabled, :global(.n8n-button--warning)[aria-disabled=true] {
@n8n/chat:build:      |                                                  ^
@n8n/chat:build: 1278 |    --button--color--background: var(--color--warning--tint-1);
@n8n/chat:build: 1279 |    --button--shadow: 0 0 0 1px var(--color--warning--tint-1);
@n8n/chat:build: computing gzip size...
@n8n/chat:build: dist/chat.css               75.38 kB │ gzip:  11.78 kB
@n8n/chat:build: dist/chat.bundle.umd.js  1,504.32 kB │ gzip: 482.86 kB
@n8n/chat:build: 
@n8n/chat:build: ✓ built in 6.91s
n8n-editor-ui:build: cache bypass, force executing 70bf9ae1bb10ac39
n8n-editor-ui:build: 
n8n-editor-ui:build: > n8n-editor-ui@2.26.0 build /Users/baivab/Workspace/Personal/n8n_forked/n8n/packages/frontend/editor-ui
n8n-editor-ui:build: > cross-env VUE_APP_PUBLIC_PATH="/{{BASE_PATH}}/" NODE_OPTIONS="--max-old-space-size=8192" vite build
n8n-editor-ui:build: 
n8n-editor-ui:build: 9:20:15 AM [vite] warning: `esbuild` option was specified by "vite-plugin-node-polyfills" plugin. This option is deprecated, please use `oxc` instead.
n8n-editor-ui:build: vite v8.0.2 building client environment for production...
n8n-editor-ui:build: <script src="/{{BASE_PATH}}/static/base-path.js"> in "/index.html" can't be bundled without type="module" attribute
n8n-editor-ui:build: <script src="/{{BASE_PATH}}/static/posthog.init.js"> in "/index.html" can't be bundled without type="module" attribute
n8n-editor-ui:build: 
n8n-editor-ui:build: /{{BASE_PATH}}/static/prefers-color-scheme.css doesn't exist at build time, it will remain unchanged to be resolved at runtime
n8n-editor-ui:build: [plugin rolldown:vite-resolve] Module "os" has been externalized for browser compatibility, imported by "/Users/baivab/Workspace/Personal/n8n_forked/n8n/node_modules/.pnpm/recast@0.22.0/node_modules/recast/lib/util.js". See https://vite.dev/guide/troubleshooting.html#module-externalized-for-browser-compatibility for more details.
n8n-editor-ui:build: [plugin rolldown:vite-resolve] Module "child_process" has been externalized for browser compatibility, imported by "/Users/baivab/Workspace/Personal/n8n_forked/n8n/node_modules/.pnpm/cron@4.4.0/node_modules/cron/dist/job.js". See https://vite.dev/guide/troubleshooting.html#module-externalized-for-browser-compatibility for more details.
n8n-editor-ui:build: [plugin rolldown:vite-resolve] Module "os" has been externalized for browser compatibility, imported by "/Users/baivab/Workspace/Personal/n8n_forked/n8n/node_modules/.pnpm/recast@0.22.0/node_modules/recast/lib/util.js". See https://vite.dev/guide/troubleshooting.html#module-externalized-for-browser-compatibility for more details.
n8n-editor-ui:build: [plugin rolldown:vite-resolve] Module "os" has been externalized for browser compatibility, imported by "/Users/baivab/Workspace/Personal/n8n_forked/n8n/node_modules/.pnpm/recast@0.22.0/node_modules/recast/lib/util.js". See https://vite.dev/guide/troubleshooting.html#module-externalized-for-browser-compatibility for more details.
n8n-editor-ui:build: DEPRECATION WARNING [global-builtin]: Global built-in functions are deprecated and will be removed in Dart Sass 3.0.0.
n8n-editor-ui:build: Use color.mix instead.
n8n-editor-ui:build: 
n8n-editor-ui:build: More info and automated migrator: https://sass-lang.com/d/import
n8n-editor-ui:build: 
n8n-editor-ui:build:    ╷
n8n-editor-ui:build: 63 │ ┌           mix(
n8n-editor-ui:build: 64 │ │             $mix-color,
n8n-editor-ui:build: 65 │ │             map.get($colors, $type, 'base'),
n8n-editor-ui:build: 66 │ │             math.percentage(math.div($number, 10))
n8n-editor-ui:build: 67 │ │           ),
n8n-editor-ui:build:    │ └───────────^
n8n-editor-ui:build:    ╵
n8n-editor-ui:build:     ../../../../../element-plus@2.4.3_patch_hash=fbab57fe3750e430abd5d5e7c04cbf1b6a8f9f1c9676b14c73b77d3e0_ad2671a9dc4701bd91b53b83324d31e0/node_modules/element-plus/theme-chalk/src/common/var.scss 63:11   set-color-mix-level()
n8n-editor-ui:build:     ../../../../../element-plus@2.4.3_patch_hash=fbab57fe3750e430abd5d5e7c04cbf1b6a8f9f1c9676b14c73b77d3e0_ad2671a9dc4701bd91b53b83324d31e0/node_modules/element-plus/theme-chalk/src/common/var.scss 87:5    @use
n8n-editor-ui:build:     ../../../../../element-plus@2.4.3_patch_hash=fbab57fe3750e430abd5d5e7c04cbf1b6a8f9f1c9676b14c73b77d3e0_ad2671a9dc4701bd91b53b83324d31e0/node_modules/element-plus/theme-chalk/src/mixins/mixins.scss 2:1  @use
n8n-editor-ui:build:     ../../../../../element-plus@2.4.3_patch_hash=fbab57fe3750e430abd5d5e7c04cbf1b6a8f9f1c9676b14c73b77d3e0_ad2671a9dc4701bd91b53b83324d31e0/node_modules/element-plus/theme-chalk/src/slider.scss 3:1         @use
n8n-editor-ui:build:     ../../../../../../../packages/frontend/@n8n/design-system/src/css/slider.scss 7:1                                                                                                                         @use
n8n-editor-ui:build:     ../../../../../../../packages/frontend/@n8n/design-system/src/css/index.scss 18:1                                                                                                                         root stylesheet
n8n-editor-ui:build: 
n8n-editor-ui:build: DEPRECATION WARNING [global-builtin]: Global built-in functions are deprecated and will be removed in Dart Sass 3.0.0.
n8n-editor-ui:build: Use meta.inspect instead.
n8n-editor-ui:build: 
n8n-editor-ui:build: More info and automated migrator: https://sass-lang.com/d/import
n8n-editor-ui:build: 
n8n-editor-ui:build:   ╷
n8n-editor-ui:build: 5 │   $selector: inspect($selector);
n8n-editor-ui:build:   │              ^^^^^^^^^^^^^^^^^^
n8n-editor-ui:build:   ╵
n8n-editor-ui:build:     ../../../../../element-plus@2.4.3_patch_hash=fbab57fe3750e430abd5d5e7c04cbf1b6a8f9f1c9676b14c73b77d3e0_ad2671a9dc4701bd91b53b83324d31e0/node_modules/element-plus/theme-chalk/src/mixins/function.scss 5:14   selectorToString()
n8n-editor-ui:build:     ../../../../../element-plus@2.4.3_patch_hash=fbab57fe3750e430abd5d5e7c04cbf1b6a8f9f1c9676b14c73b77d3e0_ad2671a9dc4701bd91b53b83324d31e0/node_modules/element-plus/theme-chalk/src/mixins/function.scss 11:14  containsModifier()
n8n-editor-ui:build:     ../../../../../element-plus@2.4.3_patch_hash=fbab57fe3750e430abd5d5e7c04cbf1b6a8f9f1c9676b14c73b77d3e0_ad2671a9dc4701bd91b53b83324d31e0/node_modules/element-plus/theme-chalk/src/mixins/function.scss 41:11  hitAllSpecialNestRule()
n8n-editor-ui:build:     ../../../../../element-plus@2.4.3_patch_hash=fbab57fe3750e430abd5d5e7c04cbf1b6a8f9f1c9676b14c73b77d3e0_ad2671a9dc4701bd91b53b83324d31e0/node_modules/element-plus/theme-chalk/src/mixins/mixins.scss 77:7     e()
n8n-editor-ui:build:     ../../../../../element-plus@2.4.3_patch_hash=fbab57fe3750e430abd5d5e7c04cbf1b6a8f9f1c9676b14c73b77d3e0_ad2671a9dc4701bd91b53b83324d31e0/node_modules/element-plus/theme-chalk/src/slider.scss 28:3            @content
n8n-editor-ui:build:     ../../../../../element-plus@2.4.3_patch_hash=fbab57fe3750e430abd5d5e7c04cbf1b6a8f9f1c9676b14c73b77d3e0_ad2671a9dc4701bd91b53b83324d31e0/node_modules/element-plus/theme-chalk/src/mixins/mixins.scss 60:5     b()
n8n-editor-ui:build:     ../../../../../element-plus@2.4.3_patch_hash=fbab57fe3750e430abd5d5e7c04cbf1b6a8f9f1c9676b14c73b77d3e0_ad2671a9dc4701bd91b53b83324d31e0/node_modules/element-plus/theme-chalk/src/slider.scss 22:1            @use
n8n-editor-ui:build:     ../../../../../../../packages/frontend/@n8n/design-system/src/css/slider.scss 7:1                                                                                                                             @use
n8n-editor-ui:build:     ../../../../../../../packages/frontend/@n8n/design-system/src/css/index.scss 18:1                                                                                                                             root stylesheet
n8n-editor-ui:build: 
n8n-editor-ui:build: DEPRECATION WARNING [global-builtin]: Global built-in functions are deprecated and will be removed in Dart Sass 3.0.0.
n8n-editor-ui:build: Use string.slice instead.
n8n-editor-ui:build: 
n8n-editor-ui:build: More info and automated migrator: https://sass-lang.com/d/import
n8n-editor-ui:build: 
n8n-editor-ui:build:   ╷
n8n-editor-ui:build: 6 │   $selector: str-slice($selector, 2, -2);
n8n-editor-ui:build:   │              ^^^^^^^^^^^^^^^^^^^^^^^^^^^
n8n-editor-ui:build:   ╵
n8n-editor-ui:build:     ../../../../../element-plus@2.4.3_patch_hash=fbab57fe3750e430abd5d5e7c04cbf1b6a8f9f1c9676b14c73b77d3e0_ad2671a9dc4701bd91b53b83324d31e0/node_modules/element-plus/theme-chalk/src/mixins/function.scss 6:14   selectorToString()
n8n-editor-ui:build:     ../../../../../element-plus@2.4.3_patch_hash=fbab57fe3750e430abd5d5e7c04cbf1b6a8f9f1c9676b14c73b77d3e0_ad2671a9dc4701bd91b53b83324d31e0/node_modules/element-plus/theme-chalk/src/mixins/function.scss 11:14  containsModifier()
n8n-editor-ui:build:     ../../../../../element-plus@2.4.3_patch_hash=fbab57fe3750e430abd5d5e7c04cbf1b6a8f9f1c9676b14c73b77d3e0_ad2671a9dc4701bd91b53b83324d31e0/node_modules/element-plus/theme-chalk/src/mixins/function.scss 41:11  hitAllSpecialNestRule()
n8n-editor-ui:build:     ../../../../../element-plus@2.4.3_patch_hash=fbab57fe3750e430abd5d5e7c04cbf1b6a8f9f1c9676b14c73b77d3e0_ad2671a9dc4701bd91b53b83324d31e0/node_modules/element-plus/theme-chalk/src/mixins/mixins.scss 77:7     e()
n8n-editor-ui:build:     ../../../../../element-plus@2.4.3_patch_hash=fbab57fe3750e430abd5d5e7c04cbf1b6a8f9f1c9676b14c73b77d3e0_ad2671a9dc4701bd91b53b83324d31e0/node_modules/element-plus/theme-chalk/src/slider.scss 28:3            @content
n8n-editor-ui:build:     ../../../../../element-plus@2.4.3_patch_hash=fbab57fe3750e430abd5d5e7c04cbf1b6a8f9f1c9676b14c73b77d3e0_ad2671a9dc4701bd91b53b83324d31e0/node_modules/element-plus/theme-chalk/src/mixins/mixins.scss 60:5     b()
n8n-editor-ui:build:     ../../../../../element-plus@2.4.3_patch_hash=fbab57fe3750e430abd5d5e7c04cbf1b6a8f9f1c9676b14c73b77d3e0_ad2671a9dc4701bd91b53b83324d31e0/node_modules/element-plus/theme-chalk/src/slider.scss 22:1            @use
n8n-editor-ui:build:     ../../../../../../../packages/frontend/@n8n/design-system/src/css/slider.scss 7:1                                                                                                                             @use
n8n-editor-ui:build:     ../../../../../../../packages/frontend/@n8n/design-system/src/css/index.scss 18:1                                                                                                                             root stylesheet
n8n-editor-ui:build: 
n8n-editor-ui:build: DEPRECATION WARNING [global-builtin]: Global built-in functions are deprecated and will be removed in Dart Sass 3.0.0.
n8n-editor-ui:build: Use string.index instead.
n8n-editor-ui:build: 
n8n-editor-ui:build: More info and automated migrator: https://sass-lang.com/d/import
n8n-editor-ui:build: 
n8n-editor-ui:build:    ╷
n8n-editor-ui:build: 13 │   @if str-index($selector, config.$modifier-separator) {
n8n-editor-ui:build:    │       ^^^^^^^^^^^^^^^^^^^^^^^^^^^^^^^^^^^^^^^^^^^^^^^^
n8n-editor-ui:build:    ╵
n8n-editor-ui:build:     ../../../../../element-plus@2.4.3_patch_hash=fbab57fe3750e430abd5d5e7c04cbf1b6a8f9f1c9676b14c73b77d3e0_ad2671a9dc4701bd91b53b83324d31e0/node_modules/element-plus/theme-chalk/src/mixins/function.scss 13:7   containsModifier()
n8n-editor-ui:build:     ../../../../../element-plus@2.4.3_patch_hash=fbab57fe3750e430abd5d5e7c04cbf1b6a8f9f1c9676b14c73b77d3e0_ad2671a9dc4701bd91b53b83324d31e0/node_modules/element-plus/theme-chalk/src/mixins/function.scss 41:11  hitAllSpecialNestRule()
n8n-editor-ui:build:     ../../../../../element-plus@2.4.3_patch_hash=fbab57fe3750e430abd5d5e7c04cbf1b6a8f9f1c9676b14c73b77d3e0_ad2671a9dc4701bd91b53b83324d31e0/node_modules/element-plus/theme-chalk/src/mixins/mixins.scss 77:7     e()
n8n-editor-ui:build:     ../../../../../element-plus@2.4.3_patch_hash=fbab57fe3750e430abd5d5e7c04cbf1b6a8f9f1c9676b14c73b77d3e0_ad2671a9dc4701bd91b53b83324d31e0/node_modules/element-plus/theme-chalk/src/slider.scss 28:3            @content
n8n-editor-ui:build:     ../../../../../element-plus@2.4.3_patch_hash=fbab57fe3750e430abd5d5e7c04cbf1b6a8f9f1c9676b14c73b77d3e0_ad2671a9dc4701bd91b53b83324d31e0/node_modules/element-plus/theme-chalk/src/mixins/mixins.scss 60:5     b()
n8n-editor-ui:build:     ../../../../../element-plus@2.4.3_patch_hash=fbab57fe3750e430abd5d5e7c04cbf1b6a8f9f1c9676b14c73b77d3e0_ad2671a9dc4701bd91b53b83324d31e0/node_modules/element-plus/theme-chalk/src/slider.scss 22:1            @use
n8n-editor-ui:build:     ../../../../../../../packages/frontend/@n8n/design-system/src/css/slider.scss 7:1                                                                                                                             @use
n8n-editor-ui:build:     ../../../../../../../packages/frontend/@n8n/design-system/src/css/index.scss 18:1                                                                                                                             root stylesheet
n8n-editor-ui:build: 
n8n-editor-ui:build: DEPRECATION WARNING [global-builtin]: Global built-in functions are deprecated and will be removed in Dart Sass 3.0.0.
n8n-editor-ui:build: Use string.index instead.
n8n-editor-ui:build: 
n8n-editor-ui:build: More info and automated migrator: https://sass-lang.com/d/import
n8n-editor-ui:build: 
n8n-editor-ui:build:    ╷
n8n-editor-ui:build: 23 │   @if str-index($selector, '.' + config.$state-prefix) {
n8n-editor-ui:build:    │       ^^^^^^^^^^^^^^^^^^^^^^^^^^^^^^^^^^^^^^^^^^^^^^^^
n8n-editor-ui:build:    ╵
n8n-editor-ui:build:     ../../../../../element-plus@2.4.3_patch_hash=fbab57fe3750e430abd5d5e7c04cbf1b6a8f9f1c9676b14c73b77d3e0_ad2671a9dc4701bd91b53b83324d31e0/node_modules/element-plus/theme-chalk/src/mixins/function.scss 23:7   containWhenFlag()
n8n-editor-ui:build:     ../../../../../element-plus@2.4.3_patch_hash=fbab57fe3750e430abd5d5e7c04cbf1b6a8f9f1c9676b14c73b77d3e0_ad2671a9dc4701bd91b53b83324d31e0/node_modules/element-plus/theme-chalk/src/mixins/function.scss 41:42  hitAllSpecialNestRule()
n8n-editor-ui:build:     ../../../../../element-plus@2.4.3_patch_hash=fbab57fe3750e430abd5d5e7c04cbf1b6a8f9f1c9676b14c73b77d3e0_ad2671a9dc4701bd91b53b83324d31e0/node_modules/element-plus/theme-chalk/src/mixins/mixins.scss 77:7     e()
n8n-editor-ui:build:     ../../../../../element-plus@2.4.3_patch_hash=fbab57fe3750e430abd5d5e7c04cbf1b6a8f9f1c9676b14c73b77d3e0_ad2671a9dc4701bd91b53b83324d31e0/node_modules/element-plus/theme-chalk/src/slider.scss 28:3            @content
n8n-editor-ui:build:     ../../../../../element-plus@2.4.3_patch_hash=fbab57fe3750e430abd5d5e7c04cbf1b6a8f9f1c9676b14c73b77d3e0_ad2671a9dc4701bd91b53b83324d31e0/node_modules/element-plus/theme-chalk/src/mixins/mixins.scss 60:5     b()
n8n-editor-ui:build:     ../../../../../element-plus@2.4.3_patch_hash=fbab57fe3750e430abd5d5e7c04cbf1b6a8f9f1c9676b14c73b77d3e0_ad2671a9dc4701bd91b53b83324d31e0/node_modules/element-plus/theme-chalk/src/slider.scss 22:1            @use
n8n-editor-ui:build:     ../../../../../../../packages/frontend/@n8n/design-system/src/css/slider.scss 7:1                                                                                                                             @use
n8n-editor-ui:build:     ../../../../../../../packages/frontend/@n8n/design-system/src/css/index.scss 18:1                                                                                                                             root stylesheet
n8n-editor-ui:build: 
n8n-editor-ui:build: WARNING: 1 repetitive deprecation warnings omitted.
n8n-editor-ui:build: Run in verbose mode to see all warnings.
n8n-editor-ui:build: 
n8n-editor-ui:build: [2Kn8n-editor-ui:build: transforming...✓ 8427 modules transformed.
n8n-editor-ui:build: rendering chunks...
n8n-editor-ui:build: [vite-plugin-static-copy] Copied 4 items.
n8n-editor-ui:build: computing gzip size...
n8n-editor-ui:build: dist/assets/KaTeX_Size3-Regular-CTq5MqoE.woff                            4.42 kB
n8n-editor-ui:build: dist/assets/KaTeX_Size4-Regular-Dl5lxZxV.woff2                           4.92 kB
n8n-editor-ui:build: dist/assets/KaTeX_Size2-Regular-Dy4dx90m.woff2                           5.20 kB
n8n-editor-ui:build: dist/assets/KaTeX_Size1-Regular-mCD8mA8B.woff2                           5.46 kB
n8n-editor-ui:build: dist/assets/KaTeX_Size4-Regular-BF-4gkZK.woff                            5.98 kB
n8n-editor-ui:build: dist/assets/KaTeX_Size2-Regular-oD1tc_U0.woff                            6.18 kB
n8n-editor-ui:build: dist/assets/KaTeX_Size1-Regular-C195tn64.woff                            6.49 kB
n8n-editor-ui:build: dist/assets/KaTeX_Caligraphic-Regular-Di6jR-x-.woff2                     6.90 kB
n8n-editor-ui:build: dist/assets/KaTeX_Caligraphic-Bold-Dq_IR9rO.woff2                        6.91 kB
n8n-editor-ui:build: dist/assets/KaTeX_Size3-Regular-DgpXs0kz.ttf                             7.58 kB
n8n-editor-ui:build: dist/assets/KaTeX_Caligraphic-Regular-CTRA-rTL.woff                      7.65 kB
n8n-editor-ui:build: dist/assets/KaTeX_Caligraphic-Bold-BEiXGLvX.woff                         7.71 kB
n8n-editor-ui:build: dist/assets/KaTeX_Script-Regular-D3wIWfF6.woff2                          9.64 kB
n8n-editor-ui:build: dist/assets/KaTeX_SansSerif-Regular-DDBCnlJ7.woff2                      10.34 kB
n8n-editor-ui:build: dist/assets/KaTeX_Size4-Regular-DWFBv043.ttf                            10.36 kB
n8n-editor-ui:build: dist/assets/KaTeX_Script-Regular-D5yQViql.woff                          10.58 kB
n8n-editor-ui:build: dist/assets/KaTeX_Fraktur-Regular-CTYiF6lA.woff2                        11.31 kB
n8n-editor-ui:build: dist/assets/KaTeX_Fraktur-Bold-CL6g_b3V.woff2                           11.34 kB
n8n-editor-ui:build: dist/assets/KaTeX_Size2-Regular-B7gKUWhC.ttf                            11.50 kB
n8n-editor-ui:build: dist/assets/KaTeX_SansSerif-Italic-C3H0VqGB.woff2                       12.02 kB
n8n-editor-ui:build: dist/assets/KaTeX_SansSerif-Bold-D1sUS0GD.woff2                         12.21 kB
n8n-editor-ui:build: dist/assets/KaTeX_Size1-Regular-Dbsnue_I.ttf                            12.22 kB
n8n-editor-ui:build: dist/assets/KaTeX_SansSerif-Regular-CS6fqUqJ.woff                       12.31 kB
n8n-editor-ui:build: dist/assets/KaTeX_Caligraphic-Regular-wX97UBjC.ttf                      12.34 kB
n8n-editor-ui:build: dist/assets/KaTeX_Caligraphic-Bold-ATXxdsX0.ttf                         12.36 kB
n8n-editor-ui:build: dist/assets/KaTeX_Fraktur-Regular-Dxdc4cR9.woff                         13.20 kB
n8n-editor-ui:build: dist/assets/KaTeX_Fraktur-Bold-BsDP51OF.woff                            13.29 kB
n8n-editor-ui:build: dist/assets/KaTeX_Typewriter-Regular-CO6r4hn1.woff2                     13.56 kB
n8n-editor-ui:build: dist/assets/KaTeX_SansSerif-Italic-DN2j7dab.woff                        14.11 kB
n8n-editor-ui:build: dist/assets/KaTeX_SansSerif-Bold-DbIhKOiC.woff                          14.40 kB
n8n-editor-ui:build: dist/assets/KaTeX_Typewriter-Regular-C0xS9mPB.woff                      16.02 kB
n8n-editor-ui:build: dist/assets/KaTeX_Math-BoldItalic-CZnvNsCZ.woff2                        16.40 kB
n8n-editor-ui:build: dist/assets/KaTeX_Math-Italic-t53AETM-.woff2                            16.44 kB
n8n-editor-ui:build: dist/assets/KaTeX_Script-Regular-C5JkGWo-.ttf                           16.64 kB
n8n-editor-ui:build: dist/assets/KaTeX_Main-BoldItalic-DxDJ3AOS.woff2                        16.78 kB
n8n-editor-ui:build: dist/assets/KaTeX_Main-Italic-NWA7e6Wa.woff2                            16.98 kB
n8n-editor-ui:build: dist/assets/worker-BoYtc5pM.js                                          17.90 kB
n8n-editor-ui:build: dist/assets/KaTeX_Math-BoldItalic-iY-2wyZ7.woff                         18.66 kB
n8n-editor-ui:build: dist/assets/KaTeX_Math-Italic-DA0__PXp.woff                             18.74 kB
n8n-editor-ui:build: dist/assets/KaTeX_Main-BoldItalic-SpSLRI95.woff                         19.41 kB
n8n-editor-ui:build: dist/assets/KaTeX_SansSerif-Regular-BNo7hRIc.ttf                        19.43 kB
n8n-editor-ui:build: dist/assets/KaTeX_Fraktur-Regular-CB_wures.ttf                          19.57 kB
n8n-editor-ui:build: dist/assets/KaTeX_Fraktur-Bold-BdnERNNW.ttf                             19.58 kB
n8n-editor-ui:build: dist/assets/KaTeX_Main-Italic-BMLOBm91.woff                             19.67 kB
n8n-editor-ui:build: dist/index.html                                                         20.68 kB │ gzip:   3.60 kB
n8n-editor-ui:build: dist/assets/KaTeX_SansSerif-Italic-YYjJ1zSn.ttf                         22.36 kB
n8n-editor-ui:build: dist/assets/KaTeX_SansSerif-Bold-CFMepnvq.ttf                           24.50 kB
n8n-editor-ui:build: dist/assets/KaTeX_Main-Bold-Cx986IdX.woff2                              25.32 kB
n8n-editor-ui:build: dist/assets/KaTeX_Main-Regular-B22Nviop.woff2                           26.27 kB
n8n-editor-ui:build: dist/assets/KaTeX_Typewriter-Regular-D3Ib7_Hf.ttf                       27.55 kB
n8n-editor-ui:build: dist/assets/KaTeX_AMS-Regular-BQhdFMY1.woff2                            28.07 kB
n8n-editor-ui:build: dist/assets/element-icons-B-tDfklg.woff                                 28.20 kB
n8n-editor-ui:build: dist/assets/KaTeX_Main-Bold-Jm3AIy58.woff                               29.91 kB
n8n-editor-ui:build: dist/assets/KaTeX_Main-Regular-Dr94JaBh.woff                            30.77 kB
n8n-editor-ui:build: dist/assets/KaTeX_Math-BoldItalic-B3XSjfu4.ttf                          31.19 kB
n8n-editor-ui:build: dist/assets/KaTeX_Math-Italic-flOr_0UB.ttf                              31.30 kB
n8n-editor-ui:build: dist/assets/KaTeX_Main-BoldItalic-DzxPMmG6.ttf                          32.96 kB
n8n-editor-ui:build: dist/assets/KaTeX_AMS-Regular-DMm9YOAa.woff                             33.51 kB
n8n-editor-ui:build: dist/assets/KaTeX_Main-Italic-3WenGoN9.ttf                              33.58 kB
n8n-editor-ui:build: dist/assets/KaTeX_Main-Bold-waoOVXN0.ttf                                51.33 kB
n8n-editor-ui:build: dist/assets/KaTeX_Main-Regular-ypZvNtVU.ttf                             53.58 kB
n8n-editor-ui:build: dist/assets/element-icons-_lZGOqcG.ttf                                  55.95 kB
n8n-editor-ui:build: dist/assets/KaTeX_AMS-Regular-DRggAlZN.ttf                              63.63 kB
n8n-editor-ui:build: dist/assets/CommitMonoVariable-ytizKI8U.woff2                           86.76 kB
n8n-editor-ui:build: dist/assets/doppler-B__k0MeW.webp                                      315.06 kB
n8n-editor-ui:build: dist/assets/InterVariable-DiVDrmQJ.woff2                               352.24 kB
n8n-editor-ui:build: dist/assets/InterVariable-Italic-FCBEiFp6.woff2                        387.97 kB
n8n-editor-ui:build: dist/assets/wa-sqlite-DDTbX34h.wasm                                    596.88 kB │ gzip: 295.39 kB
n8n-editor-ui:build: dist/assets/worker-BFqaWxpL.js                                       3,165.73 kB
n8n-editor-ui:build: dist/assets/typescript.worker-DBajwDSu.js                           10,872.27 kB
n8n-editor-ui:build: dist/assets/AgentView-CZHZNX_l.css                                       0.11 kB │ gzip:   0.11 kB
n8n-editor-ui:build: dist/assets/ConnectionTracker-c7uDDNb0.css                               0.18 kB │ gzip:   0.13 kB
n8n-editor-ui:build: dist/assets/EntityNotFound-DA5wD1RS.css                                  0.19 kB │ gzip:   0.15 kB
n8n-editor-ui:build: dist/assets/EntityUnAuthorised-D3XTbU6Y.css                              0.19 kB │ gzip:   0.16 kB
n8n-editor-ui:build: dist/assets/SeverityTag-C0hCvHeU.css                                     0.27 kB │ gzip:   0.15 kB
n8n-editor-ui:build: dist/assets/MigrationRuleDetail-4tgkxxhX.css                             0.42 kB │ gzip:   0.28 kB
n8n-editor-ui:build: dist/assets/AnimatedSpinner-CoP6Lyme.css                                 0.57 kB │ gzip:   0.19 kB
n8n-editor-ui:build: dist/assets/NDVEmptyState-C0V2112A.css                                   0.58 kB │ gzip:   0.30 kB
n8n-editor-ui:build: dist/assets/ResolversView-Bl6WIGF0.css                                   1.02 kB │ gzip:   0.43 kB
n8n-editor-ui:build: dist/assets/AgentTaskModal-CBoCUqXM.css                                  1.18 kB │ gzip:   0.46 kB
n8n-editor-ui:build: dist/assets/MigrationRules-wMqorxjv.css                                  1.42 kB │ gzip:   0.50 kB
n8n-editor-ui:build: dist/assets/SecuritySettings-Bi5EsJxo.css                                1.98 kB │ gzip:   0.41 kB
n8n-editor-ui:build: dist/assets/ProjectRoleView-BoWwBEKX.css                                 2.43 kB │ gzip:   0.84 kB
n8n-editor-ui:build: dist/assets/ProjectRolesView-Bqwn7AZU.css                                2.46 kB │ gzip:   0.70 kB
n8n-editor-ui:build: dist/assets/SettingsSecretsProviders-CRebq6fq.css                        2.48 kB │ gzip:   0.85 kB
n8n-editor-ui:build: dist/assets/RunDataHtml-CPkTgQ0s.css                                     2.57 kB │ gzip:   0.46 kB
n8n-editor-ui:build: dist/assets/CredentialIcon-CiJkhU0f.css                                  2.60 kB │ gzip:   0.49 kB
n8n-editor-ui:build: dist/assets/CopyButton-ghxX7mMt.css                                      2.63 kB │ gzip:   0.50 kB
n8n-editor-ui:build: dist/assets/NodeIcon-D6NjxeP8.css                                        2.66 kB │ gzip:   0.51 kB
n8n-editor-ui:build: dist/assets/ChatInputBase-QepuTf8x.css                                   2.67 kB │ gzip:   0.52 kB
n8n-editor-ui:build: dist/assets/TextWithHighlights-_TQjEA06.css                              2.68 kB │ gzip:   0.52 kB
n8n-editor-ui:build: dist/assets/ComputerUseSetupModal-Dj_AzVJ1.css                           2.68 kB │ gzip:   0.49 kB
n8n-editor-ui:build: dist/assets/RunDataJsonActions-m_br2IQe.css                              2.69 kB │ gzip:   0.53 kB
n8n-editor-ui:build: dist/assets/ChatLayout-DbAtwTwu.css                                      2.71 kB │ gzip:   0.55 kB
n8n-editor-ui:build: dist/assets/FolderBreadcrumbs-CLeor1Zu.css                               2.71 kB │ gzip:   0.52 kB
n8n-editor-ui:build: dist/assets/McpAccessToggle-D-sBkptM.css                                 2.74 kB │ gzip:   0.54 kB
n8n-editor-ui:build: dist/assets/InsightsPaywall-BgF1_jwg.css                                 2.75 kB │ gzip:   0.57 kB
n8n-editor-ui:build: dist/assets/ContactAdministratorToInstall-JoRxYxA6.css                   2.76 kB │ gzip:   0.57 kB
n8n-editor-ui:build: dist/assets/Draggable-Dqq_ig-6.css                                       2.77 kB │ gzip:   0.56 kB
n8n-editor-ui:build: dist/assets/DemoDiffView-DdaDcMXT.css                                    2.77 kB │ gzip:   0.58 kB
n8n-editor-ui:build: dist/assets/useCredentialResolvers-C5G0z9Qh.css                          2.78 kB │ gzip:   0.57 kB
n8n-editor-ui:build: dist/assets/ExternalSecretsProviderConnectionSwitch-CwqyYoMQ.css         2.79 kB │ gzip:   0.57 kB
n8n-editor-ui:build: dist/assets/CredentialPicker-BBA9LhCp.css                                2.80 kB │ gzip:   0.58 kB
n8n-editor-ui:build: dist/assets/KeyboardShortcutTooltip-DgZkwS92.css                         2.82 kB │ gzip:   0.59 kB
n8n-editor-ui:build: dist/assets/LoadingView-B--OCAl9.css                                     2.88 kB │ gzip:   0.62 kB
n8n-editor-ui:build: dist/assets/ModelByIdSelectorModal-5JDHyuHS.css                          2.91 kB │ gzip:   0.61 kB
n8n-editor-ui:build: dist/assets/ErrorView-DblkactX.css                                       2.98 kB │ gzip:   0.63 kB
n8n-editor-ui:build: dist/assets/NodeToolSettingsContent-D8Ba8dhA.css                         2.99 kB │ gzip:   0.63 kB
n8n-editor-ui:build: dist/assets/SettingsExternalSecrets-C_PhI4O3.css                         3.00 kB │ gzip:   0.61 kB
n8n-editor-ui:build: dist/assets/SelectedItemsInfo-DZXwQ0s4.css                               3.01 kB │ gzip:   0.64 kB
n8n-editor-ui:build: dist/assets/WorkflowExecutionsLandingPage-BkcEZYhG.css                   3.02 kB │ gzip:   0.64 kB
n8n-editor-ui:build: dist/assets/AgentBuilderUnconfiguredEmptyState-U8UQU_YU.css              3.06 kB │ gzip:   0.68 kB
n8n-editor-ui:build: dist/assets/CredentialSelectorModal-BJuv3Nj1.css                         3.10 kB │ gzip:   0.64 kB
n8n-editor-ui:build: dist/assets/SetupWorkflowFromTemplateView-D6P8fySs.css                   3.14 kB │ gzip:   0.69 kB
n8n-editor-ui:build: dist/assets/ResourceFiltersDropdown-dyFdk2rb.css                         3.21 kB │ gzip:   0.74 kB
n8n-editor-ui:build: dist/assets/SigninView-CqTxwv66.css                                      3.21 kB │ gzip:   0.72 kB
n8n-editor-ui:build: dist/assets/WorkflowPreview-D9BvBSJq.css                                 3.22 kB │ gzip:   0.73 kB
n8n-editor-ui:build: dist/assets/AgentSessionsListView-NLX3JLtv.css                           3.24 kB │ gzip:   0.71 kB
n8n-editor-ui:build: dist/assets/ToolSettingsModal-BDrU6SBF.css                               3.26 kB │ gzip:   0.75 kB
n8n-editor-ui:build: dist/assets/ChatPersonalAgentsView-xEu7F7Vn.css                          3.27 kB │ gzip:   0.71 kB
n8n-editor-ui:build: dist/assets/ProviderSettingsModal-BLNhqSaE.css                           3.31 kB │ gzip:   0.67 kB
n8n-editor-ui:build: dist/assets/RunDataSearch-BHCXzXnl.css                                   3.32 kB │ gzip:   0.68 kB
n8n-editor-ui:build: dist/assets/WorkflowExecutionsInfoAccordion-B8EFKqWo.css                 3.36 kB │ gzip:   0.75 kB
n8n-editor-ui:build: dist/assets/WorkflowLocation-V8amo5Ep.css                                3.37 kB │ gzip:   0.73 kB
n8n-editor-ui:build: dist/assets/SettingsLdapView-Dkmtjs5f.css                                3.40 kB │ gzip:   0.74 kB
n8n-editor-ui:build: dist/assets/useTelemetryContext-DHOsGVft.css                             3.42 kB │ gzip:   0.75 kB
n8n-editor-ui:build: dist/assets/InsightsTableWorkflows-MTZz-k0w.css                          3.44 kB │ gzip:   0.78 kB
n8n-editor-ui:build: dist/assets/ProjectBreadcrumb-CfLxfIkN.css                               3.44 kB │ gzip:   0.76 kB
n8n-editor-ui:build: dist/assets/ChatWorkflowAgentsView-CiyGKgbV.css                          3.45 kB │ gzip:   0.77 kB
n8n-editor-ui:build: dist/assets/ProjectCardBadge-DFuWubx_.css                                3.46 kB │ gzip:   0.76 kB
n8n-editor-ui:build: dist/assets/ChatAgentAvatar-BDv-ey9P.css                                 3.47 kB │ gzip:   0.71 kB
n8n-editor-ui:build: dist/assets/AgentJsonEditor-ClY4p91M.css                                 3.47 kB │ gzip:   0.84 kB
n8n-editor-ui:build: dist/assets/SettingsAIView-NMkbieh1.css                                  3.50 kB │ gzip:   0.70 kB
n8n-editor-ui:build: dist/assets/AgentSubAgentsModal-Dwj5dD-6.css                             3.54 kB │ gzip:   0.82 kB
n8n-editor-ui:build: dist/assets/ProjectIcon-qI5XwJ2W.css                                     3.54 kB │ gzip:   0.73 kB
n8n-editor-ui:build: dist/assets/SettingsPersonalView-BBmJ2H0c.css                            3.55 kB │ gzip:   0.83 kB
n8n-editor-ui:build: dist/assets/CredentialsDropdown-CE3aASAB.css                             3.55 kB │ gzip:   0.83 kB
n8n-editor-ui:build: dist/assets/useLogsTreeExpand-CUjJ4cRa.css                               3.57 kB │ gzip:   0.76 kB
n8n-editor-ui:build: dist/assets/TemplatesWorkflowView-B1I-GXge.css                           3.59 kB │ gzip:   0.85 kB
n8n-editor-ui:build: dist/assets/AgentSkillModal-CQoHD0-I.css                                 3.61 kB │ gzip:   0.84 kB
n8n-editor-ui:build: dist/assets/DataTableView-Dy62307y.css                                   3.63 kB │ gzip:   0.87 kB
n8n-editor-ui:build: dist/assets/NewAgentView-CNFNvdKw.css                                    3.70 kB │ gzip:   1.04 kB
n8n-editor-ui:build: dist/assets/ChatFile-BjLXKCEo.css                                        3.72 kB │ gzip:   0.86 kB
n8n-editor-ui:build: dist/assets/BaseLayout-DnFMhPRw.css                                      3.77 kB │ gzip:   0.85 kB
n8n-editor-ui:build: dist/assets/CopyInput-CubHdyX-.css                                       3.88 kB │ gzip:   0.92 kB
n8n-editor-ui:build: dist/assets/RunDataParsedAiContent-BZ1TsOsZ.css                          3.99 kB │ gzip:   0.76 kB
n8n-editor-ui:build: dist/assets/RecommendedTemplateCard-CTelG22z.css                         4.06 kB │ gzip:   0.92 kB
n8n-editor-ui:build: dist/assets/SettingsAiGatewayView-DPSVIM7o.css                           4.08 kB │ gzip:   0.93 kB
n8n-editor-ui:build: dist/assets/AgentsListView-WIHggtqs.css                                  4.22 kB │ gzip:   0.95 kB
n8n-editor-ui:build: dist/assets/SettingsSourceControl-CtL0okwB.css                           4.30 kB │ gzip:   0.94 kB
n8n-editor-ui:build: dist/assets/SettingsEncryptionKeys-oDTyDhtK.css                          4.42 kB │ gzip:   1.06 kB
n8n-editor-ui:build: dist/assets/OAuthConsentView-XocGmkXo.css                                4.49 kB │ gzip:   0.96 kB
n8n-editor-ui:build: dist/assets/AiModelSelectorDropdown-Av4dzqW9.css                         4.54 kB │ gzip:   1.10 kB
n8n-editor-ui:build: dist/assets/TagsDropdown-B9j1q4U_.css                                    4.99 kB │ gzip:   1.13 kB
n8n-editor-ui:build: dist/assets/RedactedDataState-BBNO-D1Q.css                               5.42 kB │ gzip:   0.65 kB
n8n-editor-ui:build: dist/assets/banners-CXsyom4e.css                                         5.53 kB │ gzip:   0.68 kB
n8n-editor-ui:build: dist/assets/InsightsDashboard-C1rMev88.css                               5.54 kB │ gzip:   1.43 kB
n8n-editor-ui:build: dist/assets/CommunityNodeUpdateInfo-BKXtPPI4.css                         5.68 kB │ gzip:   0.75 kB
n8n-editor-ui:build: dist/assets/MCPConnectWorkflowsModal-ZedGhl9F.css                        5.76 kB │ gzip:   0.76 kB
n8n-editor-ui:build: dist/assets/DependencyPill-B5MK1lMR.css                                  5.83 kB │ gzip:   0.79 kB
n8n-editor-ui:build: dist/assets/BrowserUseSetupModal-CzIufT8g.css                            5.94 kB │ gzip:   0.83 kB
n8n-editor-ui:build: dist/assets/SettingsAgentBuilderView-Dao6sS0n.css                        5.96 kB │ gzip:   0.77 kB
n8n-editor-ui:build: dist/assets/AuthView-BAHRRoln.css                                        6.00 kB │ gzip:   0.85 kB
n8n-editor-ui:build: dist/assets/SettingsLayout-CJsPAP2z.css                                  6.06 kB │ gzip:   0.85 kB
n8n-editor-ui:build: dist/assets/Modal-C-25yXBy.css                                           6.08 kB │ gzip:   0.85 kB
n8n-editor-ui:build: dist/assets/TemplatesView-CGbru_sm.css                                   6.10 kB │ gzip:   0.86 kB
n8n-editor-ui:build: dist/assets/SettingsLogStreamingView-BoQxfzug.css                        6.11 kB │ gzip:   0.90 kB
n8n-editor-ui:build: dist/assets/InsightsSummary-h7dR4yxj.css                                 6.20 kB │ gzip:   1.37 kB
n8n-editor-ui:build: dist/assets/ProjectSharing-qhBVqC7z.css                                  6.38 kB │ gzip:   0.91 kB
n8n-editor-ui:build: dist/assets/ComputerUseSetupContent-CyHEhgrx.css                         6.39 kB │ gzip:   1.36 kB
n8n-editor-ui:build: dist/assets/NodeCreation-BsTE23oj.css                                    6.41 kB │ gzip:   0.91 kB
n8n-editor-ui:build: dist/assets/DataTableActions-DjLuL9Ie.css                                6.42 kB │ gzip:   0.91 kB
n8n-editor-ui:build: dist/assets/DataTableDetailsView-CaNVRGKo.css                            6.42 kB │ gzip:   0.92 kB
n8n-editor-ui:build: dist/assets/ToolsSelector-DPIKoT4V.css                                   6.44 kB │ gzip:   1.01 kB
n8n-editor-ui:build: dist/assets/CredentialsView-BBUeOLGU.css                                 6.47 kB │ gzip:   0.98 kB
n8n-editor-ui:build: dist/assets/SettingsOpenTelemetryView-BbZi5dHV.css                       6.53 kB │ gzip:   1.40 kB
n8n-editor-ui:build: dist/assets/SettingsCommunityNodesView-BpdbCVaz.css                      6.58 kB │ gzip:   0.99 kB
n8n-editor-ui:build: dist/assets/MainSidebarHeader-TOz20NJx.css                               6.59 kB │ gzip:   1.00 kB
n8n-editor-ui:build: dist/assets/ProjectHeader-DJQTslBp.css                                   6.78 kB │ gzip:   1.10 kB
n8n-editor-ui:build: dist/assets/AddDataTableModal-Ct_OpjdU.css                               6.92 kB │ gzip:   1.47 kB
n8n-editor-ui:build: dist/assets/RunDataJson-BT96CKK-.css                                     7.35 kB │ gzip:   1.12 kB
n8n-editor-ui:build: dist/assets/ToolsManagerModal-4EFjf1cq.css                               7.46 kB │ gzip:   1.14 kB
n8n-editor-ui:build: dist/assets/SetupTemplateFormStep-B_Ic43V7.css                           8.38 kB │ gzip:   0.85 kB
n8n-editor-ui:build: dist/assets/NodeDetailsViewV2-VhRgbN-O.css                               8.44 kB │ gzip:   1.48 kB
n8n-editor-ui:build: dist/assets/TemplatesCollectionView-CJ6NgJBN.css                         8.60 kB │ gzip:   0.89 kB
n8n-editor-ui:build: dist/assets/SurfaceMcpFirstOpenIntroModal-CuCB0gtK.css                   8.81 kB │ gzip:   1.74 kB
n8n-editor-ui:build: dist/assets/SettingsUsersView-DEAfbE1F.css                               8.90 kB │ gzip:   1.04 kB
n8n-editor-ui:build: dist/assets/ProjectVariables-Ac68Nfjm.css                                9.04 kB │ gzip:   1.10 kB
n8n-editor-ui:build: dist/assets/LogsOverviewRow-BeUlqXP4.css                                 9.17 kB │ gzip:   1.57 kB
n8n-editor-ui:build: dist/assets/SettingsChatHubView-BeZqMcI2.css                             9.45 kB │ gzip:   1.08 kB
n8n-editor-ui:build: dist/assets/SettingsUsageAndPlan-BLrvdj0O.css                           10.12 kB │ gzip:   1.28 kB
n8n-editor-ui:build: dist/assets/TemplateList-CzYgc0ET.css                                   10.16 kB │ gzip:   1.24 kB
n8n-editor-ui:build: dist/assets/useCanvasOperations-BGIelHPw.css                            10.26 kB │ gzip:   1.11 kB
n8n-editor-ui:build: dist/assets/CreditWarningBanner-ZEVG5Gkj.css                            10.44 kB │ gzip:   1.38 kB
n8n-editor-ui:build: dist/assets/VirtualSchema-dFKNW0Hc.css                                  10.87 kB │ gzip:   2.34 kB
n8n-editor-ui:build: dist/assets/InstanceAiView-XByqClnf.css                                 11.49 kB │ gzip:   1.51 kB
n8n-editor-ui:build: dist/assets/SurfaceMcpBridgeGraphic-3N84qhR0.css                        11.56 kB │ gzip:   2.13 kB
n8n-editor-ui:build: dist/assets/ExecutionsView-C0wZidKN.css                                 11.61 kB │ gzip:   1.15 kB
n8n-editor-ui:build: dist/assets/RunDataTable-CzatPP90.css                                   12.11 kB │ gzip:   2.07 kB
n8n-editor-ui:build: dist/assets/AppSidebar-ClUqQxYG.css                                     12.83 kB │ gzip:   1.87 kB
n8n-editor-ui:build: dist/assets/ExecutionsTime-CgOkRseW.css                                 12.86 kB │ gzip:   1.41 kB
n8n-editor-ui:build: dist/assets/CanvasRunWorkflowButton-D6MnxQua.css                        13.15 kB │ gzip:   1.43 kB
n8n-editor-ui:build: dist/assets/ResourcesListLayout-CLoIeLbr.css                            13.45 kB │ gzip:   1.49 kB
n8n-editor-ui:build: dist/assets/NodeDetailsView-CF_rqMHQ.css                                14.01 kB │ gzip:   1.66 kB
n8n-editor-ui:build: dist/assets/SkeletonAgentCard-CeturDl1.css                              14.88 kB │ gzip:   1.88 kB
n8n-editor-ui:build: dist/assets/SettingsApiView-DwTbMywc.css                                15.00 kB │ gzip:   1.41 kB
n8n-editor-ui:build: dist/assets/WorkflowExecutionsPreview-BcZLl-09.css                      15.79 kB │ gzip:   1.99 kB
n8n-editor-ui:build: dist/assets/FixedCollectionParameter-DvFRT2dg.css                       15.95 kB │ gzip:   1.71 kB
n8n-editor-ui:build: dist/assets/SettingsInstanceAiView-CrV-MtpA.css                         15.97 kB │ gzip:   1.36 kB
n8n-editor-ui:build: dist/assets/EvaluationsRootView-DBonuFp0.css                            16.44 kB │ gzip:   1.66 kB
n8n-editor-ui:build: dist/assets/WorkflowExecutionsView-BdBuf8F_.css                         16.68 kB │ gzip:   1.86 kB
n8n-editor-ui:build: dist/assets/AgentEditorModal-nWLJU9jh.css                               18.31 kB │ gzip:   2.39 kB
n8n-editor-ui:build: dist/assets/AgentToolConfigModal-CfX7mBrc.css                           18.38 kB │ gzip:   1.50 kB
n8n-editor-ui:build: dist/assets/TemplatesSearchView-BRPBl8Dh.css                            19.77 kB │ gzip:   1.97 kB
n8n-editor-ui:build: dist/assets/NodeCredentials-DhqCnpAM.css                                21.01 kB │ gzip:   2.48 kB
n8n-editor-ui:build: dist/assets/AgentToolsModal-wDCHuuxL.css                                21.20 kB │ gzip:   1.52 kB
n8n-editor-ui:build: dist/assets/ChatLayout-DkCfIFGv.css                                     21.53 kB │ gzip:   2.44 kB
n8n-editor-ui:build: dist/assets/EvaluationsView-DJ0pMQrF.css                                21.61 kB │ gzip:   2.42 kB
n8n-editor-ui:build: dist/assets/WorkerView-BFZaMspV.css                                     23.21 kB │ gzip:   1.54 kB
n8n-editor-ui:build: dist/assets/ResourceCenterView-lFWni1MT.css                             23.29 kB │ gzip:   3.51 kB
n8n-editor-ui:build: dist/assets/WorkflowBuilderUnavailableNotice-DkvOQyxw.css               23.45 kB │ gzip:   2.48 kB
n8n-editor-ui:build: dist/assets/ChatView-DFPXrmJb.css                                       23.52 kB │ gzip:   2.54 kB
n8n-editor-ui:build: dist/assets/WorkflowDiffView-BtGWH2Nk.css                               24.86 kB │ gzip:   2.94 kB
n8n-editor-ui:build: dist/assets/WorkflowLayout-BjVUOl3D.css                                 24.87 kB │ gzip:   3.14 kB
n8n-editor-ui:build: dist/assets/MCPOnboardingModal-lRnL-GrC.css                             24.93 kB │ gzip:   3.04 kB
n8n-editor-ui:build: dist/assets/TriggerPanel-DYnJ4TxC.css                                   26.01 kB │ gzip:   2.69 kB
n8n-editor-ui:build: dist/assets/MainHeader-B_3v5j55.css                                     26.48 kB │ gzip:   2.24 kB
n8n-editor-ui:build: dist/assets/DataTableTable-DDLYfASU.css                                 27.73 kB │ gzip:   2.66 kB
n8n-editor-ui:build: dist/assets/SettingsMCPView-BM3ITO-B.css                                29.68 kB │ gzip:   2.29 kB
n8n-editor-ui:build: dist/assets/ChatGreetings-Dhrm88b0.css                                  31.44 kB │ gzip:   3.16 kB
n8n-editor-ui:build: dist/assets/TestRunDetailView-CrT7czRP.css                              32.74 kB │ gzip:   3.12 kB
n8n-editor-ui:build: dist/assets/ProjectSettings-DsiBQZ4l.css                                32.91 kB │ gzip:   2.66 kB
n8n-editor-ui:build: dist/assets/SettingsSso-BqfNw9VW.css                                    34.96 kB │ gzip:   3.25 kB
n8n-editor-ui:build: dist/assets/WorkflowHistory-CwjqjlF8.css                                36.47 kB │ gzip:   3.18 kB
n8n-editor-ui:build: dist/assets/NodeSettings-Ct_tS9Y4.css                                   40.61 kB │ gzip:   3.79 kB
n8n-editor-ui:build: dist/assets/RunData-1B-qUnv2.css                                        51.24 kB │ gzip:   4.57 kB
n8n-editor-ui:build: dist/assets/ChatMarkdownChunk-IvQQxbYK.css                              53.08 kB │ gzip:  11.58 kB
n8n-editor-ui:build: dist/assets/InstanceAiEmptyView-Bba1kdo5.css                            58.67 kB │ gzip:   6.08 kB
n8n-editor-ui:build: dist/assets/AgentSessionTimelineView-03Utvl8t.css                       58.87 kB │ gzip:   6.19 kB
n8n-editor-ui:build: dist/assets/useWorkflowInitialization-CAQ5Dn4v.css                      73.55 kB │ gzip:   6.08 kB
n8n-editor-ui:build: dist/assets/NodeCreator-sYDcv9PQ.css                                    76.90 kB │ gzip:   5.06 kB
n8n-editor-ui:build: dist/assets/NodeView-BidBPigh.css                                       84.31 kB │ gzip:   6.31 kB
n8n-editor-ui:build: dist/assets/WorkflowsView-L6yzpLc0.css                                  84.44 kB │ gzip:   6.73 kB
n8n-editor-ui:build: dist/assets/useWorkflowDocumentRenderData-DaFWO5J1.css                 123.54 kB │ gzip:   8.83 kB
n8n-editor-ui:build: dist/assets/AgentBuilderView-C1EI0Kig.css                              178.20 kB │ gzip:  15.94 kB
n8n-editor-ui:build: dist/assets/ParameterInputList-CiWtm48P.css                            189.64 kB │ gzip:  13.69 kB
n8n-editor-ui:build: dist/assets/InstanceAiThreadView-BgzWrAaE.css                          210.33 kB │ gzip:  16.57 kB
n8n-editor-ui:build: dist/assets/src-1s10hkmH.css                                           693.48 kB │ gzip:  53.71 kB
n8n-editor-ui:build: dist/assets/index-qQo1Az9l.css                                         844.93 kB │ gzip:  80.81 kB
n8n-editor-ui:build: dist/assets/usePushConnection-CfexjzEZ.js                                0.04 kB │ gzip:   0.06 kB
n8n-editor-ui:build: dist/assets/security-settings-CKT0pblG.js                                0.07 kB │ gzip:   0.08 kB
n8n-editor-ui:build: dist/assets/en-BLE_5zA0.js                                               0.08 kB │ gzip:   0.08 kB
n8n-editor-ui:build: dist/assets/NodeView-D2wCT_-1.js                                         0.10 kB │ gzip:   0.09 kB
n8n-editor-ui:build: dist/assets/RunDataHtml-Di4xasDw.js                                      0.11 kB │ gzip:   0.09 kB
n8n-editor-ui:build: dist/assets/pushConnection.store-BjTgUxzr.js                             0.11 kB │ gzip:   0.09 kB
n8n-editor-ui:build: dist/assets/VirtualSchema-t9uJtSHz.js                                    0.11 kB │ gzip:   0.09 kB
n8n-editor-ui:build: dist/assets/CollectionParameter-C8_SjbSB.js                              0.13 kB │ gzip:   0.11 kB
n8n-editor-ui:build: dist/assets/AgentSessionsListView-D9DbVoZu.js                            0.14 kB │ gzip:   0.10 kB
n8n-editor-ui:build: dist/assets/RunDataParsedAiContent-KHq6dw8D.js                           0.14 kB │ gzip:   0.10 kB
n8n-editor-ui:build: dist/assets/expression-runtime-stub-Dzt80x4C.js                          0.15 kB │ gzip:   0.12 kB
n8n-editor-ui:build: dist/assets/core-PdVOHkVG.js                                             0.22 kB │ gzip:   0.17 kB
n8n-editor-ui:build: dist/assets/sourceControl.eventBus-CDXBhoNH.js                           0.23 kB │ gzip:   0.16 kB
n8n-editor-ui:build: dist/assets/_plugin-vue_export-helper-Da88TEg1.js                        0.26 kB │ gzip:   0.18 kB
n8n-editor-ui:build: dist/assets/smartDecimal-DLIOt5G2.js                                     0.30 kB │ gzip:   0.21 kB
n8n-editor-ui:build: dist/assets/useInjectWorkflowId-DOQ4HL-E.js                              0.30 kB │ gzip:   0.20 kB
n8n-editor-ui:build: dist/assets/constants-BURD2U23.js                                        0.31 kB │ gzip:   0.20 kB
n8n-editor-ui:build: dist/assets/sortByProperty-4poGEBzl.js                                   0.34 kB │ gzip:   0.24 kB
n8n-editor-ui:build: dist/assets/constants-oS_opmZd.js                                        0.37 kB │ gzip:   0.20 kB
n8n-editor-ui:build: dist/assets/auth.eventBus-BcJohlnk.js                                    0.40 kB │ gzip:   0.24 kB
n8n-editor-ui:build: dist/assets/instanceAiLayout-BIBTqDyA.js                                 0.42 kB │ gzip:   0.27 kB
n8n-editor-ui:build: dist/assets/mcp.constants-CjQrAkKt.js                                    0.50 kB │ gzip:   0.31 kB
n8n-editor-ui:build: dist/assets/useMcp-BORLjMDm.js                                           0.56 kB │ gzip:   0.30 kB
n8n-editor-ui:build: dist/assets/fileUtils-Ba5TTwa6.js                                        0.65 kB │ gzip:   0.38 kB
n8n-editor-ui:build: dist/assets/useAgentBuilderSettingsApi-D7G-hMr4.js                       0.67 kB │ gzip:   0.30 kB
n8n-editor-ui:build: dist/assets/AuthLayout-Dd92eN25.js                                       0.69 kB │ gzip:   0.38 kB
n8n-editor-ui:build: dist/assets/expression-runtime-stub-9w2ZHVM3.js                          0.82 kB │ gzip:   0.38 kB
n8n-editor-ui:build: dist/assets/useAgentConfirmationModal-BTs4m-fL.js                        0.83 kB │ gzip:   0.40 kB
n8n-editor-ui:build: dist/assets/DefaultLayout-DHWV2pox.js                                    0.84 kB │ gzip:   0.42 kB
n8n-editor-ui:build: dist/assets/event-bus-r2QUxtGI.js                                        0.84 kB │ gzip:   0.27 kB
n8n-editor-ui:build: dist/assets/useActivationError-H2ghZiak.js                               0.86 kB │ gzip:   0.47 kB
n8n-editor-ui:build: dist/assets/useExecutionData-jpz0I3nr.js                                 0.92 kB │ gzip:   0.42 kB
n8n-editor-ui:build: dist/assets/useStyles-CBXZLAO5.js                                        0.93 kB │ gzip:   0.55 kB
n8n-editor-ui:build: dist/assets/EnterpriseEdition.ee-CdtzGQuq.js                             0.94 kB │ gzip:   0.50 kB
n8n-editor-ui:build: dist/assets/ComputerUseSetupModal-St8gpI9t.js                            0.96 kB │ gzip:   0.49 kB
n8n-editor-ui:build: dist/assets/VueMarkdown-Chb2k082.js                                      0.99 kB │ gzip:   0.54 kB
n8n-editor-ui:build: dist/assets/useSidebarLayout-Y0NG2hnY.js                                 1.04 kB │ gzip:   0.45 kB
n8n-editor-ui:build: dist/assets/SignoutView-CIfjLPIf.js                                      1.12 kB │ gzip:   0.58 kB
n8n-editor-ui:build: dist/assets/InstanceAiLayout-CbN6acae.js                                 1.16 kB │ gzip:   0.52 kB
n8n-editor-ui:build: dist/assets/useAgentPermissions-DLFu2gLZ.js                              1.23 kB │ gzip:   0.54 kB
n8n-editor-ui:build: dist/assets/useNodeCreatorShortcutCoachmark-Bt1iG-nO.js                  1.24 kB │ gzip:   0.53 kB
n8n-editor-ui:build: dist/assets/LoadingView-DC2naoEN.js                                      1.28 kB │ gzip:   0.59 kB
n8n-editor-ui:build: dist/assets/thread-title-B7evvZ1m.js                                     1.29 kB │ gzip:   0.71 kB
n8n-editor-ui:build: dist/assets/useIntersectionObserver-BgM1HrkW.js                          1.29 kB │ gzip:   0.59 kB
n8n-editor-ui:build: dist/assets/useDynamicCredentials-BlSnnKRV.js                            1.30 kB │ gzip:   0.59 kB
n8n-editor-ui:build: dist/assets/uniqBy-ToJWyDT6.js                                           1.36 kB │ gzip:   0.72 kB
n8n-editor-ui:build: dist/assets/setupPanel.store-Mbz1J50S.js                                 1.40 kB │ gzip:   0.62 kB
n8n-editor-ui:build: dist/assets/userRoleProvisioning.store-DxwKROFD.js                       1.42 kB │ gzip:   0.52 kB
n8n-editor-ui:build: dist/assets/AgentView-DvKuphea.js                                        1.42 kB │ gzip:   0.65 kB
n8n-editor-ui:build: dist/assets/retry-Y7lvRjhC.js                                            1.43 kB │ gzip:   0.65 kB
n8n-editor-ui:build: dist/assets/pickBy-DIt1oFZN.js                                           1.45 kB │ gzip:   0.70 kB
n8n-editor-ui:build: dist/assets/shield-alt-Cumb0TXk.js                                       1.48 kB │ gzip:   0.72 kB
n8n-editor-ui:build: dist/assets/useDocumentTitle-Dum4Jy3U.js                                 1.50 kB │ gzip:   0.68 kB
n8n-editor-ui:build: dist/assets/EmptySharedSectionActionBox-BtscmO84.js                      1.54 kB │ gzip:   0.77 kB
n8n-editor-ui:build: dist/assets/useExternalHooks-BIqtGbBp.js                                 1.55 kB │ gzip:   0.63 kB
n8n-editor-ui:build: dist/assets/useAiGateway-D_C_oLQ_.js                                     1.56 kB │ gzip:   0.58 kB
n8n-editor-ui:build: dist/assets/dist-UDK5E7TC.js                                             1.59 kB │ gzip:   0.74 kB
n8n-editor-ui:build: dist/assets/RunDataHtml-DcOg8mOX.js                                      1.60 kB │ gzip:   0.75 kB
n8n-editor-ui:build: dist/assets/AnimatedSpinner-DhACTu-d.js                                  1.75 kB │ gzip:   0.66 kB
n8n-editor-ui:build: dist/assets/SecretsProviderImage.ee-CMFdIs0O.js                          1.80 kB │ gzip:   0.72 kB
n8n-editor-ui:build: dist/assets/InsightsChartFailed-bnBDQFhN.js                              1.84 kB │ gzip:   0.87 kB
n8n-editor-ui:build: dist/assets/constants-DiNx9_d-.js                                        1.88 kB │ gzip:   0.81 kB
n8n-editor-ui:build: dist/assets/useClipboard-BEobgHHt.js                                     1.90 kB │ gzip:   0.85 kB
n8n-editor-ui:build: dist/assets/chatHubPanel.store-DeOuu37A.js                               1.91 kB │ gzip:   0.80 kB
n8n-editor-ui:build: dist/assets/InsightsChartTotal-Bx_UHAYm.js                               1.97 kB │ gzip:   0.88 kB
n8n-editor-ui:build: dist/assets/orderBy-DDil964H.js                                          1.98 kB │ gzip:   0.91 kB
n8n-editor-ui:build: dist/assets/useTelemetryContext-DAFlp9vf.js                              2.00 kB │ gzip:   0.91 kB
n8n-editor-ui:build: dist/assets/utils-r37CmmT5.js                                            2.01 kB │ gzip:   0.84 kB
n8n-editor-ui:build: dist/assets/KeyboardShortcutTooltip-BaTgRrpf.js                          2.03 kB │ gzip:   0.84 kB
n8n-editor-ui:build: dist/assets/dateFormatter-BViT89zI.js                                    2.03 kB │ gzip:   0.72 kB
n8n-editor-ui:build: dist/assets/insights.constants-B7aXbgxr.js                               2.06 kB │ gzip:   0.77 kB
n8n-editor-ui:build: dist/assets/InsightsChartFailureRate-CKCn09Qz.js                         2.08 kB │ gzip:   0.95 kB
n8n-editor-ui:build: dist/assets/useEditorContext-Dd0RGYCZ.js                                 2.09 kB │ gzip:   0.86 kB
n8n-editor-ui:build: dist/assets/agentTelemetry.utils-DfsMabQU.js                             2.11 kB │ gzip:   0.87 kB
n8n-editor-ui:build: dist/assets/chunk-CC9Q-vWm.js                                            2.17 kB │ gzip:   0.98 kB
n8n-editor-ui:build: dist/assets/flatten-Bl3_7x09.js                                          2.20 kB │ gzip:   0.90 kB
n8n-editor-ui:build: dist/assets/SamlOnboarding-DQmoEexg.js                                   2.21 kB │ gzip:   0.94 kB
n8n-editor-ui:build: dist/assets/CopyButton-BY3liTGe.js                                       2.24 kB │ gzip:   0.98 kB
n8n-editor-ui:build: dist/assets/WorkflowTagsDropdown-BDtZ4ijz.js                             2.25 kB │ gzip:   0.92 kB
n8n-editor-ui:build: dist/assets/SeverityTag-DDYGNNT5.js                                      2.27 kB │ gzip:   0.98 kB
n8n-editor-ui:build: dist/assets/InsightsChartAverageRuntime-Dk8BLIxz.js                      2.29 kB │ gzip:   1.04 kB
n8n-editor-ui:build: dist/assets/AnnotationTagsDropdown.ee-CTj433iU.js                        2.32 kB │ gzip:   0.94 kB
n8n-editor-ui:build: dist/assets/InsightsChartTimeSaved-CfrLArKl.js                           2.34 kB │ gzip:   1.07 kB
n8n-editor-ui:build: dist/assets/WorkflowOnboardingView-CcfUTxU9.js                           2.35 kB │ gzip:   0.89 kB
n8n-editor-ui:build: dist/assets/InsightsPaywall-Dwvo0w3N.js                                  2.39 kB │ gzip:   0.90 kB
n8n-editor-ui:build: dist/assets/useFreeAiCredits-EOQqbUwS.js                                 2.40 kB │ gzip:   0.87 kB
n8n-editor-ui:build: dist/assets/useProjectAgentsList-C3XN150X.js                             2.40 kB │ gzip:   0.92 kB
n8n-editor-ui:build: dist/assets/useEvaluationsLicense-237M1SdB.js                            2.48 kB │ gzip:   1.01 kB
n8n-editor-ui:build: dist/assets/utils-Ctcexw6B.js                                            2.49 kB │ gzip:   1.07 kB
n8n-editor-ui:build: dist/assets/ErrorView-CQRD0k7f.js                                        2.65 kB │ gzip:   1.05 kB
n8n-editor-ui:build: dist/assets/useSecretsProvidersList.ee-DbJfItFb.js                       2.66 kB │ gzip:   0.84 kB
n8n-editor-ui:build: dist/assets/SelectedItemsInfo-DWrbPBKt.js                                2.66 kB │ gzip:   0.99 kB
n8n-editor-ui:build: dist/assets/ProjectIcon-NOkQjXQ5.js                                      2.69 kB │ gzip:   1.11 kB
n8n-editor-ui:build: dist/assets/projectRoleScopes-CAnpvHGx.js                                2.72 kB │ gzip:   1.09 kB
n8n-editor-ui:build: dist/assets/roles.store-DI-0s5ZW.js                                      2.79 kB │ gzip:   0.89 kB
n8n-editor-ui:build: dist/assets/ConnectionTracker-JVO_BDX6.js                                2.84 kB │ gzip:   1.10 kB
n8n-editor-ui:build: dist/assets/EntityUnAuthorised-ChMPcf3Y.js                               2.85 kB │ gzip:   1.17 kB
n8n-editor-ui:build: dist/assets/BaseLayout-C8ISZ1F9.js                                       2.96 kB │ gzip:   0.94 kB
n8n-editor-ui:build: dist/assets/communityNodes.store-C4F2YlwY.js                             3.00 kB │ gzip:   0.94 kB
n8n-editor-ui:build: dist/assets/useWorkflowEvaluationState-C1_5ynTf.js                       3.01 kB │ gzip:   1.04 kB
n8n-editor-ui:build: dist/assets/ForgotMyPasswordView-CtjaN-XS.js                             3.03 kB │ gzip:   1.18 kB
n8n-editor-ui:build: dist/assets/EntityNotFound-CzvHGH84.js                                   3.04 kB │ gzip:   1.08 kB
n8n-editor-ui:build: dist/assets/insights.store-B6iAc157.js                                   3.20 kB │ gzip:   0.95 kB
n8n-editor-ui:build: dist/assets/useResizablePanel-DP0ebwCM.js                                3.23 kB │ gzip:   1.04 kB
n8n-editor-ui:build: dist/assets/CopyInput-CGssjMuU.js                                        3.24 kB │ gzip:   1.25 kB
n8n-editor-ui:build: dist/assets/SetupView-WJmsFqsk.js                                        3.25 kB │ gzip:   1.18 kB
n8n-editor-ui:build: dist/assets/McpAccessToggle-CT6YqtbL.js                                  3.26 kB │ gzip:   1.19 kB
n8n-editor-ui:build: dist/assets/TemplatesView-zu2P7a-v.js                                    3.29 kB │ gzip:   1.09 kB
n8n-editor-ui:build: dist/assets/useExecutionHelpers-1LGbYNVv.js                              3.31 kB │ gzip:   1.10 kB
n8n-editor-ui:build: dist/assets/values-DvEd0pM7.js                                           3.34 kB │ gzip:   1.16 kB
n8n-editor-ui:build: dist/assets/useSecretsProviderConnection.ee-pnp7Sfoo.js                  3.36 kB │ gzip:   0.93 kB
n8n-editor-ui:build: dist/assets/TextWithHighlights-VskgT5CP.js                               3.40 kB │ gzip:   1.29 kB
n8n-editor-ui:build: dist/assets/useCalloutHelpers-7SaBDP2r.js                                3.49 kB │ gzip:   1.22 kB
n8n-editor-ui:build: dist/assets/emptyStateBuilderPrompt.store-B-oX0aI5.js                    3.51 kB │ gzip:   1.27 kB
n8n-editor-ui:build: dist/assets/useAgentTelemetry-y2umPhoq.js                                3.51 kB │ gzip:   0.78 kB
n8n-editor-ui:build: dist/assets/DemoDiffView-jzcg-dAn.js                                     3.52 kB │ gzip:   1.36 kB
n8n-editor-ui:build: dist/assets/NodeIcon-BQpeMWYw.js                                         3.68 kB │ gzip:   1.27 kB
n8n-editor-ui:build: dist/assets/BrowserUseSetupModal-CYSBkzGp.js                             3.71 kB │ gzip:   1.38 kB
n8n-editor-ui:build: dist/assets/templateActions-Bw-bUPeZ.js                                  3.72 kB │ gzip:   1.25 kB
n8n-editor-ui:build: dist/assets/FileSaver.min-CHEZb4Hy.js                                    3.77 kB │ gzip:   1.62 kB
n8n-editor-ui:build: dist/assets/AgentBuilderUnconfiguredEmptyState-CxCVAnOr.js               3.79 kB │ gzip:   1.33 kB
n8n-editor-ui:build: dist/assets/ChatAgentAvatar---O4W7Ln.js                                  3.80 kB │ gzip:   1.44 kB
n8n-editor-ui:build: dist/assets/CredentialIcon-18aAS8mm.js                                   3.93 kB │ gzip:   1.29 kB
n8n-editor-ui:build: dist/assets/apiKeys.store-D3HyuEHD.js                                    4.04 kB │ gzip:   1.23 kB
n8n-editor-ui:build: dist/assets/SignupView-CBqFEprF.js                                       4.05 kB │ gzip:   1.45 kB
n8n-editor-ui:build: dist/assets/ProjectBreadcrumb-BJZYax5c.js                                4.06 kB │ gzip:   1.40 kB
n8n-editor-ui:build: dist/assets/useAgentPublish-BZUn1iao.js                                  4.09 kB │ gzip:   1.13 kB
n8n-editor-ui:build: dist/assets/templateTransforms-DKB-OSig.js                               4.14 kB │ gzip:   1.36 kB
n8n-editor-ui:build: dist/assets/usePageRedirectionHelper-Cvnobv7-.js                         4.20 kB │ gzip:   1.41 kB
n8n-editor-ui:build: dist/assets/usage.store-Cdc46dn8.js                                      4.28 kB │ gzip:   1.31 kB
n8n-editor-ui:build: dist/assets/ToolSettingsModal-ZVqNC2Bk.js                                4.33 kB │ gzip:   1.47 kB
n8n-editor-ui:build: dist/assets/useMoveResourceToProjectToast-CBVYX2zg.js                    4.35 kB │ gzip:   1.45 kB
n8n-editor-ui:build: dist/assets/SetupWorkflowCredentialsButton-CM_iuEnf.js                   4.38 kB │ gzip:   1.47 kB
n8n-editor-ui:build: dist/assets/chartjs.utils-CZ8Nb0o-.js                                    4.39 kB │ gzip:   1.12 kB
n8n-editor-ui:build: dist/assets/workers-eKy9_b6w.js                                          4.43 kB │ gzip:   1.55 kB
n8n-editor-ui:build: dist/assets/WorkflowExecutionsLandingPage-VbvMZLyd.js                    4.45 kB │ gzip:   1.46 kB
n8n-editor-ui:build: dist/assets/ModelByIdSelectorModal-VQsGMwEq.js                           4.63 kB │ gzip:   1.59 kB
n8n-editor-ui:build: dist/assets/resourceCenter.store-DHM9lJoB.js                             4.66 kB │ gzip:   1.73 kB
n8n-editor-ui:build: dist/assets/dist-Bx8gBGT6.js                                             4.73 kB │ gzip:   1.60 kB
n8n-editor-ui:build: dist/assets/AuthView-B4l7mpzZ.js                                         4.75 kB │ gzip:   1.62 kB
n8n-editor-ui:build: dist/assets/ChangePasswordView-BNbBpKFs.js                               4.75 kB │ gzip:   1.58 kB
n8n-editor-ui:build: dist/assets/nodeIcon-BcdP1uC4.js                                         4.80 kB │ gzip:   1.49 kB
n8n-editor-ui:build: dist/assets/surfaceMcpToNewCloudUsers.store-Cf8cHdBh.js                  4.91 kB │ gzip:   1.26 kB
n8n-editor-ui:build: dist/assets/useKeybindings-DZo2WcC7.js                                   4.93 kB │ gzip:   1.84 kB
n8n-editor-ui:build: dist/assets/Draggable-DWt0caC-.js                                        5.09 kB │ gzip:   1.68 kB
n8n-editor-ui:build: dist/assets/SettingsLayout-BBNRsMHd.js                                   5.24 kB │ gzip:   1.68 kB
n8n-editor-ui:build: dist/assets/ChatLayout-8r6XOIM1.js                                       5.32 kB │ gzip:   2.00 kB
n8n-editor-ui:build: dist/assets/agentSessions.store-cwgXSMn9.js                              5.37 kB │ gzip:   1.63 kB
n8n-editor-ui:build: dist/assets/CredentialsDropdown-gURM_qMx.js                              5.37 kB │ gzip:   1.82 kB
n8n-editor-ui:build: dist/assets/DemoLayout-CW5RSc7j.js                                       5.41 kB │ gzip:   1.96 kB
n8n-editor-ui:build: dist/assets/ChatFile-D3Jr_Es3.js                                         5.45 kB │ gzip:   1.63 kB
n8n-editor-ui:build: dist/assets/col-BU3KKgAF.js                                              5.47 kB │ gzip:   1.53 kB
n8n-editor-ui:build: dist/assets/useExecutionDebugging-w8PxaPkx.js                            5.47 kB │ gzip:   1.86 kB
n8n-editor-ui:build: dist/assets/RunDataSearch-Bvw9IqAt.js                                    5.54 kB │ gzip:   2.01 kB
n8n-editor-ui:build: dist/assets/ChatWorkflowAgentsView-Bp-GWKhW.js                           5.63 kB │ gzip:   1.89 kB
n8n-editor-ui:build: dist/assets/ContactAdministratorToInstall-Bqd0UFE8.js                    5.79 kB │ gzip:   2.02 kB
n8n-editor-ui:build: dist/assets/dateformat-9ZHpj92n.js                                       5.89 kB │ gzip:   2.29 kB
n8n-editor-ui:build: dist/assets/sso.store-BA6R5mms.js                                        5.95 kB │ gzip:   1.46 kB
n8n-editor-ui:build: dist/assets/CredentialSelectorModal-CTxFD9B0.js                          5.98 kB │ gzip:   1.77 kB
n8n-editor-ui:build: dist/assets/evaluation.utils-DBGeSFKa.js                                 6.09 kB │ gzip:   2.02 kB
n8n-editor-ui:build: dist/assets/insights.utils-DXahdE5D.js                                   6.18 kB │ gzip:   1.90 kB
n8n-editor-ui:build: dist/assets/evaluation.constants-CJMubidw.js                             6.28 kB │ gzip:   1.79 kB
n8n-editor-ui:build: dist/assets/useWorkflowActivate-Dd5e5_sk.js                              6.43 kB │ gzip:   1.79 kB
n8n-editor-ui:build: dist/assets/mcp.store-D-XvDDhq.js                                        6.49 kB │ gzip:   1.86 kB
n8n-editor-ui:build: dist/assets/useCodeDiff-CEneIAmt.js                                      6.50 kB │ gzip:   2.15 kB
n8n-editor-ui:build: dist/assets/TimeAgo-Djov6vXh.js                                          6.57 kB │ gzip:   2.33 kB
n8n-editor-ui:build: dist/assets/useQuickConnect-BnCOEpfI.js                                  6.61 kB │ gzip:   2.09 kB
n8n-editor-ui:build: dist/assets/ChatInputBase-D6aE3Fpa.js                                    6.61 kB │ gzip:   2.21 kB
n8n-editor-ui:build: dist/assets/SettingsAIView-DApx0JEV.js                                   6.73 kB │ gzip:   1.91 kB
n8n-editor-ui:build: dist/assets/useSettingsItems-BY6QRY_F.js                                 6.77 kB │ gzip:   1.67 kB
n8n-editor-ui:build: dist/assets/toolDisplayName-Cb4D3kVV.js                                  6.81 kB │ gzip:   2.48 kB
n8n-editor-ui:build: dist/assets/logStreaming.store-CTETNV2b.js                               6.84 kB │ gzip:   1.77 kB
n8n-editor-ui:build: dist/assets/useBugReporting-8omPs-uH.js                                  6.85 kB │ gzip:   2.63 kB
n8n-editor-ui:build: dist/assets/overlay-BHWpwwF5.js                                          6.86 kB │ gzip:   2.17 kB
n8n-editor-ui:build: dist/assets/AgentSubAgentsModal-BN0xv5_c.js                              6.87 kB │ gzip:   1.99 kB
n8n-editor-ui:build: dist/assets/chatPanel.store-U0zUsQXI.js                                  6.91 kB │ gzip:   2.01 kB
n8n-editor-ui:build: dist/assets/TemplatesWorkflowView-l9I0QvR1.js                            6.93 kB │ gzip:   2.22 kB
n8n-editor-ui:build: dist/assets/_initCloneObject-B9Pc_f0Y.js                                 6.95 kB │ gzip:   1.99 kB
n8n-editor-ui:build: dist/assets/Modal-Bqe44Z_A.js                                            7.23 kB │ gzip:   2.33 kB
n8n-editor-ui:build: dist/assets/useCredentialResolvers-BW9P3c9n.js                           7.31 kB │ gzip:   2.23 kB
n8n-editor-ui:build: dist/assets/WorkflowLocation-31y6_UcA.js                                 7.48 kB │ gzip:   1.65 kB
n8n-editor-ui:build: dist/assets/en-hN6GCUz2.js                                               7.54 kB │ gzip:   2.43 kB
n8n-editor-ui:build: dist/assets/ExternalSecretsProviderConnectionSwitch.ee--0Z4q62e.js       7.60 kB │ gzip:   2.36 kB
n8n-editor-ui:build: dist/assets/ResourceFiltersDropdown-BfLNr6EY.js                          7.61 kB │ gzip:   2.36 kB
n8n-editor-ui:build: dist/assets/_baseOrderBy-Btx2MFFq.js                                     7.62 kB │ gzip:   2.03 kB
n8n-editor-ui:build: dist/assets/banners.store-cEWSUB16.js                                    7.71 kB │ gzip:   2.45 kB
n8n-editor-ui:build: dist/assets/executions.store-DD09e0ft.js                                 7.73 kB │ gzip:   2.01 kB
n8n-editor-ui:build: dist/assets/versions.store-BgSMiERh.js                                   7.79 kB │ gzip:   2.39 kB
n8n-editor-ui:build: dist/assets/cloudPlan.store-Djkttdab.js                                  7.80 kB │ gzip:   2.31 kB
n8n-editor-ui:build: dist/assets/ChatPersonalAgentsView-DXVDYeD4.js                           7.83 kB │ gzip:   2.36 kB
n8n-editor-ui:build: dist/assets/RunDataParsedAiContent-BWJK12iX.js                           7.88 kB │ gzip:   2.59 kB
n8n-editor-ui:build: dist/assets/useAgentApi-C6iunfMy.js                                      7.88 kB │ gzip:   1.38 kB
n8n-editor-ui:build: dist/assets/comlink-h1hawfcO.js                                          8.18 kB │ gzip:   2.56 kB
n8n-editor-ui:build: dist/assets/externalSecrets.ee.store-BMXMX6ud.js                         8.19 kB │ gzip:   2.22 kB
n8n-editor-ui:build: dist/assets/RedactedDataState-BnEH4bjm.js                                8.24 kB │ gzip:   2.51 kB
n8n-editor-ui:build: dist/assets/AiModelSelectorDropdown-D_X0m_m2.js                          8.28 kB │ gzip:   2.35 kB
n8n-editor-ui:build: dist/assets/SurfaceMcpFirstOpenIntroModal-DbYNiABo.js                    8.29 kB │ gzip:   2.31 kB
n8n-editor-ui:build: dist/assets/TagsDropdown-y5RtXtAR.js                                     8.30 kB │ gzip:   2.69 kB
n8n-editor-ui:build: dist/assets/InsightsSummary-CO_2feNf.js                                  8.48 kB │ gzip:   2.59 kB
n8n-editor-ui:build: dist/assets/dist-D4cfhSH6.js                                             8.50 kB │ gzip:   3.51 kB
n8n-editor-ui:build: dist/assets/WorkflowExecutionsInfoAccordion-ExESLNTE.js                  8.55 kB │ gzip:   2.32 kB
n8n-editor-ui:build: dist/assets/AgentJsonEditor-BzHevKg1.js                                  8.59 kB │ gzip:   2.90 kB
n8n-editor-ui:build: dist/assets/CreditWarningBanner-_6MMB4i6.js                              8.96 kB │ gzip:   2.33 kB
n8n-editor-ui:build: dist/assets/folders.store-BcxWNo1x.js                                    9.04 kB │ gzip:   2.54 kB
n8n-editor-ui:build: dist/assets/usePostMessageHandler-C9YKdbpq.js                            9.25 kB │ gzip:   2.63 kB
n8n-editor-ui:build: dist/assets/ResolversView-DUC5s5oX.js                                    9.29 kB │ gzip:   2.58 kB
n8n-editor-ui:build: dist/assets/usePinnedData-DwfMd0Ao.js                                    9.30 kB │ gzip:   2.71 kB
n8n-editor-ui:build: dist/assets/WorkflowPreview-ChlXQGFn.js                                  9.31 kB │ gzip:   2.57 kB
n8n-editor-ui:build: dist/assets/focusPanel.store-CHuLIFUj.js                                 9.32 kB │ gzip:   3.07 kB
n8n-editor-ui:build: dist/assets/ProjectCardBadge-n21w5JiB.js                                 9.35 kB │ gzip:   2.40 kB
n8n-editor-ui:build: dist/assets/CredentialPicker-BBYpa7vk.js                                 9.60 kB │ gzip:   2.62 kB
n8n-editor-ui:build: dist/assets/FolderBreadcrumbs-C4FOEl94.js                                9.65 kB │ gzip:   2.85 kB
n8n-editor-ui:build: dist/assets/AgentSessionsListView-D8XpWPgL.js                            9.79 kB │ gzip:   2.81 kB
n8n-editor-ui:build: dist/assets/RunDataJson-3fN8mbHm.js                                      9.85 kB │ gzip:   3.26 kB
n8n-editor-ui:build: dist/assets/SkeletonAgentCard-BE96ilSZ.js                                9.99 kB │ gzip:   2.70 kB
n8n-editor-ui:build: dist/assets/OAuthConsentView-CnrQkvSh.js                                10.03 kB │ gzip:   2.59 kB
n8n-editor-ui:build: dist/assets/DependencyPill-D8sx0LS6.js                                  10.05 kB │ gzip:   3.16 kB
n8n-editor-ui:build: dist/assets/pushConnection.store-DXQtnxmq.js                            10.13 kB │ gzip:   2.79 kB
n8n-editor-ui:build: dist/assets/useActions-Bx_Hmzys.js                                      10.18 kB │ gzip:   3.06 kB
n8n-editor-ui:build: dist/assets/useDebounce-jCwg4fXB.js                                     10.29 kB │ gzip:   3.36 kB
n8n-editor-ui:build: dist/assets/InsightsTableWorkflows-pvP7xD2j.js                          10.30 kB │ gzip:   3.42 kB
n8n-editor-ui:build: dist/assets/CommunityNodeUpdateInfo-B12qfy15.js                         10.46 kB │ gzip:   2.97 kB
n8n-editor-ui:build: dist/assets/useLoadingService-C__2ynxo.js                               10.47 kB │ gzip:   3.24 kB
n8n-editor-ui:build: dist/assets/SettingsExternalSecrets-C5g-3cnH.js                         10.53 kB │ gzip:   2.91 kB
n8n-editor-ui:build: dist/assets/useLogsTreeExpand-Bi_5eqoA.js                               10.53 kB │ gzip:   3.38 kB
n8n-editor-ui:build: dist/assets/dataTable.store-CjHWy74T.js                                 10.66 kB │ gzip:   2.79 kB
n8n-editor-ui:build: dist/assets/MCPConnectWorkflowsModal-DUYJ-Ntt.js                        10.71 kB │ gzip:   3.15 kB
n8n-editor-ui:build: dist/assets/SettingsAiGatewayView-I56-WP9z.js                           11.25 kB │ gzip:   3.09 kB
n8n-editor-ui:build: dist/assets/useMcpServerAdapter-Kcs7twbv.js                             11.28 kB │ gzip:   3.41 kB
n8n-editor-ui:build: dist/assets/templates.store-BvzoGuj_.js                                 11.49 kB │ gzip:   2.61 kB
n8n-editor-ui:build: dist/assets/radio-BiRnIy9r.js                                           11.52 kB │ gzip:   2.71 kB
n8n-editor-ui:build: dist/assets/dist-Dt8yaDgk.js                                            11.66 kB │ gzip:   4.19 kB
n8n-editor-ui:build: dist/assets/MigrationRuleDetail-DkmkR9-u.js                             12.27 kB │ gzip:   3.62 kB
n8n-editor-ui:build: dist/assets/ToolsSelector-pMjfd096.js                                   12.36 kB │ gzip:   3.60 kB
n8n-editor-ui:build: dist/assets/useCredentialOAuth-2-mlGOGe.js                              12.37 kB │ gzip:   3.68 kB
n8n-editor-ui:build: dist/assets/collaboration.store-B5EChn1U.js                             12.42 kB │ gzip:   3.05 kB
n8n-editor-ui:build: dist/assets/one-password-CZnjwTTs.js                                    12.59 kB │ gzip:   6.65 kB
n8n-editor-ui:build: dist/assets/SetupWorkflowFromTemplateView-CydgvwaY.js                   12.84 kB │ gzip:   3.59 kB
n8n-editor-ui:build: dist/assets/SetupTemplateFormStep-DtbKn539.js                           13.01 kB │ gzip:   3.64 kB
n8n-editor-ui:build: dist/assets/TemplateList-BVNFfd3W.js                                    13.18 kB │ gzip:   3.19 kB
n8n-editor-ui:build: dist/assets/SigninView-BQurYBcT.js                                      13.41 kB │ gzip:   3.78 kB
n8n-editor-ui:build: dist/assets/chat.utils-DSyHgVSo.js                                      13.59 kB │ gzip:   4.03 kB
n8n-editor-ui:build: dist/assets/TemplatesCollectionView-DEV9vp2c.js                         13.66 kB │ gzip:   3.38 kB
n8n-editor-ui:build: dist/assets/ProjectRolesView-IhjV-QMU.js                                13.74 kB │ gzip:   3.55 kB
n8n-editor-ui:build: dist/assets/NodeCreation-Bcn0r8RG.js                                    14.10 kB │ gzip:   4.44 kB
n8n-editor-ui:build: dist/assets/NodeToolSettingsContent-2HIPaEN7.js                         14.14 kB │ gzip:   3.99 kB
n8n-editor-ui:build: dist/assets/NewAgentView-yywYU4NI.js                                    14.34 kB │ gzip:   4.79 kB
n8n-editor-ui:build: dist/assets/MigrationRules-01YlMZ5y.js                                  14.35 kB │ gzip:   3.10 kB
n8n-editor-ui:build: dist/assets/SettingsAgentBuilderView-BA7ERqin.js                        14.36 kB │ gzip:   3.85 kB
n8n-editor-ui:build: dist/assets/ProjectSharing--b2l-_1q.js                                  14.42 kB │ gzip:   3.77 kB
n8n-editor-ui:build: dist/assets/shuffle-DMQzVSQB.js                                         14.51 kB │ gzip:   3.87 kB
n8n-editor-ui:build: dist/assets/DataTableDetailsView-k0YY6MFZ.js                            14.65 kB │ gzip:   3.88 kB
n8n-editor-ui:build: dist/assets/InstanceAiView-IDekwUhH.js                                  14.82 kB │ gzip:   4.13 kB
n8n-editor-ui:build: dist/assets/ProviderSettingsModal-CMbOJnZk.js                           14.98 kB │ gzip:   3.39 kB
n8n-editor-ui:build: dist/assets/useGlobalEntityCreation-DlqBuALu.js                         15.02 kB │ gzip:   3.06 kB
n8n-editor-ui:build: dist/assets/DataTableView-B867OBnv.js                                   15.05 kB │ gzip:   4.06 kB
n8n-editor-ui:build: dist/assets/useToast-DtTUb0Dk.js                                        15.21 kB │ gzip:   4.82 kB
n8n-editor-ui:build: dist/assets/dialog-D2Y_jHZl.js                                          15.26 kB │ gzip:   4.26 kB
n8n-editor-ui:build: dist/assets/AgentSkillModal-D3N0coqF.js                                 15.33 kB │ gzip:   3.66 kB
n8n-editor-ui:build: dist/assets/AgentsListView-CbtS2QmB.js                                  15.57 kB │ gzip:   4.48 kB
n8n-editor-ui:build: dist/assets/useCustomAgent-BP_fWAhg.js                                  16.77 kB │ gzip:   4.83 kB
n8n-editor-ui:build: dist/assets/SettingsPersonalView-C60fpYcJ.js                            17.27 kB │ gzip:   4.08 kB
n8n-editor-ui:build: dist/assets/SettingsCommunityNodesView-D0rMVZ1p.js                      17.58 kB │ gzip:   4.19 kB
n8n-editor-ui:build: dist/assets/MainSidebarHeader-BMnub7qK.js                               17.64 kB │ gzip:   4.07 kB
n8n-editor-ui:build: dist/assets/workflowsList.store-DfcnRIqL.js                             17.72 kB │ gzip:   4.85 kB
n8n-editor-ui:build: dist/assets/SettingsLogStreamingView-Dtfg08tS.js                        17.98 kB │ gzip:   4.53 kB
n8n-editor-ui:build: dist/assets/DataTableActions-xiuM5Vra.js                                18.40 kB │ gzip:   4.10 kB
n8n-editor-ui:build: dist/assets/SurfaceMcpBridgeGraphic-BQMJB3Vg.js                         18.69 kB │ gzip:   6.61 kB
n8n-editor-ui:build: dist/assets/SettingsUsageAndPlan-DE1rm2mc.js                            19.13 kB │ gzip:   4.54 kB
n8n-editor-ui:build: dist/assets/ToolsManagerModal-BN7MZjm4.js                               19.29 kB │ gzip:   4.62 kB
n8n-editor-ui:build: dist/assets/instanceAiSettings.store-Dz3StTy3.js                        19.47 kB │ gzip:   4.87 kB
n8n-editor-ui:build: dist/assets/assistant.store-k0GVdIGB.js                                 19.51 kB │ gzip:   4.50 kB
n8n-editor-ui:build: dist/assets/ComputerUseSetupContent-B6W2gphH.js                         19.62 kB │ gzip:   6.55 kB
n8n-editor-ui:build: dist/assets/aiTemplatesStarterCollection.store-YXTaMasm.js              20.22 kB │ gzip:   5.17 kB
n8n-editor-ui:build: dist/assets/SettingsEncryptionKeys-C0uVEc-p.js                          20.34 kB │ gzip:   5.28 kB
n8n-editor-ui:build: dist/assets/ProjectVariables-Bcua0L5U.js                                20.60 kB │ gzip:   5.40 kB
n8n-editor-ui:build: dist/assets/useModelCatalog-CptZ6wbf.js                                 20.75 kB │ gzip:   5.71 kB
n8n-editor-ui:build: dist/assets/AddDataTableModal-DYyLI5Kl.js                               20.79 kB │ gzip:   4.91 kB
n8n-editor-ui:build: dist/assets/ChatLayout-BWBLX42U.js                                      23.15 kB │ gzip:   5.85 kB
n8n-editor-ui:build: dist/assets/InsightsDashboard-CLs3ck_b.js                               23.49 kB │ gzip:   6.48 kB
n8n-editor-ui:build: dist/assets/RecommendedTemplateCard-VjDb6V2i.js                         24.11 kB │ gzip:   7.71 kB
n8n-editor-ui:build: dist/assets/useMessage-Bcge2hUF.js                                      24.21 kB │ gzip:   6.34 kB
n8n-editor-ui:build: dist/assets/buttons.esm-CaJTbjdO.js                                     24.72 kB │ gzip:   7.59 kB
n8n-editor-ui:build: dist/assets/SettingsSourceControl-DSs_L3hS.js                           25.11 kB │ gzip:   4.84 kB
n8n-editor-ui:build: dist/assets/readyToRun.store-Cg71JY93.js                                25.16 kB │ gzip:   6.88 kB
n8n-editor-ui:build: dist/assets/ResourceCenterView-BlbgnG2w.js                              25.72 kB │ gzip:   6.41 kB
n8n-editor-ui:build: dist/assets/_MapCache-COyU4An-.js                                       27.61 kB │ gzip:   5.00 kB
n8n-editor-ui:build: dist/assets/WorkerView-D3HruDgb.js                                      27.85 kB │ gzip:   5.82 kB
n8n-editor-ui:build: dist/assets/CredentialsView-BoFXGZqp.js                                 27.94 kB │ gzip:   6.89 kB
n8n-editor-ui:build: dist/assets/SettingsChatHubView-DaKGYD3n.js                             27.97 kB │ gzip:   5.39 kB
n8n-editor-ui:build: dist/assets/EvaluationsRootView-Dxbo32Eu.js                             28.01 kB │ gzip:   5.32 kB
n8n-editor-ui:build: dist/assets/SettingsApiView-Dg5QYcVC.js                                 28.01 kB │ gzip:   6.31 kB
n8n-editor-ui:build: dist/assets/SettingsSecretsProviders.ee-DozV5iRr.js                     28.85 kB │ gzip:   6.17 kB
n8n-editor-ui:build: dist/assets/ProjectHeader-DlH6GxXg.js                                   29.03 kB │ gzip:   6.73 kB
n8n-editor-ui:build: dist/assets/ResourcesListLayout-DmWU071S.js                             29.25 kB │ gzip:   7.29 kB
n8n-editor-ui:build: dist/assets/useRunWorkflow-TDnFIB6K.js                                  29.39 kB │ gzip:   7.76 kB
n8n-editor-ui:build: dist/assets/ExecutionsTime-DNPIq2rx.js                                  29.50 kB │ gzip:   5.92 kB
n8n-editor-ui:build: dist/assets/SecuritySettings-DVoRZ-xl.js                                30.33 kB │ gzip:   4.63 kB
n8n-editor-ui:build: dist/assets/WorkflowExecutionsPreview-D73pzcoC.js                       31.42 kB │ gzip:   6.47 kB
n8n-editor-ui:build: dist/assets/LogsOverviewRow-D5R7mKhA.js                                 31.91 kB │ gzip:   8.47 kB
n8n-editor-ui:build: dist/assets/RunDataTable-IGXeTohi.js                                    32.13 kB │ gzip:   7.73 kB
n8n-editor-ui:build: dist/assets/SettingsInstanceAiView-DcbOV__U.js                          32.59 kB │ gzip:   5.00 kB
n8n-editor-ui:build: dist/assets/SettingsUsersView-wySBFZ5Z.js                               32.69 kB │ gzip:   7.13 kB
n8n-editor-ui:build: dist/assets/ProjectRoleView-Bjjnikwc.js                                 32.79 kB │ gzip:   6.94 kB
n8n-editor-ui:build: dist/assets/useNodeHelpers-BY3-NHzu.js                                  33.17 kB │ gzip:   7.63 kB
n8n-editor-ui:build: dist/assets/MCPOnboardingModal-D1LQxmlZ.js                              33.71 kB │ gzip:   8.48 kB
n8n-editor-ui:build: dist/assets/WorkflowExecutionsView-nqCLxqRm.js                          33.85 kB │ gzip:   7.52 kB
n8n-editor-ui:build: dist/assets/vue-json-pretty-lbUXkTJi.js                                 35.18 kB │ gzip:  10.03 kB
n8n-editor-ui:build: dist/assets/SettingsOpenTelemetryView-CvYzAIfb.js                       35.33 kB │ gzip:   5.55 kB
n8n-editor-ui:build: dist/assets/AppSidebar-DcVhKpxn.js                                      35.56 kB │ gzip:   8.17 kB
n8n-editor-ui:build: dist/assets/AgentEditorModal-DUh4cn4Y.js                                36.20 kB │ gzip:   8.14 kB
n8n-editor-ui:build: dist/assets/usePushConnection-uBAAAxBP.js                               36.40 kB │ gzip:   7.94 kB
n8n-editor-ui:build: dist/assets/WorkflowBuilderUnavailableNotice-CBYxHozE.js                36.60 kB │ gzip:   8.08 kB
n8n-editor-ui:build: dist/assets/xml-G7RRZliW.js                                             38.17 kB │ gzip:   7.98 kB
n8n-editor-ui:build: dist/assets/NodeDetailsViewV2-CQ7jVHlH.js                               38.53 kB │ gzip:   9.22 kB
n8n-editor-ui:build: dist/assets/AgentToolConfigModal-CO1EF2A_.js                            38.78 kB │ gzip:   7.75 kB
n8n-editor-ui:build: dist/assets/TestRunDetailView-Cjxmxnaz.js                               39.26 kB │ gzip:   8.23 kB
n8n-editor-ui:build: dist/assets/readyToRunWorkflows.store-B388Z5ey.js                       40.85 kB │ gzip:  10.36 kB
n8n-editor-ui:build: dist/assets/CalendarDate-DaCb8yxn.js                                    42.02 kB │ gzip:   8.71 kB
n8n-editor-ui:build: dist/assets/NodeDetailsView-DJJXB-7g.js                                 43.25 kB │ gzip:   9.72 kB
n8n-editor-ui:build: dist/assets/AgentToolsModal-CwDIqw_u.js                                 46.43 kB │ gzip:   9.67 kB
n8n-editor-ui:build: dist/assets/ExecutionsView-BIDTdjJG.js                                  46.57 kB │ gzip:   9.56 kB
n8n-editor-ui:build: dist/assets/WorkflowLayout-DgDB7HUq.js                                  46.80 kB │ gzip:  10.46 kB
n8n-editor-ui:build: dist/assets/merge-Bd4bKMHU.js                                           47.34 kB │ gzip:   8.99 kB
n8n-editor-ui:build: dist/assets/TemplatesSearchView-CgjXvuuN.js                             47.37 kB │ gzip:  11.38 kB
n8n-editor-ui:build: dist/assets/chat.store-CPkFDJ8k.js                                      49.93 kB │ gzip:  10.84 kB
n8n-editor-ui:build: dist/assets/canvas.eventBus-BCpopVlI.js                                 50.12 kB │ gzip:  12.15 kB
n8n-editor-ui:build: dist/assets/SettingsMCPView-CyVfRbaR.js                                 51.65 kB │ gzip:   9.92 kB
n8n-editor-ui:build: dist/assets/semver-Cq7QdiQ5.js                                          52.01 kB │ gzip:  10.28 kB
n8n-editor-ui:build: dist/assets/upload-DuDoGhKj.js                                          52.29 kB │ gzip:  12.00 kB
n8n-editor-ui:build: dist/assets/get-B_c23hAM.js                                             55.95 kB │ gzip:  12.74 kB
n8n-editor-ui:build: dist/assets/NodeCredentials-BWcFBpX3.js                                 56.41 kB │ gzip:  14.03 kB
n8n-editor-ui:build: dist/assets/core-CN_JHrHp.js                                            56.70 kB │ gzip:  16.13 kB
n8n-editor-ui:build: dist/assets/core-Dyx5zQy6.js                                            57.59 kB │ gzip:  14.36 kB
n8n-editor-ui:build: dist/assets/ChatView-DBbLF4Jp.js                                        58.98 kB │ gzip:  13.05 kB
n8n-editor-ui:build: dist/assets/RunDataJsonActions-CEEQzc-s.js                              59.49 kB │ gzip:  16.26 kB
n8n-editor-ui:build: dist/assets/TriggerPanel-Crbbensc.js                                    60.00 kB │ gzip:  12.74 kB
n8n-editor-ui:build: dist/assets/EvaluationsView-BtftOMjK.js                                 65.14 kB │ gzip:  15.08 kB
n8n-editor-ui:build: dist/assets/instanceAi.store-DkCXKfTT.js                                65.18 kB │ gzip:  15.48 kB
n8n-editor-ui:build: dist/assets/ChatGreetings-BGofRbYp.js                                   65.77 kB │ gzip:  12.55 kB
n8n-editor-ui:build: dist/assets/users.store-D0gmYFeF.js                                     68.29 kB │ gzip:  17.75 kB
n8n-editor-ui:build: dist/assets/node-icons-CeqYbrOz.js                                      70.46 kB │ gzip:  10.01 kB
n8n-editor-ui:build: dist/assets/_virtual_node-popularity-data-DuKVLcUS.js                   71.58 kB │ gzip:  11.94 kB
n8n-editor-ui:build: dist/assets/FixedCollectionParameter-DI1uZ8rQ.js                        73.83 kB │ gzip:  13.17 kB
n8n-editor-ui:build: dist/assets/settings.store-wbdidm_M.js                                  82.63 kB │ gzip:  16.19 kB
n8n-editor-ui:build: dist/assets/ProjectSettings-CR3JtGlP.js                                 83.83 kB │ gzip:  15.66 kB
n8n-editor-ui:build: dist/assets/WorkflowHistory-COpETWJN.js                                 85.29 kB │ gzip:  17.07 kB
n8n-editor-ui:build: dist/assets/CanvasRunWorkflowButton-DmfshtIa.js                         85.88 kB │ gzip:  22.21 kB
n8n-editor-ui:build: dist/assets/NodeSettings-qTvd876o.js                                    86.53 kB │ gzip:  18.66 kB
n8n-editor-ui:build: dist/assets/vuedraggable-BQ-Z6QI_.js                                    89.16 kB │ gzip:  22.50 kB
n8n-editor-ui:build: dist/assets/MainHeader-BE5nQ03v.js                                      92.74 kB │ gzip:  20.14 kB
n8n-editor-ui:build: dist/assets/VirtualSchema-BHISoWRm.js                                   95.13 kB │ gzip:  24.81 kB
n8n-editor-ui:build: dist/assets/AgentSessionTimelineView-52yhK9Kc.js                        96.02 kB │ gzip:  20.23 kB
n8n-editor-ui:build: dist/assets/empty-BCH9i2kC.js                                          100.54 kB │ gzip:  21.45 kB
n8n-editor-ui:build: dist/assets/builder.store-CQHPX_Zs.js                                  102.85 kB │ gzip:  24.69 kB
n8n-editor-ui:build: dist/assets/NodeCreator-BWByPEAk.js                                    105.40 kB │ gzip:  21.22 kB
n8n-editor-ui:build: dist/assets/SettingsSso-DbSBsIIH.js                                    110.64 kB │ gzip:  20.64 kB
n8n-editor-ui:build: dist/assets/useCanvasOperations-1diLvNNi.js                            126.68 kB │ gzip:  28.90 kB
n8n-editor-ui:build: dist/assets/exports-Cj01kEB2.js                                        135.92 kB │ gzip:  36.48 kB
n8n-editor-ui:build: dist/assets/useWorkflowInitialization-DqbEdR83.js                      136.07 kB │ gzip:  31.04 kB
n8n-editor-ui:build: dist/assets/useRootStore-BlyVCQi5.js                                   143.05 kB │ gzip:  39.78 kB
n8n-editor-ui:build: dist/assets/expressions-GFLrUCSY.js                                    161.59 kB │ gzip:  54.79 kB
n8n-editor-ui:build: dist/assets/router-BkDVOPr1.js                                         162.23 kB │ gzip:  35.53 kB
n8n-editor-ui:build: dist/assets/date-picker-Ljel9Xkx.js                                    164.52 kB │ gzip:  32.57 kB
n8n-editor-ui:build: dist/assets/table-PYJwrjjj.js                                          178.64 kB │ gzip:  40.58 kB
n8n-editor-ui:build: dist/assets/WorkflowDiffView-pzWH-LsM.js                               209.28 kB │ gzip:  53.61 kB
n8n-editor-ui:build: dist/assets/SettingsLdapView-C5J83Hse.js                               230.39 kB │ gzip:  54.12 kB
n8n-editor-ui:build: dist/assets/InstanceAiEmptyView-C_I3yqgi.js                            235.57 kB │ gzip:  65.00 kB
n8n-editor-ui:build: dist/assets/WorkflowsView-Cb2PJ8-J.js                                  235.80 kB │ gzip:  47.99 kB
n8n-editor-ui:build: dist/assets/NodeView-BKSY4RHi.js                                       255.41 kB │ gzip:  52.65 kB
n8n-editor-ui:build: dist/assets/AgentTaskModal-Dbp0NIUz.js                                 280.32 kB │ gzip:  62.84 kB
n8n-editor-ui:build: dist/assets/vue.runtime.esm-bundler-Sv8I0n7h.js                        282.57 kB │ gzip:  71.02 kB
n8n-editor-ui:build: dist/assets/languageModules-CkoY--xp.js                                307.68 kB │ gzip:  84.83 kB
n8n-editor-ui:build: dist/assets/useImportCurlCommand-D3DAeyte.js                           324.66 kB │ gzip:  65.10 kB
n8n-editor-ui:build: dist/assets/RunData-ES5tYW_Z.js                                        335.73 kB │ gzip:  71.28 kB
n8n-editor-ui:build: dist/assets/chart-DlNHVH43.js                                          359.05 kB │ gzip:  89.95 kB
n8n-editor-ui:build: dist/assets/InstanceAiThreadView-Cdv7z0f8.js                           365.38 kB │ gzip:  73.79 kB
n8n-editor-ui:build: dist/assets/sanitize-html-Di0tPLvw.js                                  423.45 kB │ gzip: 107.41 kB
n8n-editor-ui:build: dist/assets/useWorkflowDocumentRenderData-CbJuZAxn.js                  513.50 kB │ gzip: 116.40 kB
n8n-editor-ui:build: dist/assets/AgentBuilderView-DMzBmfO7.js                               584.15 kB │ gzip: 139.26 kB
n8n-editor-ui:build: dist/assets/ChatMarkdownChunk-Qk2p5p5K.js                              620.11 kB │ gzip: 120.23 kB
n8n-editor-ui:build: dist/assets/compact-BcOmWQQq.js                                        660.38 kB │ gzip:  87.48 kB
n8n-editor-ui:build: dist/assets/src-D4lKZq-x.js                                            676.17 kB │ gzip: 149.78 kB
n8n-editor-ui:build: dist/assets/dist-Bl5soI2R.js                                           715.53 kB │ gzip: 189.46 kB
n8n-editor-ui:build: dist/assets/NDVEmptyState-HjO-OtKj.js                                  737.05 kB │ gzip: 185.35 kB
n8n-editor-ui:build: dist/assets/workflows.store-yjZG-IGi.js                                806.17 kB │ gzip: 189.68 kB
n8n-editor-ui:build: dist/assets/es-Dm1ZtqJS.js                                           1,216.40 kB │ gzip: 328.44 kB
n8n-editor-ui:build: dist/assets/ParameterInputList-C8Zr4yEQ.js                           1,243.06 kB │ gzip: 312.04 kB
n8n-editor-ui:build: dist/assets/index-D1P4yS_K.js                                        1,369.61 kB │ gzip: 271.12 kB
n8n-editor-ui:build: dist/assets/DataTableTable-CDX5-zmV.js                               1,608.13 kB │ gzip: 363.28 kB
n8n-editor-ui:build: dist/assets/constants-CZ_I0nuM.js                                    3,183.07 kB │ gzip: 628.86 kB
n8n-editor-ui:build: dist/assets/src-DPA1TwLl.js                                          3,456.39 kB │ gzip: 755.50 kB
n8n-editor-ui:build: 
n8n-editor-ui:build: [33m[EVAL] Warning:[0m Use of direct `eval` function is strongly discouraged as it poses security risks and may cause issues with minification.
n8n-editor-ui:build:       [38;5;246m╭[0m[38;5;246m─[0m[38;5;246m[[0m ../../../node_modules/.pnpm/web-tree-sitter@0.24.3/node_modules/web-tree-sitter/tree-sitter.js:1195:37 [38;5;246m][0m
n8n-editor-ui:build:       [38;5;246m│[0m
n8n-editor-ui:build:  [38;5;246m1195 │[0m [38;5;249m [0m[38;5;249m [0m[38;5;249m [0m[38;5;249m [0m[38;5;249m [0m[38;5;249m [0m[38;5;249m [0m[38;5;249m [0m[38;5;249m [0m[38;5;249m [0m[38;5;249m [0m[38;5;249m [0m[38;5;249m [0m[38;5;249m [0m[38;5;249m [0m[38;5;249m [0m[38;5;249mA[0m[38;5;249mS[0m[38;5;249mM[0m[38;5;249m_[0m[38;5;249mC[0m[38;5;249mO[0m[38;5;249mN[0m[38;5;249mS[0m[38;5;249mT[0m[38;5;249mS[0m[38;5;249m[[0m[38;5;249ms[0m[38;5;249mt[0m[38;5;249ma[0m[38;5;249mr[0m[38;5;249mt[0m[38;5;249m][0m[38;5;249m [0m[38;5;249m=[0m[38;5;249m [0meval[38;5;249m([0m[38;5;249mf[0m[38;5;249mu[0m[38;5;249mn[0m[38;5;249mc[0m[38;5;249m)[0m[38;5;249m;[0m
n8n-editor-ui:build:  [38;5;240m     │[0m                                     ──┬─  
n8n-editor-ui:build:  [38;5;240m     │[0m                                       ╰─── Use of direct `eval` here.
n8n-editor-ui:build:  [38;5;240m     │[0m 
n8n-editor-ui:build:  [38;5;240m     │[0m [38;5;115mHelp[0m: Consider using indirect eval. For more information, check the documentation: https://rolldown.rs/guide/troubleshooting#avoiding-direct-eval
n8n-editor-ui:build: [38;5;246m──────╯[0m
n8n-editor-ui:build: 
n8n-editor-ui:build: [33m[EVAL] Warning:[0m Use of direct `eval` function is strongly discouraged as it poses security risks and may cause issues with minification.
n8n-editor-ui:build:       [38;5;246m╭[0m[38;5;246m─[0m[38;5;246m[[0m ../../../node_modules/.pnpm/web-tree-sitter@0.24.3/node_modules/web-tree-sitter/tree-sitter.js:1221:39 [38;5;246m][0m
n8n-editor-ui:build:       [38;5;246m│[0m
n8n-editor-ui:build:  [38;5;246m1221 │[0m [38;5;249m [0m[38;5;249m [0m[38;5;249m [0m[38;5;249m [0m[38;5;249m [0m[38;5;249m [0m[38;5;249m [0m[38;5;249m [0m[38;5;249m [0m[38;5;249m [0m[38;5;249m [0m[38;5;249m [0m[38;5;249m [0m[38;5;249m [0m[38;5;249m [0m[38;5;249m [0m[38;5;249mm[0m[38;5;249mo[0m[38;5;249md[0m[38;5;249mu[0m[38;5;249ml[0m[38;5;249me[0m[38;5;249mE[0m[38;5;249mx[0m[38;5;249mp[0m[38;5;249mo[0m[38;5;249mr[0m[38;5;249mt[0m[38;5;249ms[0m[38;5;249m[[0m[38;5;249mn[0m[38;5;249ma[0m[38;5;249mm[0m[38;5;249me[0m[38;5;249m][0m[38;5;249m [0m[38;5;249m=[0m[38;5;249m [0meval[38;5;249m([0m[38;5;249mf[0m[38;5;249mu[0m[38;5;249mn[0m[38;5;249mc[0m[38;5;249m)[0m[38;5;249m;[0m
n8n-editor-ui:build:  [38;5;240m     │[0m                                       ──┬─  
n8n-editor-ui:build:  [38;5;240m     │[0m                                         ╰─── Use of direct `eval` here.
n8n-editor-ui:build:  [38;5;240m     │[0m 
n8n-editor-ui:build:  [38;5;240m     │[0m [38;5;115mHelp[0m: Consider using indirect eval. For more information, check the documentation: https://rolldown.rs/guide/troubleshooting#avoiding-direct-eval
n8n-editor-ui:build: [38;5;246m──────╯[0m
n8n-editor-ui:build: 
n8n-editor-ui:build: [33m[INEFFECTIVE_DYNAMIC_IMPORT] Warning:[0m src/features/ndv/parameters/components/Collection/CollectionParameter.vue is dynamically imported by src/features/ndv/parameters/components/ParameterInputList.vue?vue&type=script&setup=true&lang.ts but also statically imported by src/features/ndv/parameters/components/MultipleParameter.vue?vue&type=script&setup=true&lang.ts, dynamic import will not move module into another chunk.
n8n-editor-ui:build: 
n8n-editor-ui:build: ✓ built in 5.58s

 Tasks:    27 successful, 27 total
Cached:    0 cached, 27 total
  Time:    27.219s 

