[WARN] The "pnpm" field in package.json is no longer read by pnpm. The following keys were ignored: "pnpm.onlyBuiltDependencies", "pnpm.overrides", "pnpm.patchedDependencies". See https://pnpm.io/settings for the new home of each setting.

> n8n-monorepo@2.26.0 build:docker /Users/baivab/Workspace/Personal/n8n_forked/n8n
> node scripts/build-n8n.mjs && node scripts/dockerize-n8n.mjs


===== n8n Build & Production Preparation =====
INFO: Output Directory: /Users/baivab/Workspace/Personal/n8n_forked/n8n/compiled
-----------------------------------------------
INFO: Cleaning previous output directory: /Users/baivab/Workspace/Personal/n8n_forked/n8n/compiled...
INFO: Cleaning previous task runner output directory: /Users/baivab/Workspace/Personal/n8n_forked/n8n/dist/task-runner-javascript...
-----------------------------------------------
INFO: Starting local application pre-build...
INFO: Running pnpm install and build...
$ cd /Users/baivab/Workspace/Personal/n8n_forked/n8n && pnpm install --frozen-lockfile
(node:78657) Warning: The 'NO_COLOR' env is ignored due to the 'FORCE_COLOR' env being set.
(Use `node --trace-warnings ...` to show where the warning was created)
packages/@n8n/tournament                 | [43m[30m WARN [39m[49m The field "pnpm.overrides" was found in /Users/baivab/Workspace/Personal/n8n_forked/n8n/packages/@n8n/tournament/package.json. This will not take effect. You should configure "pnpm.overrides" at the root of the workspace instead.
(node:78657) Warning: The 'NO_COLOR' env is ignored due to the 'FORCE_COLOR' env being set.
(Use `node --trace-warnings ...` to show where the warning was created)
$ cd /Users/baivab/Workspace/Personal/n8n_forked/n8n && pnpm build --summarize
(node:78711) Warning: The 'NO_COLOR' env is ignored due to the 'FORCE_COLOR' env being set.
(Use `node --trace-warnings ...` to show where the warning was created)
packages/@n8n/tournament                 | [43m[30m WARN [39m[49m The field "pnpm.overrides" was found in /Users/baivab/Workspace/Personal/n8n_forked/n8n/packages/@n8n/tournament/package.json. This will not take effect. You should configure "pnpm.overrides" at the root of the workspace instead.

> n8n-monorepo@2.26.0 build /Users/baivab/Workspace/Personal/n8n_forked/n8n
> turbo run build --summarize

• turbo 2.9.15

   • Packages in scope: @n8n/agents, @n8n/ai-node-sdk, @n8n/ai-utilities, @n8n/ai-workflow-builder, @n8n/api-types, @n8n/backend-common, @n8n/backend-network, @n8n/backend-test-utils, @n8n/chat, @n8n/chat-hub, @n8n/cli, @n8n/client-oauth2, @n8n/code-health, @n8n/codemirror-lang, @n8n/codemirror-lang-html, @n8n/codemirror-lang-sql, @n8n/composables, @n8n/computer-use, @n8n/config, @n8n/constants, @n8n/crdt, @n8n/create-node, @n8n/db, @n8n/decorators, @n8n/design-system, @n8n/di, @n8n/engine, @n8n/errors, @n8n/eslint-config, @n8n/eslint-plugin-community-nodes, @n8n/expression-runtime, @n8n/extension-sdk, @n8n/i18n, @n8n/imap, @n8n/instance-ai, @n8n/json-schema-to-zod, @n8n/local-gateway, @n8n/mcp-apps, @n8n/mcp-browser, @n8n/mcp-browser-extension, @n8n/n8n-benchmark, @n8n/n8n-extension-insights, @n8n/n8n-nodes-langchain, @n8n/node-cli, @n8n/performance, @n8n/permissions, @n8n/playwright-janitor, @n8n/rest-api-client, @n8n/rules-engine, @n8n/scan-community-package, @n8n/stores, @n8n/storybook, @n8n/stylelint-config, @n8n/syslog-client, @n8n/task-runner, @n8n/test-impact, @n8n/tournament, @n8n/typescript-config, @n8n/utils, @n8n/vitest-config, @n8n/workflow-sdk, n8n, n8n-containers, n8n-core, n8n-editor-ui, n8n-node-dev, n8n-nodes-base, n8n-playwright, n8n-workflow
   • Running build in 69 packages
   • Remote caching disabled

[32m@n8n/n8n-benchmark:build: [0mcache miss, executing [2mc641daa30593bb9c[0m
[36m@n8n/constants:build: [0mcache miss, executing [2mf2d4be9c922aab59[0m
[35m@n8n/vitest-config:build: [0mcache miss, executing [2ma21de0d918807a27[0m
[34m@n8n/errors:build: [0mcache miss, executing [2m5825258512f8b8cd[0m
[36m@n8n/test-impact:build: [0mcache miss, executing [2mcc1c6fe8cadd6404[0m
[33m@n8n/extension-sdk:build: [0mcache miss, executing [2m7d434c31e0ae63b5[0m
[35m@n8n/vitest-config:build: [0m(node:78750) Warning: The 'NO_COLOR' env is ignored due to the 'FORCE_COLOR' env being set.
[35m@n8n/vitest-config:build: [0m(Use `node --trace-warnings ...` to show where the warning was created)
[32m@n8n/n8n-benchmark:build: [0m(node:78754) Warning: The 'NO_COLOR' env is ignored due to the 'FORCE_COLOR' env being set.
[32m@n8n/n8n-benchmark:build: [0m(Use `node --trace-warnings ...` to show where the warning was created)
[36m@n8n/test-impact:build: [0m(node:78753) Warning: The 'NO_COLOR' env is ignored due to the 'FORCE_COLOR' env being set.
[36m@n8n/test-impact:build: [0m(Use `node --trace-warnings ...` to show where the warning was created)
[33m@n8n/extension-sdk:build: [0m(node:78755) Warning: The 'NO_COLOR' env is ignored due to the 'FORCE_COLOR' env being set.
[33m@n8n/extension-sdk:build: [0m(Use `node --trace-warnings ...` to show where the warning was created)
[36m@n8n/constants:build: [0m(node:78751) Warning: The 'NO_COLOR' env is ignored due to the 'FORCE_COLOR' env being set.
[36m@n8n/constants:build: [0m(Use `node --trace-warnings ...` to show where the warning was created)
[34m@n8n/errors:build: [0m(node:78752) Warning: The 'NO_COLOR' env is ignored due to the 'FORCE_COLOR' env being set.
[34m@n8n/errors:build: [0m(Use `node --trace-warnings ...` to show where the warning was created)
[35m@n8n/vitest-config:build: [0m
[35m@n8n/vitest-config:build: [0m> @n8n/vitest-config@1.14.0 build /Users/baivab/Workspace/Personal/n8n_forked/n8n/packages/@n8n/vitest-config
[35m@n8n/vitest-config:build: [0m> tsc -p tsconfig.build.json
[35m@n8n/vitest-config:build: [0m
[36m@n8n/test-impact:build: [0m
[36m@n8n/test-impact:build: [0m> @n8n/test-impact@0.1.0 build /Users/baivab/Workspace/Personal/n8n_forked/n8n/packages/testing/test-impact
[36m@n8n/test-impact:build: [0m> tsc
[36m@n8n/test-impact:build: [0m
[32m@n8n/n8n-benchmark:build: [0m
[32m@n8n/n8n-benchmark:build: [0m> @n8n/n8n-benchmark@2.11.0 build /Users/baivab/Workspace/Personal/n8n_forked/n8n/packages/@n8n/benchmark
[32m@n8n/n8n-benchmark:build: [0m> tsc -p tsconfig.build.json && tsc-alias -p tsconfig.build.json
[32m@n8n/n8n-benchmark:build: [0m
[33m@n8n/extension-sdk:build: [0m
[33m@n8n/extension-sdk:build: [0m> @n8n/extension-sdk@0.11.0 build /Users/baivab/Workspace/Personal/n8n_forked/n8n/packages/@n8n/extension-sdk
[33m@n8n/extension-sdk:build: [0m> pnpm "/^typecheck:.+/" && pnpm clean && tsdown && pnpm create-json-schema
[33m@n8n/extension-sdk:build: [0m
[36m@n8n/constants:build: [0m
[36m@n8n/constants:build: [0m> @n8n/constants@0.26.0 build /Users/baivab/Workspace/Personal/n8n_forked/n8n/packages/@n8n/constants
[36m@n8n/constants:build: [0m> tsc -p tsconfig.build.json
[36m@n8n/constants:build: [0m
[34m@n8n/errors:build: [0m
[34m@n8n/errors:build: [0m> @n8n/errors@0.9.0 build /Users/baivab/Workspace/Personal/n8n_forked/n8n/packages/@n8n/errors
[34m@n8n/errors:build: [0m> tsc -p tsconfig.build.json
[34m@n8n/errors:build: [0m
[33m@n8n/extension-sdk:build: [0m(node:78869) Warning: The 'NO_COLOR' env is ignored due to the 'FORCE_COLOR' env being set.
[33m@n8n/extension-sdk:build: [0m(Use `node --trace-warnings ...` to show where the warning was created)
[33m@n8n/extension-sdk:build: [0m../tournament                            | [43m[30m WARN [39m[49m The field "pnpm.overrides" was found in /Users/baivab/Workspace/Personal/n8n_forked/n8n/packages/@n8n/tournament/package.json. This will not take effect. You should configure "pnpm.overrides" at the root of the workspace instead.
[35m@n8n/permissions:build: [0mcache miss, executing [2mf32e544a19e01c60[0m
[32m@n8n/crdt:build: [0mcache miss, executing [2m9b32e81b7553e96c[0m
[33m@n8n/rules-engine:build: [0mcache miss, executing [2me8aabd0363adcc16[0m
[34m@n8n/tournament:build: [0mcache miss, executing [2m71d2135e627980e4[0m
[36m@n8n/json-schema-to-zod:build: [0mcache miss, executing [2mecae437f232fab5d[0m
[35m@n8n/client-oauth2:build: [0mcache miss, executing [2m54c7b11596343732[0m
[32m@n8n/imap:build: [0mcache miss, executing [2md19ec3dc151f2c3a[0m
[33m@n8n/di:build: [0mcache miss, executing [2m1a7b6f8b8b819955[0m
[32m@n8n/crdt:build: [0m(node:78966) Warning: The 'NO_COLOR' env is ignored due to the 'FORCE_COLOR' env being set.
[32m@n8n/crdt:build: [0m(Use `node --trace-warnings ...` to show where the warning was created)
[32m@n8n/crdt:build: [0m
[32m@n8n/crdt:build: [0m> @n8n/crdt@0.6.0 build /Users/baivab/Workspace/Personal/n8n_forked/n8n/packages/@n8n/crdt
[32m@n8n/crdt:build: [0m> tsc -p tsconfig.build.json
[32m@n8n/crdt:build: [0m
[36m@n8n/json-schema-to-zod:build: [0m(node:78969) Warning: The 'NO_COLOR' env is ignored due to the 'FORCE_COLOR' env being set.
[36m@n8n/json-schema-to-zod:build: [0m(Use `node --trace-warnings ...` to show where the warning was created)
[33m@n8n/di:build: [0m(node:78972) Warning: The 'NO_COLOR' env is ignored due to the 'FORCE_COLOR' env being set.
[33m@n8n/di:build: [0m(Use `node --trace-warnings ...` to show where the warning was created)
[35m@n8n/permissions:build: [0m(node:78965) Warning: The 'NO_COLOR' env is ignored due to the 'FORCE_COLOR' env being set.
[35m@n8n/permissions:build: [0m(Use `node --trace-warnings ...` to show where the warning was created)
[35m@n8n/client-oauth2:build: [0m(node:78970) Warning: The 'NO_COLOR' env is ignored due to the 'FORCE_COLOR' env being set.
[35m@n8n/client-oauth2:build: [0m(Use `node --trace-warnings ...` to show where the warning was created)
[34m@n8n/tournament:build: [0m(node:78968) Warning: The 'NO_COLOR' env is ignored due to the 'FORCE_COLOR' env being set.
[34m@n8n/tournament:build: [0m(Use `node --trace-warnings ...` to show where the warning was created)
[36m@n8n/json-schema-to-zod:build: [0m
[36m@n8n/json-schema-to-zod:build: [0m> @n8n/json-schema-to-zod@1.10.0 build /Users/baivab/Workspace/Personal/n8n_forked/n8n/packages/@n8n/json-schema-to-zod
[36m@n8n/json-schema-to-zod:build: [0m> rimraf ./dist && pnpm run build:types && pnpm run build:cjs && pnpm run build:esm
[36m@n8n/json-schema-to-zod:build: [0m
[35m@n8n/permissions:build: [0m
[35m@n8n/permissions:build: [0m> @n8n/permissions@0.63.0 build /Users/baivab/Workspace/Personal/n8n_forked/n8n/packages/@n8n/permissions
[35m@n8n/permissions:build: [0m> tsc -p tsconfig.build.json
[35m@n8n/permissions:build: [0m
[33m@n8n/rules-engine:build: [0m(node:78967) Warning: The 'NO_COLOR' env is ignored due to the 'FORCE_COLOR' env being set.
[33m@n8n/rules-engine:build: [0m(Use `node --trace-warnings ...` to show where the warning was created)
[33m@n8n/di:build: [0m
[33m@n8n/di:build: [0m> @n8n/di@0.13.0 build /Users/baivab/Workspace/Personal/n8n_forked/n8n/packages/@n8n/di
[33m@n8n/di:build: [0m> tsc -p tsconfig.build.json
[33m@n8n/di:build: [0m
[32m@n8n/imap:build: [0m(node:78971) Warning: The 'NO_COLOR' env is ignored due to the 'FORCE_COLOR' env being set.
[32m@n8n/imap:build: [0m(Use `node --trace-warnings ...` to show where the warning was created)
[34m@n8n/tournament:build: [0m
[34m@n8n/tournament:build: [0m> @n8n/tournament@1.3.0 build /Users/baivab/Workspace/Personal/n8n_forked/n8n/packages/@n8n/tournament
[34m@n8n/tournament:build: [0m> tsc -p ./tsconfig.build.json
[34m@n8n/tournament:build: [0m
[35m@n8n/client-oauth2:build: [0m
[35m@n8n/client-oauth2:build: [0m> @n8n/client-oauth2@1.8.0 build /Users/baivab/Workspace/Personal/n8n_forked/n8n/packages/@n8n/client-oauth2
[35m@n8n/client-oauth2:build: [0m> tsc -p tsconfig.build.json
[35m@n8n/client-oauth2:build: [0m
[33m@n8n/rules-engine:build: [0m
[33m@n8n/rules-engine:build: [0m> @n8n/rules-engine@0.1.0 build /Users/baivab/Workspace/Personal/n8n_forked/n8n/packages/testing/rules-engine
[33m@n8n/rules-engine:build: [0m> tsc -p tsconfig.build.json
[33m@n8n/rules-engine:build: [0m
[32m@n8n/imap:build: [0m
[32m@n8n/imap:build: [0m> @n8n/imap@0.21.0 build /Users/baivab/Workspace/Personal/n8n_forked/n8n/packages/@n8n/imap
[32m@n8n/imap:build: [0m> tsc -p tsconfig.build.json
[32m@n8n/imap:build: [0m
[34m@n8n/syslog-client:build: [0mcache miss, executing [2m4af919cffb084cdb[0m
[33m@n8n/extension-sdk:build: [0m(node:79045) Warning: The 'NO_COLOR' env is ignored due to the 'FORCE_COLOR' env being set.
[33m@n8n/extension-sdk:build: [0m(Use `node --trace-warnings ...` to show where the warning was created)
[33m@n8n/extension-sdk:build: [0m../tournament                            | [43m[30m WARN [39m[49m The field "pnpm.overrides" was found in /Users/baivab/Workspace/Personal/n8n_forked/n8n/packages/@n8n/tournament/package.json. This will not take effect. You should configure "pnpm.overrides" at the root of the workspace instead.
[33m@n8n/extension-sdk:build: [0m
[33m@n8n/extension-sdk:build: [0m> @n8n/extension-sdk@0.11.0 clean /Users/baivab/Workspace/Personal/n8n_forked/n8n/packages/@n8n/extension-sdk
[33m@n8n/extension-sdk:build: [0m> rimraf dist
[33m@n8n/extension-sdk:build: [0m
[34m@n8n/syslog-client:build: [0m(node:79178) Warning: The 'NO_COLOR' env is ignored due to the 'FORCE_COLOR' env being set.
[34m@n8n/syslog-client:build: [0m(Use `node --trace-warnings ...` to show where the warning was created)
[34m@n8n/syslog-client:build: [0m
[34m@n8n/syslog-client:build: [0m> @n8n/syslog-client@1.5.0 build /Users/baivab/Workspace/Personal/n8n_forked/n8n/packages/@n8n/syslog-client
[34m@n8n/syslog-client:build: [0m> tsc -p tsconfig.build.json
[34m@n8n/syslog-client:build: [0m
[36m@n8n/cli:build: [0mcache miss, executing [2mab2650851d6bed11[0m
[35m@n8n/mcp-browser:build: [0mcache miss, executing [2m841fe26f1a94042e[0m
[32m@n8n/eslint-config:build: [0mcache miss, executing [2m712abebeb364a862[0m
[33m@n8n/codemirror-lang:build: [0mcache miss, executing [2m07c5d832724a2878[0m
[36m@n8n/json-schema-to-zod:build: [0m(node:79208) Warning: The 'NO_COLOR' env is ignored due to the 'FORCE_COLOR' env being set.
[36m@n8n/json-schema-to-zod:build: [0m(Use `node --trace-warnings ...` to show where the warning was created)
[33m@n8n/extension-sdk:build: [0m(node:79207) Warning: The 'NO_COLOR' env is ignored due to the 'FORCE_COLOR' env being set.
[33m@n8n/extension-sdk:build: [0m(Use `node --trace-warnings ...` to show where the warning was created)
[34m@n8n/stylelint-config:build: [0mcache miss, executing [2m34558a6a00176381[0m
[36m@n8n/json-schema-to-zod:build: [0m../tournament                            | [43m[30m WARN [39m[49m The field "pnpm.overrides" was found in /Users/baivab/Workspace/Personal/n8n_forked/n8n/packages/@n8n/tournament/package.json. This will not take effect. You should configure "pnpm.overrides" at the root of the workspace instead.
[36m@n8n/json-schema-to-zod:build: [0m
[36m@n8n/json-schema-to-zod:build: [0m> @n8n/json-schema-to-zod@1.10.0 build:types /Users/baivab/Workspace/Personal/n8n_forked/n8n/packages/@n8n/json-schema-to-zod
[36m@n8n/json-schema-to-zod:build: [0m> tsc -p tsconfig.types.json
[36m@n8n/json-schema-to-zod:build: [0m
[36m@n8n/cli:build: [0m(node:79245) Warning: The 'NO_COLOR' env is ignored due to the 'FORCE_COLOR' env being set.
[36m@n8n/cli:build: [0m(Use `node --trace-warnings ...` to show where the warning was created)
[32m@n8n/eslint-config:build: [0m(node:79257) Warning: The 'NO_COLOR' env is ignored due to the 'FORCE_COLOR' env being set.
[32m@n8n/eslint-config:build: [0m(Use `node --trace-warnings ...` to show where the warning was created)
[32m@n8n/eslint-config:build: [0m
[32m@n8n/eslint-config:build: [0m> @n8n/eslint-config@0.0.1 build /Users/baivab/Workspace/Personal/n8n_forked/n8n/packages/@n8n/eslint-config
[32m@n8n/eslint-config:build: [0m> tsc
[32m@n8n/eslint-config:build: [0m
[35m@n8n/mcp-browser:build: [0m(node:79251) Warning: The 'NO_COLOR' env is ignored due to the 'FORCE_COLOR' env being set.
[35m@n8n/mcp-browser:build: [0m(Use `node --trace-warnings ...` to show where the warning was created)
[36m@n8n/cli:build: [0m
[36m@n8n/cli:build: [0m> @n8n/cli@0.7.0 build /Users/baivab/Workspace/Personal/n8n_forked/n8n/packages/@n8n/cli
[36m@n8n/cli:build: [0m> tsc -p tsconfig.build.json
[36m@n8n/cli:build: [0m
[35m@n8n/mcp-browser:build: [0m
[35m@n8n/mcp-browser:build: [0m> @n8n/mcp-browser@0.9.0 build /Users/baivab/Workspace/Personal/n8n_forked/n8n/packages/@n8n/mcp-browser
[35m@n8n/mcp-browser:build: [0m> tsc -p tsconfig.build.json
[35m@n8n/mcp-browser:build: [0m
[33m@n8n/codemirror-lang:build: [0m(node:79263) Warning: The 'NO_COLOR' env is ignored due to the 'FORCE_COLOR' env being set.
[33m@n8n/codemirror-lang:build: [0m(Use `node --trace-warnings ...` to show where the warning was created)
[33m@n8n/codemirror-lang:build: [0m
[33m@n8n/codemirror-lang:build: [0m> @n8n/codemirror-lang@0.7.0 build /Users/baivab/Workspace/Personal/n8n_forked/n8n/packages/@n8n/codemirror-lang
[33m@n8n/codemirror-lang:build: [0m> tsc -p tsconfig.build.json
[33m@n8n/codemirror-lang:build: [0m
[34m@n8n/stylelint-config:build: [0m(node:79274) Warning: The 'NO_COLOR' env is ignored due to the 'FORCE_COLOR' env being set.
[34m@n8n/stylelint-config:build: [0m(Use `node --trace-warnings ...` to show where the warning was created)
[34m@n8n/stylelint-config:build: [0m
[34m@n8n/stylelint-config:build: [0m> @n8n/stylelint-config@0.0.1 build /Users/baivab/Workspace/Personal/n8n_forked/n8n/packages/@n8n/stylelint-config
[34m@n8n/stylelint-config:build: [0m> tsc
[34m@n8n/stylelint-config:build: [0m
[36m@n8n/codemirror-lang-html:build: [0mcache miss, executing [2m85631c771b8676f3[0m
[33m@n8n/extension-sdk:build: [0m(node:79280) Warning: The 'NO_COLOR' env is ignored due to the 'FORCE_COLOR' env being set.
[33m@n8n/extension-sdk:build: [0m(Use `node --trace-warnings ...` to show where the warning was created)
[35m@n8n/config:build: [0mcache miss, executing [2mbfca1522d7e4652b[0m
[33m@n8n/extension-sdk:build: [0mℹ tsdown v0.16.5 powered by rolldown v1.0.0-beta.50
[33m@n8n/extension-sdk:build: [0mℹ Using tsdown config: /Users/baivab/Workspace/Personal/n8n_forked/n8n/packages/@n8n/extension-sdk/tsdown.config.ts
[33m@n8n/extension-sdk:build: [0mℹ entry: src/index.ts, src/schema.ts
[33m@n8n/extension-sdk:build: [0mℹ entry: src/backend/define.ts, src/backend/index.ts, src/backend/types.ts
[33m@n8n/extension-sdk:build: [0mℹ entry: src/frontend/define.ts, src/frontend/index.ts, src/frontend/types.ts
[33m@n8n/extension-sdk:build: [0mℹ tsconfig: tsconfig.common.json
[33m@n8n/extension-sdk:build: [0mℹ tsconfig: tsconfig.backend.json
[33m@n8n/extension-sdk:build: [0mℹ tsconfig: tsconfig.frontend.json
[33m@n8n/extension-sdk:build: [0mℹ Build start
[32m@n8n/expression-runtime:build: [0mcache miss, executing [2m4d69ac3f47a46a45[0m
[35m@n8n/config:build: [0m(node:79411) Warning: The 'NO_COLOR' env is ignored due to the 'FORCE_COLOR' env being set.
[35m@n8n/config:build: [0m(Use `node --trace-warnings ...` to show where the warning was created)
[36m@n8n/codemirror-lang-html:build: [0m(node:79405) Warning: The 'NO_COLOR' env is ignored due to the 'FORCE_COLOR' env being set.
[36m@n8n/codemirror-lang-html:build: [0m(Use `node --trace-warnings ...` to show where the warning was created)
[36m@n8n/codemirror-lang-html:build: [0m
[36m@n8n/codemirror-lang-html:build: [0m> @n8n/codemirror-lang-html@1.4.0 build /Users/baivab/Workspace/Personal/n8n_forked/n8n/packages/@n8n/codemirror-lang-html
[36m@n8n/codemirror-lang-html:build: [0m> cm-buildhelper src/html.ts
[36m@n8n/codemirror-lang-html:build: [0m
[35m@n8n/config:build: [0m
[35m@n8n/config:build: [0m> @n8n/config@2.24.0 build /Users/baivab/Workspace/Personal/n8n_forked/n8n/packages/@n8n/config
[35m@n8n/config:build: [0m> tsc -p tsconfig.build.json
[35m@n8n/config:build: [0m
[32m@n8n/expression-runtime:build: [0m(node:79427) Warning: The 'NO_COLOR' env is ignored due to the 'FORCE_COLOR' env being set.
[32m@n8n/expression-runtime:build: [0m(Use `node --trace-warnings ...` to show where the warning was created)
[32m@n8n/expression-runtime:build: [0m
[32m@n8n/expression-runtime:build: [0m> @n8n/expression-runtime@0.17.0 build /Users/baivab/Workspace/Personal/n8n_forked/n8n/packages/@n8n/expression-runtime
[32m@n8n/expression-runtime:build: [0m> tsc --build tsconfig.build.esm.json tsconfig.build.cjs.json && pnpm build:runtime
[32m@n8n/expression-runtime:build: [0m
[33m@n8n/code-health:build: [0mcache miss, executing [2m0fb5a17ef664c85b[0m
[34m@n8n/playwright-janitor:build: [0mcache miss, executing [2md24670ec8a37cb10[0m
[33m@n8n/code-health:build: [0m(node:79487) Warning: The 'NO_COLOR' env is ignored due to the 'FORCE_COLOR' env being set.
[33m@n8n/code-health:build: [0m(Use `node --trace-warnings ...` to show where the warning was created)
[33m@n8n/code-health:build: [0m
[33m@n8n/code-health:build: [0m> @n8n/code-health@0.1.0 build /Users/baivab/Workspace/Personal/n8n_forked/n8n/packages/testing/code-health
[33m@n8n/code-health:build: [0m> tsc -p tsconfig.build.json
[33m@n8n/code-health:build: [0m
[34m@n8n/playwright-janitor:build: [0m(node:79493) Warning: The 'NO_COLOR' env is ignored due to the 'FORCE_COLOR' env being set.
[34m@n8n/playwright-janitor:build: [0m(Use `node --trace-warnings ...` to show where the warning was created)
[34m@n8n/playwright-janitor:build: [0m
[34m@n8n/playwright-janitor:build: [0m> @n8n/playwright-janitor@0.1.0 build /Users/baivab/Workspace/Personal/n8n_forked/n8n/packages/testing/janitor
[34m@n8n/playwright-janitor:build: [0m> tsc
[34m@n8n/playwright-janitor:build: [0m
[36m@n8n/codemirror-lang-sql:build: [0mcache miss, executing [2mce703adcd6fe66c9[0m
[32m@n8n/expression-runtime:build: [0m(node:79512) Warning: The 'NO_COLOR' env is ignored due to the 'FORCE_COLOR' env being set.
[32m@n8n/expression-runtime:build: [0m(Use `node --trace-warnings ...` to show where the warning was created)
[35m@n8n/computer-use:build: [0mcache miss, executing [2mb9d4c627c98b125a[0m
[32m@n8n/expression-runtime:build: [0m../tournament                            | [43m[30m WARN [39m[49m The field "pnpm.overrides" was found in /Users/baivab/Workspace/Personal/n8n_forked/n8n/packages/@n8n/tournament/package.json. This will not take effect. You should configure "pnpm.overrides" at the root of the workspace instead.
[32m@n8n/expression-runtime:build: [0m
[32m@n8n/expression-runtime:build: [0m> @n8n/expression-runtime@0.17.0 build:runtime /Users/baivab/Workspace/Personal/n8n_forked/n8n/packages/@n8n/expression-runtime
[32m@n8n/expression-runtime:build: [0m> node esbuild.config.js
[32m@n8n/expression-runtime:build: [0m
[36m@n8n/codemirror-lang-sql:build: [0m(node:79556) Warning: The 'NO_COLOR' env is ignored due to the 'FORCE_COLOR' env being set.
[36m@n8n/codemirror-lang-sql:build: [0m(Use `node --trace-warnings ...` to show where the warning was created)
[36m@n8n/codemirror-lang-sql:build: [0m
[36m@n8n/codemirror-lang-sql:build: [0m> @n8n/codemirror-lang-sql@1.8.0 build /Users/baivab/Workspace/Personal/n8n_forked/n8n/packages/@n8n/codemirror-lang-sql
[36m@n8n/codemirror-lang-sql:build: [0m> tsc -p tsconfig.build.json
[36m@n8n/codemirror-lang-sql:build: [0m
[32m@n8n/utils:build: [0mcache miss, executing [2md02b8723cca63c9d[0m
[36m@n8n/json-schema-to-zod:build: [0m(node:79571) Warning: The 'NO_COLOR' env is ignored due to the 'FORCE_COLOR' env being set.
[36m@n8n/json-schema-to-zod:build: [0m(Use `node --trace-warnings ...` to show where the warning was created)
[32m@n8n/expression-runtime:build: [0m✅ Runtime bundles created successfully
[33m@n8n/engine:build: [0mcache miss, executing [2mb3e5d6858434791e[0m
[36m@n8n/json-schema-to-zod:build: [0m../tournament                            | [43m[30m WARN [39m[49m The field "pnpm.overrides" was found in /Users/baivab/Workspace/Personal/n8n_forked/n8n/packages/@n8n/tournament/package.json. This will not take effect. You should configure "pnpm.overrides" at the root of the workspace instead.
[36m@n8n/json-schema-to-zod:build: [0m
[36m@n8n/json-schema-to-zod:build: [0m> @n8n/json-schema-to-zod@1.10.0 build:cjs /Users/baivab/Workspace/Personal/n8n_forked/n8n/packages/@n8n/json-schema-to-zod
[36m@n8n/json-schema-to-zod:build: [0m> tsc -p tsconfig.cjs.json && node postcjs.cjs
[36m@n8n/json-schema-to-zod:build: [0m
[35m@n8n/computer-use:build: [0m(node:79577) Warning: The 'NO_COLOR' env is ignored due to the 'FORCE_COLOR' env being set.
[35m@n8n/computer-use:build: [0m(Use `node --trace-warnings ...` to show where the warning was created)
[35m@n8n/computer-use:build: [0m
[35m@n8n/computer-use:build: [0m> @n8n/computer-use@0.10.0 build /Users/baivab/Workspace/Personal/n8n_forked/n8n/packages/@n8n/computer-use
[35m@n8n/computer-use:build: [0m> tsc -p tsconfig.build.json
[35m@n8n/computer-use:build: [0m
[32m@n8n/utils:build: [0m(node:79620) Warning: The 'NO_COLOR' env is ignored due to the 'FORCE_COLOR' env being set.
[32m@n8n/utils:build: [0m(Use `node --trace-warnings ...` to show where the warning was created)
[32m@n8n/utils:build: [0m
[32m@n8n/utils:build: [0m> @n8n/utils@1.34.0 build /Users/baivab/Workspace/Personal/n8n_forked/n8n/packages/@n8n/utils
[32m@n8n/utils:build: [0m> tsdown
[32m@n8n/utils:build: [0m
[33m@n8n/engine:build: [0m(node:79633) Warning: The 'NO_COLOR' env is ignored due to the 'FORCE_COLOR' env being set.
[33m@n8n/engine:build: [0m(Use `node --trace-warnings ...` to show where the warning was created)
[33m@n8n/engine:build: [0m
[33m@n8n/engine:build: [0m> @n8n/engine@0.6.0 build /Users/baivab/Workspace/Personal/n8n_forked/n8n/packages/@n8n/engine
[33m@n8n/engine:build: [0m> tsc -p tsconfig.build.json
[33m@n8n/engine:build: [0m
[32m@n8n/utils:build: [0m(node:79707) Warning: The 'NO_COLOR' env is ignored due to the 'FORCE_COLOR' env being set.
[32m@n8n/utils:build: [0m(Use `node --trace-warnings ...` to show where the warning was created)
[32m@n8n/utils:build: [0mℹ tsdown v0.16.5 powered by rolldown v1.0.0-beta.50
[32m@n8n/utils:build: [0mℹ Using tsdown config: /Users/baivab/Workspace/Personal/n8n_forked/n8n/packages/@n8n/utils/tsdown.config.ts
[32m@n8n/utils:build: [0mℹ entry: src/assert.ts, src/event-bus.ts, src/event-queue.ts, src/index.ts, src/jwt.ts, src/placeholder.ts, src/retry.ts, src/scrub-secrets.ts, src/types.ts, src/workflowId.ts, src/files/path.ts, src/files/sanitize.ts, src/number/smartDecimal.ts, src/search/reRankSearchResults.ts, src/search/sublimeSearch.ts, src/sort/sortByProperty.ts, src/string/truncate.ts
[32m@n8n/utils:build: [0mℹ tsconfig: tsconfig.json
[32m@n8n/utils:build: [0mℹ Build start
[32m@n8n/utils:build: [0mℹ Cleaning 165 files
[34mn8n-workflow:build: [0mcache miss, executing [2mc2b9c2b564580d8b[0m
[36m@n8n/composables:build: [0mcache miss, executing [2m2ecd990fec0ec043[0m
[33m@n8n/extension-sdk:build: [0mℹ [CJS] dist/index.cjs        0.12 kB │ gzip: 0.09 kB
[33m@n8n/extension-sdk:build: [0mℹ [CJS] dist/schema.cjs       0.12 kB │ gzip: 0.09 kB
[33m@n8n/extension-sdk:build: [0mℹ [CJS] dist/schema2.cjs.map  2.62 kB │ gzip: 0.86 kB
[33m@n8n/extension-sdk:build: [0mℹ [CJS] dist/schema2.cjs      0.90 kB │ gzip: 0.39 kB
[33m@n8n/extension-sdk:build: [0mℹ [CJS] 4 files, total: 3.76 kB
[33m@n8n/extension-sdk:build: [0mℹ [CJS] dist/frontend/define.cjs       0.12 kB │ gzip: 0.09 kB
[33m@n8n/extension-sdk:build: [0mℹ [CJS] dist/frontend/index.cjs        0.12 kB │ gzip: 0.09 kB
[33m@n8n/extension-sdk:build: [0mℹ [CJS] dist/frontend/types.cjs        0.00 kB │ gzip: 0.02 kB
[33m@n8n/extension-sdk:build: [0mℹ [CJS] dist/frontend/define2.cjs.map  0.33 kB │ gzip: 0.23 kB
[33m@n8n/extension-sdk:build: [0mℹ [CJS] dist/frontend/define2.cjs      0.30 kB │ gzip: 0.20 kB
[33m@n8n/extension-sdk:build: [0mℹ [CJS] 5 files, total: 0.87 kB
[33m@n8n/extension-sdk:build: [0mℹ [CJS] dist/backend/define.cjs       0.12 kB │ gzip: 0.09 kB
[33m@n8n/extension-sdk:build: [0mℹ [CJS] dist/backend/index.cjs        0.12 kB │ gzip: 0.09 kB
[33m@n8n/extension-sdk:build: [0mℹ [CJS] dist/backend/types.cjs        0.00 kB │ gzip: 0.02 kB
[33m@n8n/extension-sdk:build: [0mℹ [CJS] dist/backend/define2.cjs.map  0.33 kB │ gzip: 0.23 kB
[33m@n8n/extension-sdk:build: [0mℹ [CJS] dist/backend/define2.cjs      0.29 kB │ gzip: 0.20 kB
[33m@n8n/extension-sdk:build: [0mℹ [CJS] 5 files, total: 0.86 kB
[36m@n8n/composables:build: [0m(node:79731) Warning: The 'NO_COLOR' env is ignored due to the 'FORCE_COLOR' env being set.
[36m@n8n/composables:build: [0m(Use `node --trace-warnings ...` to show where the warning was created)
[33m@n8n/extension-sdk:build: [0mℹ [ESM] dist/index.mjs        0.10 kB │ gzip: 0.09 kB
[33m@n8n/extension-sdk:build: [0mℹ [ESM] dist/schema.mjs       0.10 kB │ gzip: 0.09 kB
[33m@n8n/extension-sdk:build: [0mℹ [ESM] dist/schema2.mjs.map  2.59 kB │ gzip: 0.86 kB
[33m@n8n/extension-sdk:build: [0mℹ [ESM] dist/schema2.mjs      0.70 kB │ gzip: 0.33 kB
[33m@n8n/extension-sdk:build: [0mℹ [ESM] dist/index.d.mts      0.14 kB │ gzip: 0.10 kB
[33m@n8n/extension-sdk:build: [0mℹ [ESM] dist/schema.d.mts     0.14 kB │ gzip: 0.10 kB
[33m@n8n/extension-sdk:build: [0mℹ [ESM] dist/schema2.d.mts    2.37 kB │ gzip: 0.49 kB
[33m@n8n/extension-sdk:build: [0mℹ [ESM] 7 files, total: 6.13 kB
[33m@n8n/extension-sdk:build: [0mℹ [ESM] dist/backend/define.mjs       0.10 kB │ gzip: 0.09 kB
[33m@n8n/extension-sdk:build: [0mℹ [ESM] dist/backend/index.mjs        0.10 kB │ gzip: 0.09 kB
[33m@n8n/extension-sdk:build: [0mℹ [ESM] dist/backend/types.mjs        0.01 kB │ gzip: 0.03 kB
[33m@n8n/extension-sdk:build: [0mℹ [ESM] dist/backend/define2.mjs.map  0.33 kB │ gzip: 0.23 kB
[33m@n8n/extension-sdk:build: [0mℹ [ESM] dist/backend/define2.mjs      0.19 kB │ gzip: 0.15 kB
[33m@n8n/extension-sdk:build: [0mℹ [ESM] dist/backend/index.d.mts      0.28 kB │ gzip: 0.13 kB
[33m@n8n/extension-sdk:build: [0mℹ [ESM] dist/backend/types.d.mts      0.19 kB │ gzip: 0.11 kB
[33m@n8n/extension-sdk:build: [0mℹ [ESM] dist/backend/define.d.mts     0.12 kB │ gzip: 0.10 kB
[33m@n8n/extension-sdk:build: [0mℹ [ESM] dist/backend/types2.d.mts     0.36 kB │ gzip: 0.20 kB
[33m@n8n/extension-sdk:build: [0mℹ [ESM] dist/backend/define2.d.mts    0.27 kB │ gzip: 0.17 kB
[33m@n8n/extension-sdk:build: [0mℹ [ESM] 10 files, total: 1.94 kB
[33m@n8n/extension-sdk:build: [0mℹ [ESM] dist/frontend/define.mjs       0.10 kB │ gzip: 0.09 kB
[33m@n8n/extension-sdk:build: [0mℹ [ESM] dist/frontend/index.mjs        0.10 kB │ gzip: 0.09 kB
[33m@n8n/extension-sdk:build: [0mℹ [ESM] dist/frontend/types.mjs        0.01 kB │ gzip: 0.03 kB
[33m@n8n/extension-sdk:build: [0mℹ [ESM] dist/frontend/define2.mjs.map  0.33 kB │ gzip: 0.23 kB
[33m@n8n/extension-sdk:build: [0mℹ [ESM] dist/frontend/define2.mjs      0.19 kB │ gzip: 0.15 kB
[33m@n8n/extension-sdk:build: [0mℹ [ESM] dist/frontend/index.d.mts      0.28 kB │ gzip: 0.13 kB
[33m@n8n/extension-sdk:build: [0mℹ [ESM] dist/frontend/types.d.mts      0.20 kB │ gzip: 0.11 kB
[33m@n8n/extension-sdk:build: [0mℹ [ESM] dist/frontend/define.d.mts     0.12 kB │ gzip: 0.10 kB
[33m@n8n/extension-sdk:build: [0mℹ [ESM] dist/frontend/types2.d.mts     0.57 kB │ gzip: 0.28 kB
[33m@n8n/extension-sdk:build: [0mℹ [ESM] dist/frontend/define2.d.mts    0.27 kB │ gzip: 0.18 kB
[33m@n8n/extension-sdk:build: [0mℹ [ESM] 10 files, total: 2.18 kB
[33m@n8n/extension-sdk:build: [0mℹ [CJS] dist/index.d.cts    0.14 kB │ gzip: 0.10 kB
[33m@n8n/extension-sdk:build: [0mℹ [CJS] dist/schema.d.cts   0.14 kB │ gzip: 0.10 kB
[33m@n8n/extension-sdk:build: [0mℹ [CJS] dist/schema2.d.cts  2.37 kB │ gzip: 0.49 kB
[33m@n8n/extension-sdk:build: [0mℹ [CJS] 3 files, total: 2.65 kB
[33m@n8n/extension-sdk:build: [0m✔ Build complete in 2783ms
[34mn8n-workflow:build: [0m(node:79730) Warning: The 'NO_COLOR' env is ignored due to the 'FORCE_COLOR' env being set.
[34mn8n-workflow:build: [0m(Use `node --trace-warnings ...` to show where the warning was created)
[33m@n8n/extension-sdk:build: [0mℹ [CJS] dist/backend/index.d.cts    0.28 kB │ gzip: 0.13 kB
[33m@n8n/extension-sdk:build: [0mℹ [CJS] dist/backend/types.d.cts    0.19 kB │ gzip: 0.11 kB
[33m@n8n/extension-sdk:build: [0mℹ [CJS] dist/backend/define.d.cts   0.12 kB │ gzip: 0.10 kB
[33m@n8n/extension-sdk:build: [0mℹ [CJS] dist/backend/types2.d.cts   0.36 kB │ gzip: 0.20 kB
[33m@n8n/extension-sdk:build: [0mℹ [CJS] dist/backend/define2.d.cts  0.27 kB │ gzip: 0.18 kB
[33m@n8n/extension-sdk:build: [0mℹ [CJS] 5 files, total: 1.22 kB
[33m@n8n/extension-sdk:build: [0m✔ Build complete in 2794ms
[33m@n8n/extension-sdk:build: [0mℹ [CJS] dist/frontend/index.d.cts    0.28 kB │ gzip: 0.13 kB
[33m@n8n/extension-sdk:build: [0mℹ [CJS] dist/frontend/types.d.cts    0.20 kB │ gzip: 0.11 kB
[33m@n8n/extension-sdk:build: [0mℹ [CJS] dist/frontend/define.d.cts   0.12 kB │ gzip: 0.10 kB
[33m@n8n/extension-sdk:build: [0mℹ [CJS] dist/frontend/types2.d.cts   0.57 kB │ gzip: 0.28 kB
[33m@n8n/extension-sdk:build: [0mℹ [CJS] dist/frontend/define2.d.cts  0.27 kB │ gzip: 0.18 kB
[33m@n8n/extension-sdk:build: [0mℹ [CJS] 5 files, total: 1.45 kB
[33m@n8n/extension-sdk:build: [0m✔ Build complete in 2794ms
[36m@n8n/composables:build: [0m
[36m@n8n/composables:build: [0m> @n8n/composables@1.19.0 build /Users/baivab/Workspace/Personal/n8n_forked/n8n/packages/frontend/@n8n/composables
[36m@n8n/composables:build: [0m> tsdown
[36m@n8n/composables:build: [0m
[34mn8n-workflow:build: [0m
[34mn8n-workflow:build: [0m> n8n-workflow@2.26.0 build /Users/baivab/Workspace/Personal/n8n_forked/n8n/packages/workflow
[34mn8n-workflow:build: [0m> tsc --build tsconfig.build.esm.json tsconfig.build.cjs.json
[34mn8n-workflow:build: [0m
[35m@n8n/i18n:build: [0mcache miss, executing [2m2c89ffbd7292198b[0m
[32m@n8n/eslint-plugin-community-nodes:build: [0mcache miss, executing [2m90e9a4e1a40f1ee5[0m
[33m@n8n/api-types:build: [0mcache miss, executing [2mb785c63860abaf19[0m
[34m@n8n/stores:build: [0mcache miss, executing [2mdb2a0410a1a08eb0[0m
[36m@n8n/local-gateway:build: [0mcache miss, executing [2m836d2e31fc905246[0m
[36m@n8n/composables:build: [0m(node:79760) Warning: The 'NO_COLOR' env is ignored due to the 'FORCE_COLOR' env being set.
[36m@n8n/composables:build: [0m(Use `node --trace-warnings ...` to show where the warning was created)
[36m@n8n/composables:build: [0mℹ tsdown v0.16.5 powered by rolldown v1.0.0-beta.50
[36m@n8n/composables:build: [0mℹ Using tsdown config: /Users/baivab/Workspace/Personal/n8n_forked/n8n/packages/frontend/@n8n/composables/tsdown.config.ts
[36m@n8n/composables:build: [0mℹ entry: src/structuralComputed.ts, src/useDeviceSupport.ts, src/useDocumentTitle.ts, src/useShortKeyPress.ts, src/useThrottleWithReactiveDelay.ts
[36m@n8n/composables:build: [0mℹ tsconfig: tsconfig.json
[36m@n8n/composables:build: [0mℹ Build start
[36m@n8n/composables:build: [0mℹ Cleaning 30 files
[33m@n8n/extension-sdk:build: [0m(node:79755) Warning: The 'NO_COLOR' env is ignored due to the 'FORCE_COLOR' env being set.
[33m@n8n/extension-sdk:build: [0m(Use `node --trace-warnings ...` to show where the warning was created)
[33m@n8n/extension-sdk:build: [0m../tournament                            | [43m[30m WARN [39m[49m The field "pnpm.overrides" was found in /Users/baivab/Workspace/Personal/n8n_forked/n8n/packages/@n8n/tournament/package.json. This will not take effect. You should configure "pnpm.overrides" at the root of the workspace instead.
[36m@n8n/local-gateway:build: [0m(node:79791) Warning: The 'NO_COLOR' env is ignored due to the 'FORCE_COLOR' env being set.
[36m@n8n/local-gateway:build: [0m(Use `node --trace-warnings ...` to show where the warning was created)
[33m@n8n/api-types:build: [0m(node:79790) Warning: The 'NO_COLOR' env is ignored due to the 'FORCE_COLOR' env being set.
[33m@n8n/api-types:build: [0m(Use `node --trace-warnings ...` to show where the warning was created)
[34m@n8n/stores:build: [0m(node:79789) Warning: The 'NO_COLOR' env is ignored due to the 'FORCE_COLOR' env being set.
[34m@n8n/stores:build: [0m(Use `node --trace-warnings ...` to show where the warning was created)
[35m@n8n/i18n:build: [0m(node:79787) Warning: The 'NO_COLOR' env is ignored due to the 'FORCE_COLOR' env being set.
[35m@n8n/i18n:build: [0m(Use `node --trace-warnings ...` to show where the warning was created)
[32m@n8n/eslint-plugin-community-nodes:build: [0m(node:79788) Warning: The 'NO_COLOR' env is ignored due to the 'FORCE_COLOR' env being set.
[32m@n8n/eslint-plugin-community-nodes:build: [0m(Use `node --trace-warnings ...` to show where the warning was created)
[33m@n8n/extension-sdk:build: [0m
[33m@n8n/extension-sdk:build: [0m> @n8n/extension-sdk@0.11.0 create-json-schema /Users/baivab/Workspace/Personal/n8n_forked/n8n/packages/@n8n/extension-sdk
[33m@n8n/extension-sdk:build: [0m> tsx scripts/create-json-schema.ts
[33m@n8n/extension-sdk:build: [0m
[33m@n8n/api-types:build: [0m
[33m@n8n/api-types:build: [0m> @n8n/api-types@1.26.0 build /Users/baivab/Workspace/Personal/n8n_forked/n8n/packages/@n8n/api-types
[33m@n8n/api-types:build: [0m> tsc -p tsconfig.build.json
[33m@n8n/api-types:build: [0m
[32m@n8n/eslint-plugin-community-nodes:build: [0m
[32m@n8n/eslint-plugin-community-nodes:build: [0m> @n8n/eslint-plugin-community-nodes@0.20.0 build /Users/baivab/Workspace/Personal/n8n_forked/n8n/packages/@n8n/eslint-plugin-community-nodes
[32m@n8n/eslint-plugin-community-nodes:build: [0m> tsc --project tsconfig.build.json
[32m@n8n/eslint-plugin-community-nodes:build: [0m
[35m@n8n/i18n:build: [0m
[35m@n8n/i18n:build: [0m> @n8n/i18n@2.26.0 build /Users/baivab/Workspace/Personal/n8n_forked/n8n/packages/frontend/@n8n/i18n
[35m@n8n/i18n:build: [0m> tsdown
[35m@n8n/i18n:build: [0m
[36m@n8n/local-gateway:build: [0m
[36m@n8n/local-gateway:build: [0m> @n8n/local-gateway@0.1.0 build /Users/baivab/Workspace/Personal/n8n_forked/n8n/packages/@n8n/local-gateway
[36m@n8n/local-gateway:build: [0m> tsc -p tsconfig.renderer.json && tsc -p tsconfig.build.json && pnpm copy:renderer && pnpm copy:assets
[36m@n8n/local-gateway:build: [0m
[34m@n8n/stores:build: [0m
[34m@n8n/stores:build: [0m> @n8n/stores@2.26.0 build /Users/baivab/Workspace/Personal/n8n_forked/n8n/packages/frontend/@n8n/stores
[34m@n8n/stores:build: [0m> tsdown
[34m@n8n/stores:build: [0m
[32m@n8n/utils:build: [0mℹ [CJS] dist/index.cjs                        2.35 kB │ gzip: 0.56 kB
[32m@n8n/utils:build: [0mℹ [CJS] dist/placeholder.cjs                  0.50 kB │ gzip: 0.17 kB
[32m@n8n/utils:build: [0mℹ [CJS] dist/scrub-secrets.cjs                0.27 kB │ gzip: 0.13 kB
[32m@n8n/utils:build: [0mℹ [CJS] dist/search/sublimeSearch.cjs         0.18 kB │ gzip: 0.10 kB
[32m@n8n/utils:build: [0mℹ [CJS] dist/string/truncate.cjs              0.17 kB │ gzip: 0.09 kB
[32m@n8n/utils:build: [0mℹ [CJS] dist/search/reRankSearchResults.cjs   0.15 kB │ gzip: 0.09 kB
[32m@n8n/utils:build: [0mℹ [CJS] dist/sort/sortByProperty.cjs          0.13 kB │ gzip: 0.08 kB
[32m@n8n/utils:build: [0mℹ [CJS] dist/event-queue.cjs                  0.12 kB │ gzip: 0.09 kB
[32m@n8n/utils:build: [0mℹ [CJS] dist/number/smartDecimal.cjs          0.12 kB │ gzip: 0.08 kB
[32m@n8n/utils:build: [0mℹ [CJS] dist/workflowId.cjs                   0.12 kB │ gzip: 0.09 kB
[32m@n8n/utils:build: [0mℹ [CJS] dist/files/sanitize.cjs               0.12 kB │ gzip: 0.09 kB
[32m@n8n/utils:build: [0mℹ [CJS] dist/event-bus.cjs                    0.11 kB │ gzip: 0.09 kB
[32m@n8n/utils:build: [0mℹ [CJS] dist/files/path.cjs                   0.10 kB │ gzip: 0.09 kB
[32m@n8n/utils:build: [0mℹ [CJS] dist/jwt.cjs                          0.09 kB │ gzip: 0.08 kB
[32m@n8n/utils:build: [0mℹ [CJS] dist/assert.cjs                       0.09 kB │ gzip: 0.07 kB
[32m@n8n/utils:build: [0mℹ [CJS] dist/retry.cjs                        0.08 kB │ gzip: 0.07 kB
[32m@n8n/utils:build: [0mℹ [CJS] dist/types.cjs                        0.00 kB │ gzip: 0.02 kB
[32m@n8n/utils:build: [0mℹ [CJS] dist/sublimeSearch.cjs.map           12.41 kB │ gzip: 4.00 kB
[32m@n8n/utils:build: [0mℹ [CJS] dist/sublimeSearch.cjs                6.06 kB │ gzip: 1.88 kB
[32m@n8n/utils:build: [0mℹ [CJS] dist/placeholder2.cjs.map             5.32 kB │ gzip: 1.86 kB
[32m@n8n/utils:build: [0mℹ [CJS] dist/placeholder2.cjs                 3.86 kB │ gzip: 1.22 kB
[32m@n8n/utils:build: [0mℹ [CJS] dist/scrub-secrets2.cjs.map           3.21 kB │ gzip: 1.66 kB
[32m@n8n/utils:build: [0mℹ [CJS] dist/event-bus2.cjs.map               2.93 kB │ gzip: 0.99 kB
[32m@n8n/utils:build: [0mℹ [CJS] dist/sanitize.cjs.map                 2.91 kB │ gzip: 1.25 kB
[32m@n8n/utils:build: [0mℹ [CJS] dist/truncate.cjs.map                 2.73 kB │ gzip: 1.13 kB
[32m@n8n/utils:build: [0mℹ [CJS] dist/retry2.cjs.map                   2.35 kB │ gzip: 1.05 kB
[32m@n8n/utils:build: [0mℹ [CJS] dist/scrub-secrets2.cjs               1.93 kB │ gzip: 1.01 kB
[32m@n8n/utils:build: [0mℹ [CJS] dist/sanitize.cjs                     1.91 kB │ gzip: 0.90 kB
[32m@n8n/utils:build: [0mℹ [CJS] dist/truncate.cjs                     1.77 kB │ gzip: 0.73 kB
[32m@n8n/utils:build: [0mℹ [CJS] dist/event-queue2.cjs.map             1.75 kB │ gzip: 0.83 kB
[32m@n8n/utils:build: [0mℹ [CJS] dist/retry2.cjs                       1.54 kB │ gzip: 0.71 kB
[32m@n8n/utils:build: [0mℹ [CJS] dist/reRankSearchResults.cjs.map      1.27 kB │ gzip: 0.63 kB
[32m@n8n/utils:build: [0mℹ [CJS] dist/event-bus2.cjs                   1.11 kB │ gzip: 0.52 kB
[32m@n8n/utils:build: [0mℹ [CJS] dist/event-queue2.cjs                 1.10 kB │ gzip: 0.53 kB
[32m@n8n/utils:build: [0mℹ [CJS] dist/jwt2.cjs.map                     1.00 kB │ gzip: 0.61 kB
[32m@n8n/utils:build: [0mℹ [CJS] dist/workflowId2.cjs.map              0.82 kB │ gzip: 0.48 kB
[32m@n8n/utils:build: [0mℹ [CJS] dist/workflowId2.cjs                  0.81 kB │ gzip: 0.49 kB
[32m@n8n/utils:build: [0mℹ [CJS] dist/jwt2.cjs                         0.75 kB │ gzip: 0.50 kB
[32m@n8n/utils:build: [0mℹ [CJS] dist/sortByProperty.cjs.map           0.67 kB │ gzip: 0.41 kB
[32m@n8n/utils:build: [0mℹ [CJS] dist/reRankSearchResults.cjs          0.65 kB │ gzip: 0.34 kB
[32m@n8n/utils:build: [0mℹ [CJS] dist/smartDecimal.cjs.map             0.63 kB │ gzip: 0.37 kB
[32m@n8n/utils:build: [0mℹ [CJS] dist/sortByProperty.cjs               0.47 kB │ gzip: 0.30 kB
[32m@n8n/utils:build: [0mℹ [CJS] dist/assert2.cjs.map                  0.46 kB │ gzip: 0.33 kB
[32m@n8n/utils:build: [0mℹ [CJS] dist/smartDecimal.cjs                 0.42 kB │ gzip: 0.28 kB
[32m@n8n/utils:build: [0mℹ [CJS] dist/path.cjs                         0.37 kB │ gzip: 0.28 kB
[32m@n8n/utils:build: [0mℹ [CJS] dist/path.cjs.map                     0.36 kB │ gzip: 0.28 kB
[32m@n8n/utils:build: [0mℹ [CJS] dist/assert2.cjs                      0.32 kB │ gzip: 0.24 kB
[32m@n8n/utils:build: [0mℹ [CJS] 47 files, total: 66.61 kB
[36m@n8n/json-schema-to-zod:build: [0m(node:79936) Warning: The 'NO_COLOR' env is ignored due to the 'FORCE_COLOR' env being set.
[36m@n8n/json-schema-to-zod:build: [0m(Use `node --trace-warnings ...` to show where the warning was created)
[36m@n8n/json-schema-to-zod:build: [0m../tournament                            | [43m[30m WARN [39m[49m The field "pnpm.overrides" was found in /Users/baivab/Workspace/Personal/n8n_forked/n8n/packages/@n8n/tournament/package.json. This will not take effect. You should configure "pnpm.overrides" at the root of the workspace instead.
[36m@n8n/json-schema-to-zod:build: [0m
[36m@n8n/json-schema-to-zod:build: [0m> @n8n/json-schema-to-zod@1.10.0 build:esm /Users/baivab/Workspace/Personal/n8n_forked/n8n/packages/@n8n/json-schema-to-zod
[36m@n8n/json-schema-to-zod:build: [0m> tsc -p tsconfig.esm.json && node postesm.cjs
[36m@n8n/json-schema-to-zod:build: [0m
[32m@n8n/utils:build: [0mℹ [ESM] dist/index.mjs                          1.49 kB │ gzip: 0.48 kB
[32m@n8n/utils:build: [0mℹ [ESM] dist/placeholder.mjs                    0.35 kB │ gzip: 0.16 kB
[32m@n8n/utils:build: [0mℹ [ESM] dist/scrub-secrets.mjs                  0.18 kB │ gzip: 0.13 kB
[32m@n8n/utils:build: [0mℹ [ESM] dist/search/sublimeSearch.mjs           0.12 kB │ gzip: 0.10 kB
[32m@n8n/utils:build: [0mℹ [ESM] dist/string/truncate.mjs                0.12 kB │ gzip: 0.09 kB
[32m@n8n/utils:build: [0mℹ [ESM] dist/search/reRankSearchResults.mjs     0.10 kB │ gzip: 0.08 kB
[32m@n8n/utils:build: [0mℹ [ESM] dist/event-queue.mjs                    0.09 kB │ gzip: 0.08 kB
[32m@n8n/utils:build: [0mℹ [ESM] dist/sort/sortByProperty.mjs            0.09 kB │ gzip: 0.08 kB
[32m@n8n/utils:build: [0mℹ [ESM] dist/files/sanitize.mjs                 0.09 kB │ gzip: 0.08 kB
[32m@n8n/utils:build: [0mℹ [ESM] dist/files/path.mjs                     0.08 kB │ gzip: 0.08 kB
[32m@n8n/utils:build: [0mℹ [ESM] dist/workflowId.mjs                     0.08 kB │ gzip: 0.09 kB
[32m@n8n/utils:build: [0mℹ [ESM] dist/event-bus.mjs                      0.08 kB │ gzip: 0.08 kB
[32m@n8n/utils:build: [0mℹ [ESM] dist/number/smartDecimal.mjs            0.08 kB │ gzip: 0.07 kB
[32m@n8n/utils:build: [0mℹ [ESM] dist/jwt.mjs                            0.07 kB │ gzip: 0.08 kB
[32m@n8n/utils:build: [0mℹ [ESM] dist/assert.mjs                         0.06 kB │ gzip: 0.07 kB
[32m@n8n/utils:build: [0mℹ [ESM] dist/retry.mjs                          0.06 kB │ gzip: 0.07 kB
[32m@n8n/utils:build: [0mℹ [ESM] dist/types.mjs                          0.01 kB │ gzip: 0.03 kB
[32m@n8n/utils:build: [0mℹ [ESM] dist/sublimeSearch.mjs.map             12.40 kB │ gzip: 4.00 kB
[32m@n8n/utils:build: [0mℹ [ESM] dist/sublimeSearch.mjs                  5.86 kB │ gzip: 1.83 kB
[32m@n8n/utils:build: [0mℹ [ESM] dist/placeholder2.mjs.map               5.31 kB │ gzip: 1.86 kB
[32m@n8n/utils:build: [0mℹ [ESM] dist/scrub-secrets2.mjs.map             3.21 kB │ gzip: 1.66 kB
[32m@n8n/utils:build: [0mℹ [ESM] dist/placeholder2.mjs                   3.20 kB │ gzip: 1.15 kB
[32m@n8n/utils:build: [0mℹ [ESM] dist/event-bus2.mjs.map                 2.93 kB │ gzip: 0.99 kB
[32m@n8n/utils:build: [0mℹ [ESM] dist/sanitize.mjs.map                   2.91 kB │ gzip: 1.25 kB
[32m@n8n/utils:build: [0mℹ [ESM] dist/truncate.mjs.map                   2.73 kB │ gzip: 1.13 kB
[32m@n8n/utils:build: [0mℹ [ESM] dist/retry2.mjs.map                     2.35 kB │ gzip: 1.05 kB
[32m@n8n/utils:build: [0mℹ [ESM] dist/sanitize.mjs                       1.82 kB │ gzip: 0.84 kB
[32m@n8n/utils:build: [0mℹ [ESM] dist/event-queue2.mjs.map               1.75 kB │ gzip: 0.83 kB
[32m@n8n/utils:build: [0mℹ [ESM] dist/scrub-secrets2.mjs                 1.61 kB │ gzip: 0.95 kB
[32m@n8n/utils:build: [0mℹ [ESM] dist/truncate.mjs                       1.57 kB │ gzip: 0.67 kB
[32m@n8n/utils:build: [0mℹ [ESM] dist/retry2.mjs                         1.45 kB │ gzip: 0.67 kB
[32m@n8n/utils:build: [0mℹ [ESM] dist/reRankSearchResults.mjs.map        1.27 kB │ gzip: 0.63 kB
[32m@n8n/utils:build: [0mℹ [ESM] dist/event-bus2.mjs                     1.02 kB │ gzip: 0.47 kB
[32m@n8n/utils:build: [0mℹ [ESM] dist/event-queue2.mjs                   1.00 kB │ gzip: 0.48 kB
[32m@n8n/utils:build: [0mℹ [ESM] dist/jwt2.mjs.map                       1.00 kB │ gzip: 0.61 kB
[32m@n8n/utils:build: [0mℹ [ESM] dist/workflowId2.mjs.map                0.81 kB │ gzip: 0.48 kB
[32m@n8n/utils:build: [0mℹ [ESM] dist/workflowId2.mjs                    0.69 kB │ gzip: 0.43 kB
[32m@n8n/utils:build: [0mℹ [ESM] dist/sortByProperty.mjs.map             0.67 kB │ gzip: 0.41 kB
[32m@n8n/utils:build: [0mℹ [ESM] dist/jwt2.mjs                           0.66 kB │ gzip: 0.45 kB
[32m@n8n/utils:build: [0mℹ [ESM] dist/smartDecimal.mjs.map               0.63 kB │ gzip: 0.37 kB
[32m@n8n/utils:build: [0mℹ [ESM] dist/reRankSearchResults.mjs            0.55 kB │ gzip: 0.30 kB
[32m@n8n/utils:build: [0mℹ [ESM] dist/assert2.mjs.map                    0.46 kB │ gzip: 0.33 kB
[32m@n8n/utils:build: [0mℹ [ESM] dist/sortByProperty.mjs                 0.38 kB │ gzip: 0.25 kB
[32m@n8n/utils:build: [0mℹ [ESM] dist/path.mjs.map                       0.36 kB │ gzip: 0.28 kB
[32m@n8n/utils:build: [0mℹ [ESM] dist/smartDecimal.mjs                   0.33 kB │ gzip: 0.22 kB
[32m@n8n/utils:build: [0mℹ [ESM] dist/path.mjs                           0.27 kB │ gzip: 0.22 kB
[32m@n8n/utils:build: [0mℹ [ESM] dist/assert2.mjs                        0.24 kB │ gzip: 0.19 kB
[32m@n8n/utils:build: [0mℹ [ESM] dist/index.d.mts                        1.66 kB │ gzip: 0.53 kB
[32m@n8n/utils:build: [0mℹ [ESM] dist/placeholder.d.mts                  0.39 kB │ gzip: 0.17 kB
[32m@n8n/utils:build: [0mℹ [ESM] dist/scrub-secrets.d.mts                0.18 kB │ gzip: 0.13 kB
[32m@n8n/utils:build: [0mℹ [ESM] dist/event-bus.d.mts                    0.14 kB │ gzip: 0.11 kB
[32m@n8n/utils:build: [0mℹ [ESM] dist/search/sublimeSearch.d.mts         0.12 kB │ gzip: 0.10 kB
[32m@n8n/utils:build: [0mℹ [ESM] dist/string/truncate.d.mts              0.11 kB │ gzip: 0.09 kB
[32m@n8n/utils:build: [0mℹ [ESM] dist/search/reRankSearchResults.d.mts   0.10 kB │ gzip: 0.08 kB
[32m@n8n/utils:build: [0mℹ [ESM] dist/event-queue.d.mts                  0.09 kB │ gzip: 0.08 kB
[32m@n8n/utils:build: [0mℹ [ESM] dist/sort/sortByProperty.d.mts          0.09 kB │ gzip: 0.08 kB
[32m@n8n/utils:build: [0mℹ [ESM] dist/files/sanitize.d.mts               0.09 kB │ gzip: 0.08 kB
[32m@n8n/utils:build: [0mℹ [ESM] dist/files/path.d.mts                   0.08 kB │ gzip: 0.08 kB
[32m@n8n/utils:build: [0mℹ [ESM] dist/workflowId.d.mts                   0.08 kB │ gzip: 0.08 kB
[32m@n8n/utils:build: [0mℹ [ESM] dist/types.d.mts                        0.08 kB │ gzip: 0.08 kB
[32m@n8n/utils:build: [0mℹ [ESM] dist/number/smartDecimal.d.mts          0.08 kB │ gzip: 0.07 kB
[32m@n8n/utils:build: [0mℹ [ESM] dist/jwt.d.mts                          0.07 kB │ gzip: 0.07 kB
[32m@n8n/utils:build: [0mℹ [ESM] dist/assert.d.mts                       0.06 kB │ gzip: 0.07 kB
[32m@n8n/utils:build: [0mℹ [ESM] dist/retry.d.mts                        0.06 kB │ gzip: 0.07 kB
[32m@n8n/utils:build: [0mℹ [ESM] dist/event-bus2.d.mts                   0.99 kB │ gzip: 0.35 kB
[32m@n8n/utils:build: [0mℹ [ESM] dist/placeholder2.d.mts                 0.77 kB │ gzip: 0.29 kB
[32m@n8n/utils:build: [0mℹ [ESM] dist/scrub-secrets2.d.mts               0.46 kB │ gzip: 0.29 kB
[32m@n8n/utils:build: [0mℹ [ESM] dist/sublimeSearch.d.mts                0.41 kB │ gzip: 0.26 kB
[32m@n8n/utils:build: [0mℹ [ESM] dist/reRankSearchResults.d.mts          0.37 kB │ gzip: 0.22 kB
[32m@n8n/utils:build: [0mℹ [ESM] dist/truncate.d.mts                     0.34 kB │ gzip: 0.20 kB
[32m@n8n/utils:build: [0mℹ [ESM] dist/retry2.d.mts                       0.28 kB │ gzip: 0.22 kB
[32m@n8n/utils:build: [0mℹ [ESM] dist/event-queue2.d.mts                 0.24 kB │ gzip: 0.18 kB
[32m@n8n/utils:build: [0mℹ [ESM] dist/sortByProperty.d.mts               0.22 kB │ gzip: 0.17 kB
[32m@n8n/utils:build: [0mℹ [ESM] dist/sanitize.d.mts                     0.20 kB │ gzip: 0.16 kB
[32m@n8n/utils:build: [0mℹ [ESM] dist/smartDecimal.d.mts                 0.20 kB │ gzip: 0.15 kB
[32m@n8n/utils:build: [0mℹ [ESM] dist/types2.d.mts                       0.20 kB │ gzip: 0.17 kB
[32m@n8n/utils:build: [0mℹ [ESM] dist/assert2.d.mts                      0.18 kB │ gzip: 0.15 kB
[32m@n8n/utils:build: [0mℹ [ESM] dist/workflowId2.d.mts                  0.17 kB │ gzip: 0.15 kB
[32m@n8n/utils:build: [0mℹ [ESM] dist/path.d.mts                         0.17 kB │ gzip: 0.15 kB
[32m@n8n/utils:build: [0mℹ [ESM] dist/jwt2.d.mts                         0.17 kB │ gzip: 0.15 kB
[32m@n8n/utils:build: [0mℹ [ESM] 80 files, total: 71.44 kB
[32m@n8n/utils:build: [0mℹ [CJS] dist/index.d.cts                       1.66 kB │ gzip: 0.53 kB
[32m@n8n/utils:build: [0mℹ [CJS] dist/placeholder.d.cts                 0.39 kB │ gzip: 0.17 kB
[32m@n8n/utils:build: [0mℹ [CJS] dist/scrub-secrets.d.cts               0.18 kB │ gzip: 0.13 kB
[32m@n8n/utils:build: [0mℹ [CJS] dist/event-bus.d.cts                   0.14 kB │ gzip: 0.11 kB
[32m@n8n/utils:build: [0mℹ [CJS] dist/search/sublimeSearch.d.cts        0.12 kB │ gzip: 0.10 kB
[32m@n8n/utils:build: [0mℹ [CJS] dist/string/truncate.d.cts             0.11 kB │ gzip: 0.09 kB
[32m@n8n/utils:build: [0mℹ [CJS] dist/search/reRankSearchResults.d.cts  0.10 kB │ gzip: 0.08 kB
[32m@n8n/utils:build: [0mℹ [CJS] dist/event-queue.d.cts                 0.09 kB │ gzip: 0.08 kB
[32m@n8n/utils:build: [0mℹ [CJS] dist/sort/sortByProperty.d.cts         0.09 kB │ gzip: 0.08 kB
[32m@n8n/utils:build: [0mℹ [CJS] dist/files/sanitize.d.cts              0.09 kB │ gzip: 0.08 kB
[32m@n8n/utils:build: [0mℹ [CJS] dist/files/path.d.cts                  0.08 kB │ gzip: 0.08 kB
[32m@n8n/utils:build: [0mℹ [CJS] dist/workflowId.d.cts                  0.08 kB │ gzip: 0.08 kB
[32m@n8n/utils:build: [0mℹ [CJS] dist/types.d.cts                       0.08 kB │ gzip: 0.08 kB
[32m@n8n/utils:build: [0mℹ [CJS] dist/number/smartDecimal.d.cts         0.08 kB │ gzip: 0.07 kB
[32m@n8n/utils:build: [0mℹ [CJS] dist/jwt.d.cts                         0.07 kB │ gzip: 0.07 kB
[32m@n8n/utils:build: [0mℹ [CJS] dist/assert.d.cts                      0.06 kB │ gzip: 0.07 kB
[32m@n8n/utils:build: [0mℹ [CJS] dist/retry.d.cts                       0.06 kB │ gzip: 0.07 kB
[32m@n8n/utils:build: [0mℹ [CJS] dist/event-bus2.d.cts                  0.99 kB │ gzip: 0.35 kB
[32m@n8n/utils:build: [0mℹ [CJS] dist/placeholder2.d.cts                0.77 kB │ gzip: 0.29 kB
[32m@n8n/utils:build: [0mℹ [CJS] dist/scrub-secrets2.d.cts              0.46 kB │ gzip: 0.29 kB
[32m@n8n/utils:build: [0mℹ [CJS] dist/sublimeSearch.d.cts               0.41 kB │ gzip: 0.26 kB
[32m@n8n/utils:build: [0mℹ [CJS] dist/reRankSearchResults.d.cts         0.37 kB │ gzip: 0.22 kB
[32m@n8n/utils:build: [0mℹ [CJS] dist/truncate.d.cts                    0.34 kB │ gzip: 0.20 kB
[32m@n8n/utils:build: [0mℹ [CJS] dist/retry2.d.cts                      0.28 kB │ gzip: 0.22 kB
[32m@n8n/utils:build: [0mℹ [CJS] dist/event-queue2.d.cts                0.24 kB │ gzip: 0.18 kB
[32m@n8n/utils:build: [0mℹ [CJS] dist/sortByProperty.d.cts              0.22 kB │ gzip: 0.17 kB
[32m@n8n/utils:build: [0mℹ [CJS] dist/sanitize.d.cts                    0.20 kB │ gzip: 0.16 kB
[32m@n8n/utils:build: [0mℹ [CJS] dist/smartDecimal.d.cts                0.20 kB │ gzip: 0.15 kB
[32m@n8n/utils:build: [0mℹ [CJS] dist/types2.d.cts                      0.20 kB │ gzip: 0.17 kB
[32m@n8n/utils:build: [0mℹ [CJS] dist/assert2.d.cts                     0.18 kB │ gzip: 0.15 kB
[32m@n8n/utils:build: [0mℹ [CJS] dist/workflowId2.d.cts                 0.17 kB │ gzip: 0.15 kB
[32m@n8n/utils:build: [0mℹ [CJS] dist/path.d.cts                        0.17 kB │ gzip: 0.15 kB
[32m@n8n/utils:build: [0mℹ [CJS] dist/jwt2.d.cts                        0.17 kB │ gzip: 0.15 kB
[32m@n8n/utils:build: [0mℹ [CJS] 33 files, total: 8.86 kB
[32m@n8n/utils:build: [0m✔ Build complete in 1130ms
[35m@n8n/ai-utilities:build: [0mcache miss, executing [2mb860aea579eec37f[0m
[33m@n8n/extension-sdk:build: [0m(node:79846) Warning: The 'NO_COLOR' env is ignored due to the 'FORCE_COLOR' env being set.
[33m@n8n/extension-sdk:build: [0m(Use `node --trace-warnings ...` to show where the warning was created)
[35m@n8n/i18n:build: [0m(node:79906) Warning: The 'NO_COLOR' env is ignored due to the 'FORCE_COLOR' env being set.
[35m@n8n/i18n:build: [0m(Use `node --trace-warnings ...` to show where the warning was created)
[35m@n8n/i18n:build: [0mℹ tsdown v0.16.5 powered by rolldown v1.0.0-beta.50
[35m@n8n/ai-utilities:build: [0m(node:79997) Warning: The 'NO_COLOR' env is ignored due to the 'FORCE_COLOR' env being set.
[35m@n8n/ai-utilities:build: [0m(Use `node --trace-warnings ...` to show where the warning was created)
[35m@n8n/i18n:build: [0mℹ Using tsdown config: /Users/baivab/Workspace/Personal/n8n_forked/n8n/packages/frontend/@n8n/i18n/tsdown.config.ts
[35m@n8n/i18n:build: [0mℹ entry: src/index.ts, src/types.ts, src/utils.ts
[35m@n8n/i18n:build: [0mℹ tsconfig: tsconfig.json
[35m@n8n/i18n:build: [0mℹ Build start
[35m@n8n/i18n:build: [0mℹ Cleaning 20 files
[35m@n8n/ai-utilities:build: [0m
[35m@n8n/ai-utilities:build: [0m> @n8n/ai-utilities@0.19.0 build /Users/baivab/Workspace/Personal/n8n_forked/n8n/packages/@n8n/ai-utilities
[35m@n8n/ai-utilities:build: [0m> tsc --build tsconfig.build.esm.json tsconfig.build.cjs.json && tsc-alias -p tsconfig.build.esm.json && tsc-alias -p tsconfig.build.cjs.json && pnpm copy-tokenizer-json dist/cjs && pnpm copy-tokenizer-json dist/esm
[35m@n8n/ai-utilities:build: [0m
[34m@n8n/stores:build: [0m(node:79932) Warning: The 'NO_COLOR' env is ignored due to the 'FORCE_COLOR' env being set.
[34m@n8n/stores:build: [0m(Use `node --trace-warnings ...` to show where the warning was created)
[34m@n8n/stores:build: [0mℹ tsdown v0.16.5 powered by rolldown v1.0.0-beta.50
[34m@n8n/stores:build: [0mℹ Using tsdown config: /Users/baivab/Workspace/Personal/n8n_forked/n8n/packages/frontend/@n8n/stores/tsdown.config.ts
[34m@n8n/stores:build: [0mℹ entry: src/constants.ts, src/index.ts, src/metaTagConfig.ts, src/useAgentRequestStore.ts, src/useRootStore.ts
[34m@n8n/stores:build: [0mℹ tsconfig: tsconfig.json
[34m@n8n/stores:build: [0mℹ Build start
[34m@n8n/stores:build: [0mℹ Cleaning 34 files
[33m@n8n/extension-sdk:build: [0m(node:80010) Warning: The 'NO_COLOR' env is ignored due to the 'FORCE_COLOR' env being set.
[33m@n8n/extension-sdk:build: [0m(Use `node --trace-warnings ...` to show where the warning was created)
[36m@n8n/composables:build: [0mℹ [CJS] dist/useDeviceSupport.cjs                  1.76 kB │ gzip: 0.70 kB
[36m@n8n/composables:build: [0mℹ [CJS] dist/structuralComputed.cjs                1.22 kB │ gzip: 0.64 kB
[36m@n8n/composables:build: [0mℹ [CJS] dist/useDocumentTitle.cjs                  1.22 kB │ gzip: 0.59 kB
[36m@n8n/composables:build: [0mℹ [CJS] dist/useShortKeyPress.cjs                  0.64 kB │ gzip: 0.33 kB
[36m@n8n/composables:build: [0mℹ [CJS] dist/useThrottleWithReactiveDelay.cjs      0.61 kB │ gzip: 0.33 kB
[36m@n8n/composables:build: [0mℹ [CJS] dist/useDocumentTitle.cjs.map              2.59 kB │ gzip: 1.15 kB
[36m@n8n/composables:build: [0mℹ [CJS] dist/useDeviceSupport.cjs.map              2.58 kB │ gzip: 1.07 kB
[36m@n8n/composables:build: [0mℹ [CJS] dist/structuralComputed.cjs.map            1.57 kB │ gzip: 0.82 kB
[36m@n8n/composables:build: [0mℹ [CJS] dist/useShortKeyPress.cjs.map              1.26 kB │ gzip: 0.64 kB
[36m@n8n/composables:build: [0mℹ [CJS] dist/useThrottleWithReactiveDelay.cjs.map  0.88 kB │ gzip: 0.49 kB
[36m@n8n/composables:build: [0mℹ [CJS] 10 files, total: 14.33 kB
[36m@n8n/composables:build: [0mℹ [ESM] dist/useDeviceSupport.mjs                  1.68 kB │ gzip: 0.69 kB
[36m@n8n/composables:build: [0mℹ [ESM] dist/structuralComputed.mjs                1.20 kB │ gzip: 0.63 kB
[36m@n8n/composables:build: [0mℹ [ESM] dist/useDocumentTitle.mjs                  1.19 kB │ gzip: 0.57 kB
[36m@n8n/composables:build: [0mℹ [ESM] dist/useShortKeyPress.mjs                  0.57 kB │ gzip: 0.32 kB
[36m@n8n/composables:build: [0mℹ [ESM] dist/useThrottleWithReactiveDelay.mjs      0.56 kB │ gzip: 0.31 kB
[36m@n8n/composables:build: [0mℹ [ESM] dist/useDeviceSupport.mjs.map              2.62 kB │ gzip: 1.07 kB
[36m@n8n/composables:build: [0mℹ [ESM] dist/useDocumentTitle.mjs.map              2.59 kB │ gzip: 1.15 kB
[36m@n8n/composables:build: [0mℹ [ESM] dist/structuralComputed.mjs.map            1.57 kB │ gzip: 0.83 kB
[36m@n8n/composables:build: [0mℹ [ESM] dist/useShortKeyPress.mjs.map              1.27 kB │ gzip: 0.64 kB
[36m@n8n/composables:build: [0mℹ [ESM] dist/useThrottleWithReactiveDelay.mjs.map  0.89 kB │ gzip: 0.48 kB
[36m@n8n/composables:build: [0mℹ [ESM] dist/useDocumentTitle.d.mts                0.67 kB │ gzip: 0.35 kB
[36m@n8n/composables:build: [0mℹ [ESM] dist/useDeviceSupport.d.mts                0.47 kB │ gzip: 0.29 kB
[36m@n8n/composables:build: [0mℹ [ESM] dist/useShortKeyPress.d.mts                0.41 kB │ gzip: 0.25 kB
[36m@n8n/composables:build: [0mℹ [ESM] dist/useThrottleWithReactiveDelay.d.mts    0.30 kB │ gzip: 0.19 kB
[36m@n8n/composables:build: [0mℹ [ESM] dist/structuralComputed.d.mts              0.28 kB │ gzip: 0.19 kB
[36m@n8n/composables:build: [0mℹ [ESM] 15 files, total: 16.28 kB
[36m@n8n/composables:build: [0mℹ [CJS] dist/useDocumentTitle.d.cts              0.67 kB │ gzip: 0.35 kB
[36m@n8n/composables:build: [0mℹ [CJS] dist/useDeviceSupport.d.cts              0.47 kB │ gzip: 0.29 kB
[36m@n8n/composables:build: [0mℹ [CJS] dist/useShortKeyPress.d.cts              0.41 kB │ gzip: 0.25 kB
[36m@n8n/composables:build: [0mℹ [CJS] dist/useThrottleWithReactiveDelay.d.cts  0.30 kB │ gzip: 0.19 kB
[36m@n8n/composables:build: [0mℹ [CJS] dist/structuralComputed.d.cts            0.28 kB │ gzip: 0.19 kB
[36m@n8n/composables:build: [0mℹ [CJS] 5 files, total: 2.13 kB
[36m@n8n/composables:build: [0m✔ Build complete in 1243ms
[32m@n8n/n8n-extension-insights:build: [0mcache miss, executing [2medd36c686591d22e[0m
[33m@n8n/design-system:build: [0mcache miss, executing [2me61574f82bab4501[0m
[32m@n8n/n8n-extension-insights:build: [0m(node:80061) Warning: The 'NO_COLOR' env is ignored due to the 'FORCE_COLOR' env being set.
[32m@n8n/n8n-extension-insights:build: [0m(Use `node --trace-warnings ...` to show where the warning was created)
[33m@n8n/design-system:build: [0m(node:80066) Warning: The 'NO_COLOR' env is ignored due to the 'FORCE_COLOR' env being set.
[33m@n8n/design-system:build: [0m(Use `node --trace-warnings ...` to show where the warning was created)
[32m@n8n/n8n-extension-insights:build: [0m
[32m@n8n/n8n-extension-insights:build: [0m> @n8n/n8n-extension-insights@0.13.0 build /Users/baivab/Workspace/Personal/n8n_forked/n8n/packages/extensions/insights
[32m@n8n/n8n-extension-insights:build: [0m> pnpm cleanup && pnpm run "/^build:.*/"
[32m@n8n/n8n-extension-insights:build: [0m
[33m@n8n/design-system:build: [0m
[33m@n8n/design-system:build: [0m> @n8n/design-system@2.25.0 build /Users/baivab/Workspace/Personal/n8n_forked/n8n/packages/frontend/@n8n/design-system
[33m@n8n/design-system:build: [0m> vite build
[33m@n8n/design-system:build: [0m
[35m@n8n/ai-utilities:build: [0m(node:80093) Warning: The 'NO_COLOR' env is ignored due to the 'FORCE_COLOR' env being set.
[35m@n8n/ai-utilities:build: [0m(Use `node --trace-warnings ...` to show where the warning was created)
[34m@n8n/chat-hub:build: [0mcache miss, executing [2m82f88b9f692a2a9a[0m
[36m@n8n/decorators:build: [0mcache miss, executing [2m504b00c0708561e4[0m
[35m@n8n/ai-utilities:build: [0m../tournament                            | [43m[30m WARN [39m[49m The field "pnpm.overrides" was found in /Users/baivab/Workspace/Personal/n8n_forked/n8n/packages/@n8n/tournament/package.json. This will not take effect. You should configure "pnpm.overrides" at the root of the workspace instead.
[35m@n8n/ai-utilities:build: [0m
[35m@n8n/ai-utilities:build: [0m> @n8n/ai-utilities@0.19.0 copy-tokenizer-json /Users/baivab/Workspace/Personal/n8n_forked/n8n/packages/@n8n/ai-utilities
[35m@n8n/ai-utilities:build: [0m> node scripts/copy-tokenizer-json.js . dist/cjs
[35m@n8n/ai-utilities:build: [0m
[32m@n8n/n8n-extension-insights:build: [0m(node:80132) Warning: The 'NO_COLOR' env is ignored due to the 'FORCE_COLOR' env being set.
[32m@n8n/n8n-extension-insights:build: [0m(Use `node --trace-warnings ...` to show where the warning was created)
[34m@n8n/chat-hub:build: [0m(node:80155) Warning: The 'NO_COLOR' env is ignored due to the 'FORCE_COLOR' env being set.
[34m@n8n/chat-hub:build: [0m(Use `node --trace-warnings ...` to show where the warning was created)
[35m@n8n/ai-utilities:build: [0mCopied: src/utils/tokenizer/cl100k_base.json -> /Users/baivab/Workspace/Personal/n8n_forked/n8n/packages/@n8n/ai-utilities/dist/cjs/utils/tokenizer/cl100k_basejson
[36m@n8n/decorators:build: [0m(node:80156) Warning: The 'NO_COLOR' env is ignored due to the 'FORCE_COLOR' env being set.
[36m@n8n/decorators:build: [0m(Use `node --trace-warnings ...` to show where the warning was created)
[35m@n8n/ai-utilities:build: [0mCopied: src/utils/tokenizer/o200k_base.json -> /Users/baivab/Workspace/Personal/n8n_forked/n8n/packages/@n8n/ai-utilities/dist/cjs/utils/tokenizer/o200k_basejson
[34m@n8n/chat-hub:build: [0m
[34m@n8n/chat-hub:build: [0m> @n8n/chat-hub@1.19.0 build /Users/baivab/Workspace/Personal/n8n_forked/n8n/packages/@n8n/chat-hub
[34m@n8n/chat-hub:build: [0m> tsc -p tsconfig.build.json
[34m@n8n/chat-hub:build: [0m
[36m@n8n/decorators:build: [0m
[36m@n8n/decorators:build: [0m> @n8n/decorators@1.26.0 build /Users/baivab/Workspace/Personal/n8n_forked/n8n/packages/@n8n/decorators
[36m@n8n/decorators:build: [0m> tsc -p tsconfig.build.json
[36m@n8n/decorators:build: [0m
[32m@n8n/n8n-extension-insights:build: [0m../../@n8n/tournament                    | [43m[30m WARN [39m[49m The field "pnpm.overrides" was found in /Users/baivab/Workspace/Personal/n8n_forked/n8n/packages/@n8n/tournament/package.json. This will not take effect. You should configure "pnpm.overrides" at the root of the workspace instead.
[35m@n8n/workflow-sdk:build: [0mcache miss, executing [2mb49b9abc27599c14[0m
[32m@n8n/n8n-extension-insights:build: [0m
[32m@n8n/n8n-extension-insights:build: [0m> @n8n/n8n-extension-insights@0.13.0 cleanup /Users/baivab/Workspace/Personal/n8n_forked/n8n/packages/extensions/insights
[32m@n8n/n8n-extension-insights:build: [0m> rimraf dist
[32m@n8n/n8n-extension-insights:build: [0m
[33m@n8n/design-system:build: [0m(node:80152) Warning: The 'NO_COLOR' env is ignored due to the 'FORCE_COLOR' env being set.
[33m@n8n/design-system:build: [0m(Use `node --trace-warnings ...` to show where the warning was created)
[32m@n8n/n8n-extension-insights:build: [0m(node:80285) Warning: The 'NO_COLOR' env is ignored due to the 'FORCE_COLOR' env being set.
[32m@n8n/n8n-extension-insights:build: [0m(Use `node --trace-warnings ...` to show where the warning was created)
[35m@n8n/ai-utilities:build: [0m(node:80192) Warning: The 'NO_COLOR' env is ignored due to the 'FORCE_COLOR' env being set.
[35m@n8n/ai-utilities:build: [0m(Use `node --trace-warnings ...` to show where the warning was created)
[35m@n8n/workflow-sdk:build: [0m(node:80261) Warning: The 'NO_COLOR' env is ignored due to the 'FORCE_COLOR' env being set.
[35m@n8n/workflow-sdk:build: [0m(Use `node --trace-warnings ...` to show where the warning was created)
[35m@n8n/workflow-sdk:build: [0m
[35m@n8n/workflow-sdk:build: [0m> @n8n/workflow-sdk@0.19.0 build /Users/baivab/Workspace/Personal/n8n_forked/n8n/packages/@n8n/workflow-sdk
[35m@n8n/workflow-sdk:build: [0m> tsc -p tsconfig.build.json
[35m@n8n/workflow-sdk:build: [0m
[35m@n8n/ai-utilities:build: [0m../tournament                            | [43m[30m WARN [39m[49m The field "pnpm.overrides" was found in /Users/baivab/Workspace/Personal/n8n_forked/n8n/packages/@n8n/tournament/package.json. This will not take effect. You should configure "pnpm.overrides" at the root of the workspace instead.
[35m@n8n/ai-utilities:build: [0m
[35m@n8n/ai-utilities:build: [0m> @n8n/ai-utilities@0.19.0 copy-tokenizer-json /Users/baivab/Workspace/Personal/n8n_forked/n8n/packages/@n8n/ai-utilities
[35m@n8n/ai-utilities:build: [0m> node scripts/copy-tokenizer-json.js . dist/esm
[35m@n8n/ai-utilities:build: [0m
[33m@n8n/design-system:build: [0mvite v8.0.2 building client environment for production...
[35m@n8n/ai-utilities:build: [0mCopied: src/utils/tokenizer/cl100k_base.json -> /Users/baivab/Workspace/Personal/n8n_forked/n8n/packages/@n8n/ai-utilities/dist/esm/utils/tokenizer/cl100k_basejson
[35m@n8n/ai-utilities:build: [0mCopied: src/utils/tokenizer/o200k_base.json -> /Users/baivab/Workspace/Personal/n8n_forked/n8n/packages/@n8n/ai-utilities/dist/esm/utils/tokenizer/o200k_basejson
[32m@n8n/ai-node-sdk:build: [0mcache miss, executing [2me97ca4215d77a2e0[0m
[33m@n8n/agents:build: [0mcache miss, executing [2mfe787e3b7a04ce3d[0m
[32m@n8n/n8n-extension-insights:build: [0m(node:80295) Warning: The 'NO_COLOR' env is ignored due to the 'FORCE_COLOR' env being set.
[32m@n8n/n8n-extension-insights:build: [0m(Use `node --trace-warnings ...` to show where the warning was created)
[32m@n8n/n8n-extension-insights:build: [0m../../@n8n/tournament                    | [43m[30m WARN [39m[49m The field "pnpm.overrides" was found in /Users/baivab/Workspace/Personal/n8n_forked/n8n/packages/@n8n/tournament/package.json. This will not take effect. You should configure "pnpm.overrides" at the root of the workspace instead.
[32m@n8n/ai-node-sdk:build: [0m(node:80345) Warning: The 'NO_COLOR' env is ignored due to the 'FORCE_COLOR' env being set.
[32m@n8n/ai-node-sdk:build: [0m(Use `node --trace-warnings ...` to show where the warning was created)
[32m@n8n/ai-node-sdk:build: [0m
[32m@n8n/ai-node-sdk:build: [0m> @n8n/ai-node-sdk@0.16.0 build /Users/baivab/Workspace/Personal/n8n_forked/n8n/packages/@n8n/ai-node-sdk
[32m@n8n/ai-node-sdk:build: [0m> tsc --build tsconfig.build.esm.json tsconfig.build.cjs.json
[32m@n8n/ai-node-sdk:build: [0m
[33m@n8n/agents:build: [0m(node:80346) Warning: The 'NO_COLOR' env is ignored due to the 'FORCE_COLOR' env being set.
[33m@n8n/agents:build: [0m(Use `node --trace-warnings ...` to show where the warning was created)
[33m@n8n/agents:build: [0m
[33m@n8n/agents:build: [0m> @n8n/agents@0.11.0 build /Users/baivab/Workspace/Personal/n8n_forked/n8n/packages/@n8n/agents
[33m@n8n/agents:build: [0m> rimraf dist && tsc -p tsconfig.build.json
[33m@n8n/agents:build: [0m
[34m@n8n/node-cli:build: [0mcache miss, executing [2m227f1e227bde7e56[0m
[36m@n8n/local-gateway:build: [0m(node:80357) Warning: The 'NO_COLOR' env is ignored due to the 'FORCE_COLOR' env being set.
[36m@n8n/local-gateway:build: [0m(Use `node --trace-warnings ...` to show where the warning was created)
[36m@n8n/local-gateway:build: [0m../tournament                            | [43m[30m WARN [39m[49m The field "pnpm.overrides" was found in /Users/baivab/Workspace/Personal/n8n_forked/n8n/packages/@n8n/tournament/package.json. This will not take effect. You should configure "pnpm.overrides" at the root of the workspace instead.
[36m@n8n/local-gateway:build: [0m
[36m@n8n/local-gateway:build: [0m> @n8n/local-gateway@0.1.0 copy:renderer /Users/baivab/Workspace/Personal/n8n_forked/n8n/packages/@n8n/local-gateway
[36m@n8n/local-gateway:build: [0m> node scripts/copy-renderer.js
[36m@n8n/local-gateway:build: [0m
[34m@n8n/node-cli:build: [0m(node:80476) Warning: The 'NO_COLOR' env is ignored due to the 'FORCE_COLOR' env being set.
[34m@n8n/node-cli:build: [0m(Use `node --trace-warnings ...` to show where the warning was created)
[34m@n8n/node-cli:build: [0m
[34m@n8n/node-cli:build: [0m> @n8n/node-cli@0.35.0 build /Users/baivab/Workspace/Personal/n8n_forked/n8n/packages/@n8n/node-cli
[34m@n8n/node-cli:build: [0m> tsc -p tsconfig.build.json && pnpm copy-templates
[34m@n8n/node-cli:build: [0m
[36m@n8n/local-gateway:build: [0m(node:80529) Warning: The 'NO_COLOR' env is ignored due to the 'FORCE_COLOR' env being set.
[36m@n8n/local-gateway:build: [0m(Use `node --trace-warnings ...` to show where the warning was created)
[36m@n8n/local-gateway:build: [0m../tournament                            | [43m[30m WARN [39m[49m The field "pnpm.overrides" was found in /Users/baivab/Workspace/Personal/n8n_forked/n8n/packages/@n8n/tournament/package.json. This will not take effect. You should configure "pnpm.overrides" at the root of the workspace instead.
[36m@n8n/local-gateway:build: [0m
[36m@n8n/local-gateway:build: [0m> @n8n/local-gateway@0.1.0 copy:assets /Users/baivab/Workspace/Personal/n8n_forked/n8n/packages/@n8n/local-gateway
[36m@n8n/local-gateway:build: [0m> node scripts/copy-assets.js
[36m@n8n/local-gateway:build: [0m
[36m@n8n/backend-common:build: [0mcache miss, executing [2mb949c7ebb1dd8992[0m
[36m@n8n/backend-common:build: [0m(node:80785) Warning: The 'NO_COLOR' env is ignored due to the 'FORCE_COLOR' env being set.
[36m@n8n/backend-common:build: [0m(Use `node --trace-warnings ...` to show where the warning was created)
[34m@n8n/stores:build: [0mℹ [CJS] dist/useRootStore.cjs               6.03 kB │ gzip: 1.33 kB
[34m@n8n/stores:build: [0mℹ [CJS] dist/useAgentRequestStore.cjs       1.89 kB │ gzip: 0.57 kB
[34m@n8n/stores:build: [0mℹ [CJS] dist/metaTagConfig.cjs              0.23 kB │ gzip: 0.11 kB
[34m@n8n/stores:build: [0mℹ [CJS] dist/constants.cjs                  0.10 kB │ gzip: 0.08 kB
[34m@n8n/stores:build: [0mℹ [CJS] dist/index.cjs                      0.10 kB │ gzip: 0.08 kB
[34m@n8n/stores:build: [0mℹ [CJS] dist/useRootStore.cjs.map          10.53 kB │ gzip: 2.29 kB
[34m@n8n/stores:build: [0mℹ [CJS] dist/useAgentRequestStore.cjs.map   3.65 kB │ gzip: 1.14 kB
[34m@n8n/stores:build: [0mℹ [CJS] dist/constants2.cjs.map             2.84 kB │ gzip: 1.24 kB
[34m@n8n/stores:build: [0mℹ [CJS] dist/constants2.cjs                 2.12 kB │ gzip: 1.04 kB
[34m@n8n/stores:build: [0mℹ [CJS] dist/metaTagConfig2.cjs.map         1.85 kB │ gzip: 0.76 kB
[34m@n8n/stores:build: [0mℹ [CJS] dist/metaTagConfig2.cjs             1.34 kB │ gzip: 0.51 kB
[34m@n8n/stores:build: [0mℹ [CJS] 11 files, total: 30.68 kB
[36m@n8n/backend-common:build: [0m
[36m@n8n/backend-common:build: [0m> @n8n/backend-common@1.26.0 build /Users/baivab/Workspace/Personal/n8n_forked/n8n/packages/@n8n/backend-common
[36m@n8n/backend-common:build: [0m> tsc -p tsconfig.build.json
[36m@n8n/backend-common:build: [0m
[34m@n8n/stores:build: [0m[33m[EMPTY_IMPORT_META] Warning:[0m `import.meta` may not be a valid syntax with the `cjs` output format.
[34m@n8n/stores:build: [0m   [38;5;246m╭[0m[38;5;246m─[0m[38;5;246m[[0m src/useRootStore.ts:8:34 [38;5;246m][0m
[34m@n8n/stores:build: [0m   [38;5;246m│[0m
[34m@n8n/stores:build: [0m [38;5;246m8 │[0m [38;5;249mc[0m[38;5;249mo[0m[38;5;249mn[0m[38;5;249ms[0m[38;5;249mt[0m[38;5;249m [0m[38;5;249m{[0m[38;5;249m [0m[38;5;249mV[0m[38;5;249mU[0m[38;5;249mE[0m[38;5;249m_[0m[38;5;249mA[0m[38;5;249mP[0m[38;5;249mP[0m[38;5;249m_[0m[38;5;249mU[0m[38;5;249mR[0m[38;5;249mL[0m[38;5;249m_[0m[38;5;249mB[0m[38;5;249mA[0m[38;5;249mS[0m[38;5;249mE[0m[38;5;249m_[0m[38;5;249mA[0m[38;5;249mP[0m[38;5;249mI[0m[38;5;249m [0m[38;5;249m}[0m[38;5;249m [0m[38;5;249m=[0m[38;5;249m [0mimport.meta[38;5;249m.[0m[38;5;249me[0m[38;5;249mn[0m[38;5;249mv[0m[38;5;249m;[0m
[34m@n8n/stores:build: [0m [38;5;240m  │[0m                                  ─────┬─────  
[34m@n8n/stores:build: [0m [38;5;240m  │[0m                                       ╰─────── This `import.meta` will be replaced with an empty object (`{}`) automatically. If this is desired, you can suppress this warning by adding `transform.define: { 'import.meta': {} }`. If `import.meta` needs to be kept as-is, you need to set the output format to `esm`.
[34m@n8n/stores:build: [0m[38;5;246m───╯[0m
[34m@n8n/stores:build: [0m
[34m@n8n/stores:build: [0mℹ [ESM] dist/useRootStore.mjs               5.76 kB │ gzip: 1.31 kB
[34m@n8n/stores:build: [0mℹ [ESM] dist/useAgentRequestStore.mjs       1.85 kB │ gzip: 0.55 kB
[34m@n8n/stores:build: [0mℹ [ESM] dist/metaTagConfig.mjs              0.16 kB │ gzip: 0.11 kB
[34m@n8n/stores:build: [0mℹ [ESM] dist/constants.mjs                  0.07 kB │ gzip: 0.08 kB
[34m@n8n/stores:build: [0mℹ [ESM] dist/index.mjs                      0.07 kB │ gzip: 0.08 kB
[34m@n8n/stores:build: [0mℹ [ESM] dist/useRootStore.mjs.map          10.62 kB │ gzip: 2.26 kB
[34m@n8n/stores:build: [0mℹ [ESM] dist/useAgentRequestStore.mjs.map   3.66 kB │ gzip: 1.15 kB
[34m@n8n/stores:build: [0mℹ [ESM] dist/constants2.mjs.map             2.84 kB │ gzip: 1.24 kB
[34m@n8n/stores:build: [0mℹ [ESM] dist/constants2.mjs                 2.03 kB │ gzip: 0.98 kB
[34m@n8n/stores:build: [0mℹ [ESM] dist/metaTagConfig2.mjs.map         1.85 kB │ gzip: 0.76 kB
[34m@n8n/stores:build: [0mℹ [ESM] dist/metaTagConfig2.mjs             1.12 kB │ gzip: 0.46 kB
[34m@n8n/stores:build: [0mℹ [ESM] dist/useRootStore.d.mts             8.04 kB │ gzip: 0.97 kB
[34m@n8n/stores:build: [0mℹ [ESM] dist/useAgentRequestStore.d.mts     2.45 kB │ gzip: 0.49 kB
[34m@n8n/stores:build: [0mℹ [ESM] dist/metaTagConfig.d.mts            0.31 kB │ gzip: 0.17 kB
[34m@n8n/stores:build: [0mℹ [ESM] dist/constants.d.mts                0.07 kB │ gzip: 0.07 kB
[34m@n8n/stores:build: [0mℹ [ESM] dist/index.d.mts                    0.07 kB │ gzip: 0.07 kB
[34m@n8n/stores:build: [0mℹ [ESM] dist/constants2.d.mts               2.62 kB │ gzip: 1.01 kB
[34m@n8n/stores:build: [0mℹ [ESM] 17 files, total: 43.57 kB
[34m@n8n/stores:build: [0mℹ [CJS] dist/useRootStore.d.cts          8.04 kB │ gzip: 0.97 kB
[34m@n8n/stores:build: [0mℹ [CJS] dist/useAgentRequestStore.d.cts  2.45 kB │ gzip: 0.49 kB
[34m@n8n/stores:build: [0mℹ [CJS] dist/metaTagConfig.d.cts         0.31 kB │ gzip: 0.17 kB
[34m@n8n/stores:build: [0mℹ [CJS] dist/constants.d.cts             0.07 kB │ gzip: 0.07 kB
[34m@n8n/stores:build: [0mℹ [CJS] dist/index.d.cts                 0.07 kB │ gzip: 0.07 kB
[34m@n8n/stores:build: [0mℹ [CJS] dist/constants2.d.cts            2.62 kB │ gzip: 1.01 kB
[34m@n8n/stores:build: [0mℹ [CJS] 6 files, total: 13.55 kB
[34m@n8n/stores:build: [0m✔ Build complete in 6228ms
[35m@n8n/i18n:build: [0mℹ [CJS] dist/index.cjs       549.05 kB │ gzip: 120.88 kB
[35m@n8n/i18n:build: [0mℹ [CJS] dist/utils.cjs         0.29 kB │ gzip:   0.15 kB
[35m@n8n/i18n:build: [0mℹ [CJS] dist/types.cjs         0.00 kB │ gzip:   0.02 kB
[35m@n8n/i18n:build: [0mℹ [CJS] dist/index.cjs.map   690.33 kB │ gzip: 135.61 kB
[35m@n8n/i18n:build: [0mℹ [CJS] dist/utils2.cjs.map    3.42 kB │ gzip:   1.35 kB
[35m@n8n/i18n:build: [0mℹ [CJS] dist/utils2.cjs        2.69 kB │ gzip:   1.02 kB
[35m@n8n/i18n:build: [0mℹ [CJS] 6 files, total: 1245.78 kB
[34m@n8n/node-cli:build: [0m(node:80883) Warning: The 'NO_COLOR' env is ignored due to the 'FORCE_COLOR' env being set.
[34m@n8n/node-cli:build: [0m(Use `node --trace-warnings ...` to show where the warning was created)
[34m@n8n/node-cli:build: [0m../tournament                            | [43m[30m WARN [39m[49m The field "pnpm.overrides" was found in /Users/baivab/Workspace/Personal/n8n_forked/n8n/packages/@n8n/tournament/package.json. This will not take effect. You should configure "pnpm.overrides" at the root of the workspace instead.
[34m@n8n/node-cli:build: [0m
[34m@n8n/node-cli:build: [0m> @n8n/node-cli@0.35.0 copy-templates /Users/baivab/Workspace/Personal/n8n_forked/n8n/packages/@n8n/node-cli
[34m@n8n/node-cli:build: [0m> node scripts/copy-templates.mjs
[34m@n8n/node-cli:build: [0m
[35m@n8n/i18n:build: [0mℹ [CJS] dist/index.d.cts   367.66 kB │ gzip: 47.07 kB
[35m@n8n/i18n:build: [0mℹ [CJS] dist/utils.d.cts     0.46 kB │ gzip:  0.25 kB
[35m@n8n/i18n:build: [0mℹ [CJS] dist/types.d.cts     0.20 kB │ gzip:  0.14 kB
[35m@n8n/i18n:build: [0mℹ [CJS] dist/types2.d.cts  350.66 kB │ gzip: 45.89 kB
[35m@n8n/i18n:build: [0mℹ [CJS] 4 files, total: 718.98 kB
[35m@n8n/i18n:build: [0mℹ [ESM] dist/index.mjs       548.65 kB │ gzip: 120.86 kB
[35m@n8n/i18n:build: [0mℹ [ESM] dist/utils.mjs         0.22 kB │ gzip:   0.15 kB
[35m@n8n/i18n:build: [0mℹ [ESM] dist/types.mjs         0.01 kB │ gzip:   0.03 kB
[35m@n8n/i18n:build: [0mℹ [ESM] dist/index.mjs.map   690.23 kB │ gzip: 135.54 kB
[35m@n8n/i18n:build: [0mℹ [ESM] dist/utils2.mjs.map    3.42 kB │ gzip:   1.35 kB
[35m@n8n/i18n:build: [0mℹ [ESM] dist/utils2.mjs        2.27 kB │ gzip:   0.96 kB
[35m@n8n/i18n:build: [0mℹ [ESM] dist/index.d.mts     367.66 kB │ gzip:  47.07 kB
[35m@n8n/i18n:build: [0mℹ [ESM] dist/utils.d.mts       0.46 kB │ gzip:   0.25 kB
[35m@n8n/i18n:build: [0mℹ [ESM] dist/types.d.mts       0.20 kB │ gzip:   0.14 kB
[35m@n8n/i18n:build: [0mℹ [ESM] dist/types2.d.mts    350.66 kB │ gzip:  45.89 kB
[35m@n8n/i18n:build: [0mℹ [ESM] 10 files, total: 1963.78 kB
[35m@n8n/i18n:build: [0m✔ Build complete in 8445ms
[35m@n8n/rest-api-client:build: [0mcache miss, executing [2mce9e77d6f8e600ec[0m
[35m@n8n/rest-api-client:build: [0m(node:80985) Warning: The 'NO_COLOR' env is ignored due to the 'FORCE_COLOR' env being set.
[35m@n8n/rest-api-client:build: [0m(Use `node --trace-warnings ...` to show where the warning was created)
[35m@n8n/rest-api-client:build: [0m
[35m@n8n/rest-api-client:build: [0m> @n8n/rest-api-client@2.26.0 build /Users/baivab/Workspace/Personal/n8n_forked/n8n/packages/frontend/@n8n/rest-api-client
[35m@n8n/rest-api-client:build: [0m> tsdown
[35m@n8n/rest-api-client:build: [0m
[32m@n8n/backend-network:build: [0mcache miss, executing [2m881a9028847bf3f4[0m
[33m@n8n/ai-workflow-builder:build: [0mcache miss, executing [2m3a98bf0f2810e1e0[0m
[33m@n8n/design-system:build: [0m[2K[33m@n8n/design-system:build: [0mtransforming...[32m✓[39m 3023 modules transformed.
[35m@n8n/rest-api-client:build: [0m(node:81067) Warning: The 'NO_COLOR' env is ignored due to the 'FORCE_COLOR' env being set.
[35m@n8n/rest-api-client:build: [0m(Use `node --trace-warnings ...` to show where the warning was created)
[35m@n8n/rest-api-client:build: [0mℹ tsdown v0.16.5 powered by rolldown v1.0.0-beta.50
[35m@n8n/rest-api-client:build: [0mℹ Using tsdown config: /Users/baivab/Workspace/Personal/n8n_forked/n8n/packages/frontend/@n8n/rest-api-client/tsdown.config.ts
[35m@n8n/rest-api-client:build: [0mℹ entry: src/index.ts, src/types.ts, src/utils.ts, src/api/ai-usage.ts, src/api/api-keys.ts, src/api/breaking-changes.ts, src/api/cloudPlans.ts, src/api/communityNodes.ts, src/api/consent.ts, src/api/credentialResolvers.ts, src/api/ctas.ts, src/api/dynamic-banners.ts, src/api/eventbus.ee.ts, src/api/events.ts, src/api/execution.ts, src/api/externalSecrets.ee.ts, src/api/index.ts, src/api/instance-registry.ts, src/api/instance-version-history.ts, src/api/ldap.ts, src/api/mfa.ts, src/api/module-settings.ts, src/api/nodeTypes.ts, src/api/npsSurvey.ts, src/api/orchestration.ts, src/api/provisioning.ts, src/api/roleMappingRule.ts, src/api/roles.ts, src/api/secretsProvider.ee.ts, src/api/security-settings.ts, src/api/settings.ts, src/api/sso.ts, src/api/tags.ts, src/api/templates.ts, src/api/third-party-licenses.ts, src/api/ui.ts, src/api/usage.ts, src/api/users.ts, src/api/versions.ts, src/api/webhooks.ts, src/api/workflowHistory.ts, src/api/workflows.ts
[35m@n8n/rest-api-client:build: [0mℹ tsconfig: tsconfig.json
[35m@n8n/rest-api-client:build: [0mℹ Build start
[35m@n8n/rest-api-client:build: [0mℹ Cleaning 383 files
[33m@n8n/design-system:build: [0mrendering chunks...
[32m@n8n/backend-network:build: [0m(node:81068) Warning: The 'NO_COLOR' env is ignored due to the 'FORCE_COLOR' env being set.
[32m@n8n/backend-network:build: [0m(Use `node --trace-warnings ...` to show where the warning was created)
[32m@n8n/backend-network:build: [0m
[32m@n8n/backend-network:build: [0m> @n8n/backend-network@1.0.0 build /Users/baivab/Workspace/Personal/n8n_forked/n8n/packages/@n8n/backend-network
[32m@n8n/backend-network:build: [0m> tsc -p tsconfig.build.json
[32m@n8n/backend-network:build: [0m
[33m@n8n/ai-workflow-builder:build: [0m(node:81069) Warning: The 'NO_COLOR' env is ignored due to the 'FORCE_COLOR' env being set.
[33m@n8n/ai-workflow-builder:build: [0m(Use `node --trace-warnings ...` to show where the warning was created)
[33m@n8n/ai-workflow-builder:build: [0m
[33m@n8n/ai-workflow-builder:build: [0m> @n8n/ai-workflow-builder@1.26.0 build /Users/baivab/Workspace/Personal/n8n_forked/n8n/packages/@n8n/ai-workflow-builder.ee
[33m@n8n/ai-workflow-builder:build: [0m> tsc -p ./tsconfig.build.json && tsc-alias -p tsconfig.build.json
[33m@n8n/ai-workflow-builder:build: [0m
[33m@n8n/design-system:build: [0m[lightningcss minify] 'global' is not recognized as a valid pseudo-class. Did you mean '::global' (pseudo-element) or is this a typo?
[33m@n8n/design-system:build: [0m525 |   */
[33m@n8n/design-system:build: [0m526 |  /** @deprecated Use a semantic variant instead of success color */
[33m@n8n/design-system:build: [0m527 |  :global(.n8n-button--success) {
[33m@n8n/design-system:build: [0m    |          ^
[33m@n8n/design-system:build: [0m528 |    --button--color--background: var(--color--success);
[33m@n8n/design-system:build: [0m529 |    --button--color--background-hover: var(--color--success--shade-1);
[33m@n8n/design-system:build: [0m[lightningcss minify] 'global' is not recognized as a valid pseudo-class. Did you mean '::global' (pseudo-element) or is this a typo?
[33m@n8n/design-system:build: [0m534 |    --button--shadow--active: 0 0 0 1px var(--color--success--shade-1);
[33m@n8n/design-system:build: [0m535 |  }
[33m@n8n/design-system:build: [0m536 |  :global(.n8n-button--success):disabled, :global(.n8n-button--success)[aria-disabled=true] {
[33m@n8n/design-system:build: [0m    |          ^
[33m@n8n/design-system:build: [0m537 |    --button--color--background: var(--color--success--tint-3);
[33m@n8n/design-system:build: [0m538 |    --button--shadow: 0 0 0 1px var(--color--success--tint-3);
[33m@n8n/design-system:build: [0m[lightningcss minify] 'global' is not recognized as a valid pseudo-class. Did you mean '::global' (pseudo-element) or is this a typo?
[33m@n8n/design-system:build: [0m534 |    --button--shadow--active: 0 0 0 1px var(--color--success--shade-1);
[33m@n8n/design-system:build: [0m535 |  }
[33m@n8n/design-system:build: [0m536 |  :global(.n8n-button--success):disabled, :global(.n8n-button--success)[aria-disabled=true] {
[33m@n8n/design-system:build: [0m    |                                                  ^
[33m@n8n/design-system:build: [0m537 |    --button--color--background: var(--color--success--tint-3);
[33m@n8n/design-system:build: [0m538 |    --button--shadow: 0 0 0 1px var(--color--success--tint-3);
[33m@n8n/design-system:build: [0m[lightningcss minify] 'global' is not recognized as a valid pseudo-class. Did you mean '::global' (pseudo-element) or is this a typo?
[33m@n8n/design-system:build: [0m540 |  
[33m@n8n/design-system:build: [0m541 |  /** @deprecated Use a semantic variant instead of warning color */
[33m@n8n/design-system:build: [0m542 |  :global(.n8n-button--warning) {
[33m@n8n/design-system:build: [0m    |          ^
[33m@n8n/design-system:build: [0m543 |    --button--color--background: var(--color--warning);
[33m@n8n/design-system:build: [0m544 |    --button--color--background-hover: var(--color--warning--shade-1);
[33m@n8n/design-system:build: [0m[lightningcss minify] 'global' is not recognized as a valid pseudo-class. Did you mean '::global' (pseudo-element) or is this a typo?
[33m@n8n/design-system:build: [0m549 |    --button--shadow--active: 0 0 0 1px var(--color--warning--shade-1);
[33m@n8n/design-system:build: [0m550 |  }
[33m@n8n/design-system:build: [0m551 |  :global(.n8n-button--warning):disabled, :global(.n8n-button--warning)[aria-disabled=true] {
[33m@n8n/design-system:build: [0m    |          ^
[33m@n8n/design-system:build: [0m552 |    --button--color--background: var(--color--warning--tint-1);
[33m@n8n/design-system:build: [0m553 |    --button--shadow: 0 0 0 1px var(--color--warning--tint-1);
[33m@n8n/design-system:build: [0m[lightningcss minify] 'global' is not recognized as a valid pseudo-class. Did you mean '::global' (pseudo-element) or is this a typo?
[33m@n8n/design-system:build: [0m549 |    --button--shadow--active: 0 0 0 1px var(--color--warning--shade-1);
[33m@n8n/design-system:build: [0m550 |  }
[33m@n8n/design-system:build: [0m551 |  :global(.n8n-button--warning):disabled, :global(.n8n-button--warning)[aria-disabled=true] {
[33m@n8n/design-system:build: [0m    |                                                  ^
[33m@n8n/design-system:build: [0m552 |    --button--color--background: var(--color--warning--tint-1);
[33m@n8n/design-system:build: [0m553 |    --button--shadow: 0 0 0 1px var(--color--warning--tint-1);
[33m@n8n/design-system:build: [0mcomputing gzip size...
[33m@n8n/design-system:build: [0m[2mdist/[0m[35mdesign-system.css        [39m[2m[1m  240.22 kB[0m[0m[2m │ gzip:  32.83 kB[0m
[33m@n8n/design-system:build: [0m[2mdist/[0m[36men-CddpS_8k.js           [39m[2m[1m    0.06 kB[0m[0m[2m │ gzip:   0.08 kB[0m
[33m@n8n/design-system:build: [0m[2mdist/[0m[36men-cusRXFgs.js           [39m[2m[1m    7.45 kB[0m[0m[2m │ gzip:   2.38 kB[0m
[33m@n8n/design-system:build: [0m[2mdist/[0m[36mnode-icons-VCyExEKH.js   [39m[2m[1m   50.40 kB[0m[0m[2m │ gzip:   8.42 kB[0m
[33m@n8n/design-system:build: [0m[2mdist/[0m[36mcompact-Q0gG5s1Q.js      [39m[33m[1m  660.36 kB[0m[39m[2m │ gzip:  87.46 kB[0m
[33m@n8n/design-system:build: [0m[2mdist/[0m[36mn8n-design-system.es.js  [39m[33m[1m2,452.57 kB[0m[39m[2m │ gzip: 650.18 kB[0m
[33m@n8n/design-system:build: [0m
[33m@n8n/design-system:build: [0m[33m[PLUGIN_TIMINGS] Warning:[0m Your build spent significant time in plugins. Here is a breakdown:
[33m@n8n/design-system:build: [0m  - unplugin-icons (69%)
[33m@n8n/design-system:build: [0m  - vite:vue (14%)
[33m@n8n/design-system:build: [0m  - svg-loader (13%)
[33m@n8n/design-system:build: [0mSee https://rolldown.rs/options/checks#plugintimings for more details.
[33m@n8n/design-system:build: [0m
[34mn8n-core:build: [0mcache miss, executing [2m7211617a09a22996[0m
[33m@n8n/design-system:build: [0m[2K[33m@n8n/design-system:build: [0mtransforming...[32m✓[39m 3023 modules transformed.
[34mn8n-core:build: [0m(node:81214) Warning: The 'NO_COLOR' env is ignored due to the 'FORCE_COLOR' env being set.
[34mn8n-core:build: [0m(Use `node --trace-warnings ...` to show where the warning was created)
[34mn8n-core:build: [0m
[34mn8n-core:build: [0m> n8n-core@2.26.0 build /Users/baivab/Workspace/Personal/n8n_forked/n8n/packages/core
[34mn8n-core:build: [0m> tsc -p tsconfig.build.json && tsc-alias -p tsconfig.build.json
[34mn8n-core:build: [0m
[33m@n8n/design-system:build: [0mrendering chunks...
[33m@n8n/design-system:build: [0m[lightningcss minify] 'global' is not recognized as a valid pseudo-class. Did you mean '::global' (pseudo-element) or is this a typo?
[33m@n8n/design-system:build: [0m525 |   */
[33m@n8n/design-system:build: [0m526 |  /** @deprecated Use a semantic variant instead of success color */
[33m@n8n/design-system:build: [0m527 |  :global(.n8n-button--success) {
[33m@n8n/design-system:build: [0m    |          ^
[33m@n8n/design-system:build: [0m528 |    --button--color--background: var(--color--success);
[33m@n8n/design-system:build: [0m529 |    --button--color--background-hover: var(--color--success--shade-1);
[33m@n8n/design-system:build: [0m[lightningcss minify] 'global' is not recognized as a valid pseudo-class. Did you mean '::global' (pseudo-element) or is this a typo?
[33m@n8n/design-system:build: [0m534 |    --button--shadow--active: 0 0 0 1px var(--color--success--shade-1);
[33m@n8n/design-system:build: [0m535 |  }
[33m@n8n/design-system:build: [0m536 |  :global(.n8n-button--success):disabled, :global(.n8n-button--success)[aria-disabled=true] {
[33m@n8n/design-system:build: [0m    |          ^
[33m@n8n/design-system:build: [0m537 |    --button--color--background: var(--color--success--tint-3);
[33m@n8n/design-system:build: [0m538 |    --button--shadow: 0 0 0 1px var(--color--success--tint-3);
[33m@n8n/design-system:build: [0m[lightningcss minify] 'global' is not recognized as a valid pseudo-class. Did you mean '::global' (pseudo-element) or is this a typo?
[33m@n8n/design-system:build: [0m534 |    --button--shadow--active: 0 0 0 1px var(--color--success--shade-1);
[33m@n8n/design-system:build: [0m535 |  }
[33m@n8n/design-system:build: [0m536 |  :global(.n8n-button--success):disabled, :global(.n8n-button--success)[aria-disabled=true] {
[33m@n8n/design-system:build: [0m    |                                                  ^
[33m@n8n/design-system:build: [0m537 |    --button--color--background: var(--color--success--tint-3);
[33m@n8n/design-system:build: [0m538 |    --button--shadow: 0 0 0 1px var(--color--success--tint-3);
[33m@n8n/design-system:build: [0m[lightningcss minify] 'global' is not recognized as a valid pseudo-class. Did you mean '::global' (pseudo-element) or is this a typo?
[33m@n8n/design-system:build: [0m540 |  
[33m@n8n/design-system:build: [0m541 |  /** @deprecated Use a semantic variant instead of warning color */
[33m@n8n/design-system:build: [0m542 |  :global(.n8n-button--warning) {
[33m@n8n/design-system:build: [0m    |          ^
[33m@n8n/design-system:build: [0m543 |    --button--color--background: var(--color--warning);
[33m@n8n/design-system:build: [0m544 |    --button--color--background-hover: var(--color--warning--shade-1);
[33m@n8n/design-system:build: [0m[lightningcss minify] 'global' is not recognized as a valid pseudo-class. Did you mean '::global' (pseudo-element) or is this a typo?
[33m@n8n/design-system:build: [0m549 |    --button--shadow--active: 0 0 0 1px var(--color--warning--shade-1);
[33m@n8n/design-system:build: [0m550 |  }
[33m@n8n/design-system:build: [0m551 |  :global(.n8n-button--warning):disabled, :global(.n8n-button--warning)[aria-disabled=true] {
[33m@n8n/design-system:build: [0m    |          ^
[33m@n8n/design-system:build: [0m552 |    --button--color--background: var(--color--warning--tint-1);
[33m@n8n/design-system:build: [0m553 |    --button--shadow: 0 0 0 1px var(--color--warning--tint-1);
[33m@n8n/design-system:build: [0m[lightningcss minify] 'global' is not recognized as a valid pseudo-class. Did you mean '::global' (pseudo-element) or is this a typo?
[33m@n8n/design-system:build: [0m549 |    --button--shadow--active: 0 0 0 1px var(--color--warning--shade-1);
[33m@n8n/design-system:build: [0m550 |  }
[33m@n8n/design-system:build: [0m551 |  :global(.n8n-button--warning):disabled, :global(.n8n-button--warning)[aria-disabled=true] {
[33m@n8n/design-system:build: [0m    |                                                  ^
[33m@n8n/design-system:build: [0m552 |    --button--color--background: var(--color--warning--tint-1);
[33m@n8n/design-system:build: [0m553 |    --button--shadow: 0 0 0 1px var(--color--warning--tint-1);
[33m@n8n/design-system:build: [0mcomputing gzip size...
[33m@n8n/design-system:build: [0m[2mdist/[0m[35mdesign-system.css         [39m[2m[1m  240.22 kB[0m[0m[2m │ gzip:  32.83 kB[0m
[33m@n8n/design-system:build: [0m[2mdist/[0m[36mn8n-design-system.umd.js  [39m[33m[1m2,687.21 kB[0m[39m[2m │ gzip: 687.30 kB[0m
[33m@n8n/design-system:build: [0m
[33m@n8n/design-system:build: [0m[33m[PLUGIN_TIMINGS] Warning:[0m Your build spent significant time in plugins. Here is a breakdown:
[33m@n8n/design-system:build: [0m  - unplugin-icons (58%)
[33m@n8n/design-system:build: [0m  - svg-loader (23%)
[33m@n8n/design-system:build: [0m  - vite:vue (14%)
[33m@n8n/design-system:build: [0m  - vite:css (6%)
[33m@n8n/design-system:build: [0mSee https://rolldown.rs/options/checks#plugintimings for more details.
[33m@n8n/design-system:build: [0m
[33m@n8n/design-system:build: [0m✓ built in 13.56s
[36m@n8n/chat:build: [0mcache miss, executing [2ma4282f2b7589bea9[0m
[35m@n8n/mcp-apps:build: [0mcache miss, executing [2m79ef7d596653d2a5[0m
[32m@n8n/mcp-browser-extension:build: [0mcache miss, executing [2mb13b7e736b393c70[0m
[35m@n8n/rest-api-client:build: [0mℹ [CJS] dist/index.cjs                         13.53 kB │ gzip: 2.29 kB
[35m@n8n/rest-api-client:build: [0mℹ [CJS] dist/api/index.cjs                     12.98 kB │ gzip: 2.15 kB
[35m@n8n/rest-api-client:build: [0mℹ [CJS] dist/api/secretsProvider.ee.cjs         1.68 kB │ gzip: 0.25 kB
[35m@n8n/rest-api-client:build: [0mℹ [CJS] dist/api/users.cjs                      1.22 kB │ gzip: 0.32 kB
[35m@n8n/rest-api-client:build: [0mℹ [CJS] dist/api/externalSecrets.ee.cjs         1.06 kB │ gzip: 0.23 kB
[35m@n8n/rest-api-client:build: [0mℹ [CJS] dist/api/nodeTypes.cjs                  1.01 kB │ gzip: 0.27 kB
[35m@n8n/rest-api-client:build: [0mℹ [CJS] dist/api/breaking-changes.cjs           0.78 kB │ gzip: 0.33 kB
[35m@n8n/rest-api-client:build: [0mℹ [CJS] dist/api/credentialResolvers.cjs        0.73 kB │ gzip: 0.17 kB
[35m@n8n/rest-api-client:build: [0mℹ [CJS] dist/utils.cjs                          0.61 kB │ gzip: 0.22 kB
[35m@n8n/rest-api-client:build: [0mℹ [CJS] dist/api/sso.cjs                        0.58 kB │ gzip: 0.18 kB
[35m@n8n/rest-api-client:build: [0mℹ [CJS] dist/api/eventbus.ee.cjs                0.56 kB │ gzip: 0.19 kB
[35m@n8n/rest-api-client:build: [0mℹ [CJS] dist/api/templates.cjs                  0.51 kB │ gzip: 0.18 kB
[35m@n8n/rest-api-client:build: [0mℹ [CJS] dist/api/consent.cjs                    0.50 kB │ gzip: 0.26 kB
[35m@n8n/rest-api-client:build: [0mℹ [CJS] dist/api/workflowHistory.cjs            0.49 kB │ gzip: 0.17 kB
[35m@n8n/rest-api-client:build: [0mℹ [CJS] dist/api/roles.cjs                      0.48 kB │ gzip: 0.17 kB
[35m@n8n/rest-api-client:build: [0mℹ [CJS] dist/api/roleMappingRule.cjs            0.48 kB │ gzip: 0.15 kB
[35m@n8n/rest-api-client:build: [0mℹ [CJS] dist/api/communityNodes.cjs             0.48 kB │ gzip: 0.17 kB
[35m@n8n/rest-api-client:build: [0mℹ [CJS] dist/api/cloudPlans.cjs                 0.48 kB │ gzip: 0.18 kB
[35m@n8n/rest-api-client:build: [0mℹ [CJS] dist/api/usage.cjs                      0.37 kB │ gzip: 0.17 kB
[35m@n8n/rest-api-client:build: [0mℹ [CJS] dist/api/ldap.cjs                       0.36 kB │ gzip: 0.16 kB
[35m@n8n/rest-api-client:build: [0mℹ [CJS] dist/api/mfa.cjs                        0.35 kB │ gzip: 0.17 kB
[35m@n8n/rest-api-client:build: [0mℹ [CJS] dist/api/api-keys.cjs                   0.35 kB │ gzip: 0.15 kB
[35m@n8n/rest-api-client:build: [0mℹ [CJS] dist/api/dynamic-banners.cjs            0.30 kB │ gzip: 0.20 kB
[35m@n8n/rest-api-client:build: [0mℹ [CJS] dist/api/security-settings.cjs          0.26 kB │ gzip: 0.12 kB
[35m@n8n/rest-api-client:build: [0mℹ [CJS] dist/api/provisioning.cjs               0.24 kB │ gzip: 0.12 kB
[35m@n8n/rest-api-client:build: [0mℹ [CJS] dist/api/versions.cjs                   0.20 kB │ gzip: 0.12 kB
[35m@n8n/rest-api-client:build: [0mℹ [CJS] dist/api/instance-version-history.cjs   0.20 kB │ gzip: 0.13 kB
[35m@n8n/rest-api-client:build: [0mℹ [CJS] dist/api/third-party-licenses.cjs       0.19 kB │ gzip: 0.12 kB
[35m@n8n/rest-api-client:build: [0mℹ [CJS] dist/api/instance-registry.cjs          0.16 kB │ gzip: 0.12 kB
[35m@n8n/rest-api-client:build: [0mℹ [CJS] dist/api/module-settings.cjs            0.16 kB │ gzip: 0.11 kB
[35m@n8n/rest-api-client:build: [0mℹ [CJS] dist/api/orchestration.cjs              0.16 kB │ gzip: 0.11 kB
[35m@n8n/rest-api-client:build: [0mℹ [CJS] dist/api/npsSurvey.cjs                  0.15 kB │ gzip: 0.10 kB
[35m@n8n/rest-api-client:build: [0mℹ [CJS] dist/api/ai-usage.cjs                   0.15 kB │ gzip: 0.11 kB
[35m@n8n/rest-api-client:build: [0mℹ [CJS] dist/api/ui.cjs                         0.14 kB │ gzip: 0.11 kB
[35m@n8n/rest-api-client:build: [0mℹ [CJS] dist/api/ctas.cjs                       0.14 kB │ gzip: 0.10 kB
[35m@n8n/rest-api-client:build: [0mℹ [CJS] dist/api/events.cjs                     0.13 kB │ gzip: 0.10 kB
[35m@n8n/rest-api-client:build: [0mℹ [CJS] dist/api/settings.cjs                   0.13 kB │ gzip: 0.09 kB
[35m@n8n/rest-api-client:build: [0mℹ [CJS] dist/api/webhooks.cjs                   0.13 kB │ gzip: 0.10 kB
[35m@n8n/rest-api-client:build: [0mℹ [CJS] dist/api/execution.cjs                  0.00 kB │ gzip: 0.02 kB
[35m@n8n/rest-api-client:build: [0mℹ [CJS] dist/api/tags.cjs                       0.00 kB │ gzip: 0.02 kB
[35m@n8n/rest-api-client:build: [0mℹ [CJS] dist/api/workflows.cjs                  0.00 kB │ gzip: 0.02 kB
[35m@n8n/rest-api-client:build: [0mℹ [CJS] dist/types.cjs                          0.00 kB │ gzip: 0.02 kB
[35m@n8n/rest-api-client:build: [0mℹ [CJS] dist/utils2.cjs.map                    14.06 kB │ gzip: 4.58 kB
[35m@n8n/rest-api-client:build: [0mℹ [CJS] dist/utils2.cjs                         9.20 kB │ gzip: 2.96 kB
[35m@n8n/rest-api-client:build: [0mℹ [CJS] dist/users.cjs.map                      8.43 kB │ gzip: 1.76 kB
[35m@n8n/rest-api-client:build: [0mℹ [CJS] dist/secretsProvider.ee.cjs.map         6.54 kB │ gzip: 1.07 kB
[35m@n8n/rest-api-client:build: [0mℹ [CJS] dist/templates.cjs.map                  6.40 kB │ gzip: 1.74 kB
[35m@n8n/rest-api-client:build: [0mℹ [CJS] dist/nodeTypes.cjs.map                  5.75 kB │ gzip: 1.64 kB
[35m@n8n/rest-api-client:build: [0mℹ [CJS] dist/secretsProvider.ee.cjs             5.63 kB │ gzip: 0.64 kB
[35m@n8n/rest-api-client:build: [0mℹ [CJS] dist/users.cjs                          5.38 kB │ gzip: 0.82 kB
[35m@n8n/rest-api-client:build: [0mℹ [CJS] dist/nodeTypes.cjs                      4.75 kB │ gzip: 1.08 kB
[35m@n8n/rest-api-client:build: [0mℹ [CJS] dist/externalSecrets.ee.cjs.map         4.23 kB │ gzip: 1.02 kB
[35m@n8n/rest-api-client:build: [0mℹ [CJS] dist/externalSecrets.ee.cjs             3.84 kB │ gzip: 0.66 kB
[35m@n8n/rest-api-client:build: [0mℹ [CJS] dist/workflowHistory.cjs.map            3.80 kB │ gzip: 1.05 kB
[35m@n8n/rest-api-client:build: [0mℹ [CJS] dist/cloudPlans.cjs.map                 3.72 kB │ gzip: 1.38 kB
[35m@n8n/rest-api-client:build: [0mℹ [CJS] dist/roleMappingRule.cjs.map            3.54 kB │ gzip: 1.17 kB
[35m@n8n/rest-api-client:build: [0mℹ [CJS] dist/sso.cjs.map                        3.21 kB │ gzip: 0.82 kB
[35m@n8n/rest-api-client:build: [0mℹ [CJS] dist/credentialResolvers.cjs.map        2.88 kB │ gzip: 0.79 kB
[35m@n8n/rest-api-client:build: [0mℹ [CJS] dist/sso.cjs                            2.79 kB │ gzip: 0.51 kB
[35m@n8n/rest-api-client:build: [0mℹ [CJS] dist/ldap.cjs.map                       2.63 kB │ gzip: 0.90 kB
[35m@n8n/rest-api-client:build: [0mℹ [CJS] dist/roles.cjs.map                      2.52 kB │ gzip: 0.75 kB
[35m@n8n/rest-api-client:build: [0mℹ [CJS] dist/templates.cjs                      2.50 kB │ gzip: 0.59 kB
[35m@n8n/rest-api-client:build: [0mℹ [CJS] dist/credentialResolvers.cjs            2.42 kB │ gzip: 0.49 kB
[35m@n8n/rest-api-client:build: [0mℹ [CJS] dist/eventbus.ee.cjs.map                2.33 kB │ gzip: 0.79 kB
[35m@n8n/rest-api-client:build: [0mℹ [CJS] dist/communityNodes.cjs.map             2.11 kB │ gzip: 0.82 kB
[35m@n8n/rest-api-client:build: [0mℹ [CJS] dist/roles.cjs                          2.10 kB │ gzip: 0.49 kB
[35m@n8n/rest-api-client:build: [0mℹ [CJS] dist/versions.cjs.map                   2.05 kB │ gzip: 0.78 kB
[35m@n8n/rest-api-client:build: [0mℹ [CJS] dist/api-keys.cjs.map                   1.96 kB │ gzip: 0.66 kB
[35m@n8n/rest-api-client:build: [0mℹ [CJS] dist/eventbus.ee.cjs                    1.94 kB │ gzip: 0.50 kB
[35m@n8n/rest-api-client:build: [0mℹ [CJS] dist/roleMappingRule.cjs                1.94 kB │ gzip: 0.58 kB
[35m@n8n/rest-api-client:build: [0mℹ [CJS] dist/workflowHistory.cjs                1.90 kB │ gzip: 0.46 kB
[35m@n8n/rest-api-client:build: [0mℹ [CJS] dist/mfa.cjs.map                        1.88 kB │ gzip: 0.61 kB
[35m@n8n/rest-api-client:build: [0mℹ [CJS] dist/usage.cjs.map                      1.80 kB │ gzip: 0.64 kB
[35m@n8n/rest-api-client:build: [0mℹ [CJS] dist/communityNodes.cjs                 1.76 kB │ gzip: 0.57 kB
[35m@n8n/rest-api-client:build: [0mℹ [CJS] dist/cloudPlans.cjs                     1.69 kB │ gzip: 0.43 kB
[35m@n8n/rest-api-client:build: [0mℹ [CJS] dist/mfa.cjs                            1.63 kB │ gzip: 0.41 kB
[35m@n8n/rest-api-client:build: [0mℹ [CJS] dist/api/breaking-changes.cjs.map       1.56 kB │ gzip: 0.62 kB
[35m@n8n/rest-api-client:build: [0mℹ [CJS] dist/usage.cjs                          1.52 kB │ gzip: 0.42 kB
[35m@n8n/rest-api-client:build: [0mℹ [CJS] dist/ldap.cjs                           1.47 kB │ gzip: 0.40 kB
[35m@n8n/rest-api-client:build: [0mℹ [CJS] dist/api-keys.cjs                       1.43 kB │ gzip: 0.40 kB
[35m@n8n/rest-api-client:build: [0mℹ [CJS] dist/provisioning.cjs.map               1.22 kB │ gzip: 0.51 kB
[35m@n8n/rest-api-client:build: [0mℹ [CJS] dist/api/consent.cjs.map                0.96 kB │ gzip: 0.45 kB
[35m@n8n/rest-api-client:build: [0mℹ [CJS] dist/api/dynamic-banners.cjs.map        0.94 kB │ gzip: 0.51 kB
[35m@n8n/rest-api-client:build: [0mℹ [CJS] dist/security-settings.cjs.map          0.90 kB │ gzip: 0.40 kB
[35m@n8n/rest-api-client:build: [0mℹ [CJS] dist/versions.cjs                       0.88 kB │ gzip: 0.37 kB
[35m@n8n/rest-api-client:build: [0mℹ [CJS] dist/provisioning.cjs                   0.73 kB │ gzip: 0.32 kB
[35m@n8n/rest-api-client:build: [0mℹ [CJS] dist/webhooks.cjs.map                   0.73 kB │ gzip: 0.42 kB
[35m@n8n/rest-api-client:build: [0mℹ [CJS] dist/security-settings.cjs              0.71 kB │ gzip: 0.31 kB
[35m@n8n/rest-api-client:build: [0mℹ [CJS] dist/ui.cjs.map                         0.66 kB │ gzip: 0.40 kB
[35m@n8n/rest-api-client:build: [0mℹ [CJS] dist/instance-version-history.cjs.map   0.64 kB │ gzip: 0.40 kB
[35m@n8n/rest-api-client:build: [0mℹ [CJS] dist/ai-usage.cjs.map                   0.60 kB │ gzip: 0.35 kB
[35m@n8n/rest-api-client:build: [0mℹ [CJS] dist/instance-registry.cjs.map          0.57 kB │ gzip: 0.33 kB
[35m@n8n/rest-api-client:build: [0mℹ [CJS] dist/module-settings.cjs.map            0.56 kB │ gzip: 0.32 kB
[35m@n8n/rest-api-client:build: [0mℹ [CJS] dist/orchestration.cjs.map              0.56 kB │ gzip: 0.35 kB
[35m@n8n/rest-api-client:build: [0mℹ [CJS] dist/third-party-licenses.cjs.map       0.55 kB │ gzip: 0.35 kB
[35m@n8n/rest-api-client:build: [0mℹ [CJS] dist/npsSurvey.cjs.map                  0.55 kB │ gzip: 0.33 kB
[35m@n8n/rest-api-client:build: [0mℹ [CJS] dist/settings.cjs.map                   0.52 kB │ gzip: 0.31 kB
[35m@n8n/rest-api-client:build: [0mℹ [CJS] dist/instance-version-history.cjs       0.49 kB │ gzip: 0.30 kB
[35m@n8n/rest-api-client:build: [0mℹ [CJS] dist/third-party-licenses.cjs           0.47 kB │ gzip: 0.29 kB
[35m@n8n/rest-api-client:build: [0mℹ [CJS] dist/orchestration.cjs                  0.47 kB │ gzip: 0.30 kB
[35m@n8n/rest-api-client:build: [0mℹ [CJS] dist/events.cjs.map                     0.46 kB │ gzip: 0.30 kB
[35m@n8n/rest-api-client:build: [0mℹ [CJS] dist/ctas.cjs.map                       0.45 kB │ gzip: 0.31 kB
[35m@n8n/rest-api-client:build: [0mℹ [CJS] dist/ui.cjs                             0.44 kB │ gzip: 0.29 kB
[35m@n8n/rest-api-client:build: [0mℹ [CJS] dist/npsSurvey.cjs                      0.42 kB │ gzip: 0.28 kB
[35m@n8n/rest-api-client:build: [0mℹ [CJS] dist/ai-usage.cjs                       0.42 kB │ gzip: 0.28 kB
[35m@n8n/rest-api-client:build: [0mℹ [CJS] dist/instance-registry.cjs              0.41 kB │ gzip: 0.27 kB
[35m@n8n/rest-api-client:build: [0mℹ [CJS] dist/module-settings.cjs                0.41 kB │ gzip: 0.27 kB
[35m@n8n/rest-api-client:build: [0mℹ [CJS] dist/webhooks.cjs                       0.39 kB │ gzip: 0.27 kB
[35m@n8n/rest-api-client:build: [0mℹ [CJS] dist/events.cjs                         0.39 kB │ gzip: 0.27 kB
[35m@n8n/rest-api-client:build: [0mℹ [CJS] dist/ctas.cjs                           0.38 kB │ gzip: 0.26 kB
[35m@n8n/rest-api-client:build: [0mℹ [CJS] dist/settings.cjs                       0.37 kB │ gzip: 0.26 kB
[35m@n8n/rest-api-client:build: [0mℹ [CJS] dist/api.cjs                            0.00 kB │ gzip: 0.02 kB
[35m@n8n/rest-api-client:build: [0mℹ [CJS] 112 files, total: 195.97 kB
[35m@n8n/rest-api-client:build: [0m[33m[EMPTY_IMPORT_META] Warning:[0m `import.meta` may not be a valid syntax with the `cjs` output format.
[35m@n8n/rest-api-client:build: [0m     [38;5;246m╭[0m[38;5;246m─[0m[38;5;246m[[0m src/utils.ts:120:3 [38;5;246m][0m
[35m@n8n/rest-api-client:build: [0m     [38;5;246m│[0m
[35m@n8n/rest-api-client:build: [0m [38;5;246m120 │[0m [38;5;249m [0m[38;5;249m [0m[38;5;249m [0m[38;5;249m [0m[38;5;249m [0m[38;5;249m [0m[38;5;249m [0mimport.meta[38;5;249m.[0m[38;5;249me[0m[38;5;249mn[0m[38;5;249mv[0m[38;5;249m.[0m[38;5;249mN[0m[38;5;249mO[0m[38;5;249mD[0m[38;5;249mE[0m[38;5;249m_[0m[38;5;249mE[0m[38;5;249mN[0m[38;5;249mV[0m[38;5;249m [0m[38;5;249m![0m[38;5;249m=[0m[38;5;249m=[0m[38;5;249m [0m[38;5;249m'[0m[38;5;249mp[0m[38;5;249mr[0m[38;5;249mo[0m[38;5;249md[0m[38;5;249mu[0m[38;5;249mc[0m[38;5;249mt[0m[38;5;249mi[0m[38;5;249mo[0m[38;5;249mn[0m[38;5;249m'[0m[38;5;249m [0m[38;5;249m&[0m[38;5;249m&[0m
[35m@n8n/rest-api-client:build: [0m [38;5;240m    │[0m        ─────┬─────  
[35m@n8n/rest-api-client:build: [0m [38;5;240m    │[0m             ╰─────── This `import.meta` will be replaced with an empty object (`{}`) automatically. If this is desired, you can suppress this warning by adding `transform.define: { 'import.meta': {} }`. If `import.meta` needs to be kept as-is, you need to set the output format to `esm`.
[35m@n8n/rest-api-client:build: [0m[38;5;246m─────╯[0m
[35m@n8n/rest-api-client:build: [0m
[33m@n8n/instance-ai:build: [0mcache miss, executing [2md458e106bf40f330[0m
[36m@n8n/chat:build: [0m(node:81302) Warning: The 'NO_COLOR' env is ignored due to the 'FORCE_COLOR' env being set.
[36m@n8n/chat:build: [0m(Use `node --trace-warnings ...` to show where the warning was created)
[32m@n8n/mcp-browser-extension:build: [0m(node:81304) Warning: The 'NO_COLOR' env is ignored due to the 'FORCE_COLOR' env being set.
[32m@n8n/mcp-browser-extension:build: [0m(Use `node --trace-warnings ...` to show where the warning was created)
[35m@n8n/mcp-apps:build: [0m(node:81303) Warning: The 'NO_COLOR' env is ignored due to the 'FORCE_COLOR' env being set.
[35m@n8n/mcp-apps:build: [0m(Use `node --trace-warnings ...` to show where the warning was created)
[32m@n8n/mcp-browser-extension:build: [0m
[32m@n8n/mcp-browser-extension:build: [0m> @n8n/mcp-browser-extension@0.0.3 build /Users/baivab/Workspace/Personal/n8n_forked/n8n/packages/@n8n/mcp-browser-extension
[32m@n8n/mcp-browser-extension:build: [0m> vite build --config vite.sw.config.mts && vite build --config vite.ui.config.mts
[32m@n8n/mcp-browser-extension:build: [0m
[35m@n8n/mcp-apps:build: [0m
[35m@n8n/mcp-apps:build: [0m> @n8n/mcp-apps@0.3.0 build /Users/baivab/Workspace/Personal/n8n_forked/n8n/packages/@n8n/mcp-apps
[35m@n8n/mcp-apps:build: [0m> pnpm build:ui && pnpm build:server
[35m@n8n/mcp-apps:build: [0m
[36m@n8n/chat:build: [0m
[36m@n8n/chat:build: [0m> @n8n/chat@1.25.0 build /Users/baivab/Workspace/Personal/n8n_forked/n8n/packages/frontend/@n8n/chat
[36m@n8n/chat:build: [0m> pnpm build:vite && pnpm build:bundle
[36m@n8n/chat:build: [0m
[35m@n8n/rest-api-client:build: [0mℹ [ESM] dist/index.mjs                            9.04 kB │ gzip: 2.18 kB
[35m@n8n/rest-api-client:build: [0mℹ [ESM] dist/api/index.mjs                        8.70 kB │ gzip: 2.03 kB
[35m@n8n/rest-api-client:build: [0mℹ [ESM] dist/api/secretsProvider.ee.mjs           1.20 kB │ gzip: 0.26 kB
[35m@n8n/rest-api-client:build: [0mℹ [ESM] dist/api/users.mjs                        0.87 kB │ gzip: 0.33 kB
[35m@n8n/rest-api-client:build: [0mℹ [ESM] dist/api/nodeTypes.mjs                    0.73 kB │ gzip: 0.27 kB
[35m@n8n/rest-api-client:build: [0mℹ [ESM] dist/api/externalSecrets.ee.mjs           0.70 kB │ gzip: 0.23 kB
[35m@n8n/rest-api-client:build: [0mℹ [ESM] dist/api/breaking-changes.mjs             0.69 kB │ gzip: 0.32 kB
[35m@n8n/rest-api-client:build: [0mℹ [ESM] dist/api/credentialResolvers.mjs          0.48 kB │ gzip: 0.17 kB
[35m@n8n/rest-api-client:build: [0mℹ [ESM] dist/api/consent.mjs                      0.44 kB │ gzip: 0.24 kB
[35m@n8n/rest-api-client:build: [0mℹ [ESM] dist/api/sso.mjs                          0.42 kB │ gzip: 0.18 kB
[35m@n8n/rest-api-client:build: [0mℹ [ESM] dist/utils.mjs                            0.41 kB │ gzip: 0.23 kB
[35m@n8n/rest-api-client:build: [0mℹ [ESM] dist/api/eventbus.ee.mjs                  0.40 kB │ gzip: 0.19 kB
[35m@n8n/rest-api-client:build: [0mℹ [ESM] dist/api/roles.mjs                        0.35 kB │ gzip: 0.17 kB
[35m@n8n/rest-api-client:build: [0mℹ [ESM] dist/api/templates.mjs                    0.35 kB │ gzip: 0.17 kB
[35m@n8n/rest-api-client:build: [0mℹ [ESM] dist/api/workflowHistory.mjs              0.33 kB │ gzip: 0.16 kB
[35m@n8n/rest-api-client:build: [0mℹ [ESM] dist/api/communityNodes.mjs               0.33 kB │ gzip: 0.17 kB
[35m@n8n/rest-api-client:build: [0mℹ [ESM] dist/api/cloudPlans.mjs                   0.33 kB │ gzip: 0.18 kB
[35m@n8n/rest-api-client:build: [0mℹ [ESM] dist/api/roleMappingRule.mjs              0.33 kB │ gzip: 0.15 kB
[35m@n8n/rest-api-client:build: [0mℹ [ESM] dist/api/usage.mjs                        0.28 kB │ gzip: 0.16 kB
[35m@n8n/rest-api-client:build: [0mℹ [ESM] dist/api/ldap.mjs                         0.27 kB │ gzip: 0.16 kB
[35m@n8n/rest-api-client:build: [0mℹ [ESM] dist/api/dynamic-banners.mjs              0.27 kB │ gzip: 0.19 kB
[35m@n8n/rest-api-client:build: [0mℹ [ESM] dist/api/mfa.mjs                          0.25 kB │ gzip: 0.16 kB
[35m@n8n/rest-api-client:build: [0mℹ [ESM] dist/api/api-keys.mjs                     0.24 kB │ gzip: 0.14 kB
[35m@n8n/rest-api-client:build: [0mℹ [ESM] dist/api/security-settings.mjs            0.18 kB │ gzip: 0.12 kB
[35m@n8n/rest-api-client:build: [0mℹ [ESM] dist/api/provisioning.mjs                 0.18 kB │ gzip: 0.11 kB
[35m@n8n/rest-api-client:build: [0mℹ [ESM] dist/api/versions.mjs                     0.15 kB │ gzip: 0.12 kB
[35m@n8n/rest-api-client:build: [0mℹ [ESM] dist/api/instance-version-history.mjs     0.13 kB │ gzip: 0.12 kB
[35m@n8n/rest-api-client:build: [0mℹ [ESM] dist/api/third-party-licenses.mjs         0.13 kB │ gzip: 0.10 kB
[35m@n8n/rest-api-client:build: [0mℹ [ESM] dist/api/orchestration.mjs                0.12 kB │ gzip: 0.10 kB
[35m@n8n/rest-api-client:build: [0mℹ [ESM] dist/api/ai-usage.mjs                     0.12 kB │ gzip: 0.10 kB
[35m@n8n/rest-api-client:build: [0mℹ [ESM] dist/api/ui.mjs                           0.12 kB │ gzip: 0.10 kB
[35m@n8n/rest-api-client:build: [0mℹ [ESM] dist/api/module-settings.mjs              0.12 kB │ gzip: 0.10 kB
[35m@n8n/rest-api-client:build: [0mℹ [ESM] dist/api/npsSurvey.mjs                    0.12 kB │ gzip: 0.10 kB
[35m@n8n/rest-api-client:build: [0mℹ [ESM] dist/api/instance-registry.mjs            0.12 kB │ gzip: 0.10 kB
[35m@n8n/rest-api-client:build: [0mℹ [ESM] dist/api/ctas.mjs                         0.11 kB │ gzip: 0.10 kB
[35m@n8n/rest-api-client:build: [0mℹ [ESM] dist/api/events.mjs                       0.10 kB │ gzip: 0.09 kB
[35m@n8n/rest-api-client:build: [0mℹ [ESM] dist/api/settings.mjs                     0.10 kB │ gzip: 0.09 kB
[35m@n8n/rest-api-client:build: [0mℹ [ESM] dist/api/webhooks.mjs                     0.10 kB │ gzip: 0.09 kB
[35m@n8n/rest-api-client:build: [0mℹ [ESM] dist/api/execution.mjs                    0.01 kB │ gzip: 0.03 kB
[35m@n8n/rest-api-client:build: [0mℹ [ESM] dist/api/tags.mjs                         0.01 kB │ gzip: 0.03 kB
[35m@n8n/rest-api-client:build: [0mℹ [ESM] dist/api/workflows.mjs                    0.01 kB │ gzip: 0.03 kB
[35m@n8n/rest-api-client:build: [0mℹ [ESM] dist/types.mjs                            0.01 kB │ gzip: 0.03 kB
[35m@n8n/rest-api-client:build: [0mℹ [ESM] dist/utils2.mjs.map                      14.00 kB │ gzip: 4.57 kB
[35m@n8n/rest-api-client:build: [0mℹ [ESM] dist/users.mjs.map                        8.39 kB │ gzip: 1.76 kB
[35m@n8n/rest-api-client:build: [0mℹ [ESM] dist/utils2.mjs                           6.86 kB │ gzip: 2.46 kB
[35m@n8n/rest-api-client:build: [0mℹ [ESM] dist/secretsProvider.ee.mjs.map           6.51 kB │ gzip: 1.07 kB
[35m@n8n/rest-api-client:build: [0mℹ [ESM] dist/templates.mjs.map                    6.38 kB │ gzip: 1.73 kB
[35m@n8n/rest-api-client:build: [0mℹ [ESM] dist/nodeTypes.mjs.map                    5.72 kB │ gzip: 1.63 kB
[35m@n8n/rest-api-client:build: [0mℹ [ESM] dist/externalSecrets.ee.mjs.map           4.20 kB │ gzip: 1.01 kB
[35m@n8n/rest-api-client:build: [0mℹ [ESM] dist/workflowHistory.mjs.map              3.77 kB │ gzip: 1.04 kB
[35m@n8n/rest-api-client:build: [0mℹ [ESM] dist/cloudPlans.mjs.map                   3.69 kB │ gzip: 1.37 kB
[35m@n8n/rest-api-client:build: [0mℹ [ESM] dist/secretsProvider.ee.mjs               3.57 kB │ gzip: 0.56 kB
[35m@n8n/rest-api-client:build: [0mℹ [ESM] dist/roleMappingRule.mjs.map              3.51 kB │ gzip: 1.16 kB
[35m@n8n/rest-api-client:build: [0mℹ [ESM] dist/nodeTypes.mjs                        3.18 kB │ gzip: 0.97 kB
[35m@n8n/rest-api-client:build: [0mℹ [ESM] dist/sso.mjs.map                          3.17 kB │ gzip: 0.81 kB
[35m@n8n/rest-api-client:build: [0mℹ [ESM] dist/users.mjs                            3.07 kB │ gzip: 0.71 kB
[35m@n8n/rest-api-client:build: [0mℹ [ESM] dist/credentialResolvers.mjs.map          2.85 kB │ gzip: 0.78 kB
[35m@n8n/rest-api-client:build: [0mℹ [ESM] dist/ldap.mjs.map                         2.61 kB │ gzip: 0.89 kB
[35m@n8n/rest-api-client:build: [0mℹ [ESM] dist/roles.mjs.map                        2.49 kB │ gzip: 0.75 kB
[35m@n8n/rest-api-client:build: [0mℹ [ESM] dist/externalSecrets.ee.mjs               2.43 kB │ gzip: 0.56 kB
[35m@n8n/rest-api-client:build: [0mℹ [ESM] dist/eventbus.ee.mjs.map                  2.31 kB │ gzip: 0.79 kB
[35m@n8n/rest-api-client:build: [0mℹ [ESM] dist/communityNodes.mjs.map               2.04 kB │ gzip: 0.80 kB
[35m@n8n/rest-api-client:build: [0mℹ [ESM] dist/versions.mjs.map                     1.99 kB │ gzip: 0.76 kB
[35m@n8n/rest-api-client:build: [0mℹ [ESM] dist/api-keys.mjs.map                     1.94 kB │ gzip: 0.66 kB
[35m@n8n/rest-api-client:build: [0mℹ [ESM] dist/mfa.mjs.map                          1.85 kB │ gzip: 0.61 kB
[35m@n8n/rest-api-client:build: [0mℹ [ESM] dist/usage.mjs.map                        1.77 kB │ gzip: 0.63 kB
[35m@n8n/rest-api-client:build: [0mℹ [ESM] dist/templates.mjs                        1.66 kB │ gzip: 0.51 kB
[35m@n8n/rest-api-client:build: [0mℹ [ESM] dist/sso.mjs                              1.62 kB │ gzip: 0.41 kB
[35m@n8n/rest-api-client:build: [0mℹ [ESM] dist/api/breaking-changes.mjs.map         1.53 kB │ gzip: 0.60 kB
[35m@n8n/rest-api-client:build: [0mℹ [ESM] dist/credentialResolvers.mjs              1.53 kB │ gzip: 0.40 kB
[35m@n8n/rest-api-client:build: [0mℹ [ESM] dist/roleMappingRule.mjs                  1.32 kB │ gzip: 0.51 kB
[35m@n8n/rest-api-client:build: [0mℹ [ESM] dist/workflowHistory.mjs                  1.29 kB │ gzip: 0.39 kB
[35m@n8n/rest-api-client:build: [0mℹ [ESM] dist/roles.mjs                            1.27 kB │ gzip: 0.41 kB
[35m@n8n/rest-api-client:build: [0mℹ [ESM] dist/eventbus.ee.mjs                      1.20 kB │ gzip: 0.42 kB
[35m@n8n/rest-api-client:build: [0mℹ [ESM] dist/provisioning.mjs.map                 1.20 kB │ gzip: 0.50 kB
[35m@n8n/rest-api-client:build: [0mℹ [ESM] dist/communityNodes.mjs                   1.17 kB │ gzip: 0.50 kB
[35m@n8n/rest-api-client:build: [0mℹ [ESM] dist/cloudPlans.mjs                       0.97 kB │ gzip: 0.36 kB
[35m@n8n/rest-api-client:build: [0mℹ [ESM] dist/mfa.mjs                              0.95 kB │ gzip: 0.33 kB
[35m@n8n/rest-api-client:build: [0mℹ [ESM] dist/api/consent.mjs.map                  0.94 kB │ gzip: 0.45 kB
[35m@n8n/rest-api-client:build: [0mℹ [ESM] dist/api/dynamic-banners.mjs.map          0.94 kB │ gzip: 0.50 kB
[35m@n8n/rest-api-client:build: [0mℹ [ESM] dist/usage.mjs                            0.92 kB │ gzip: 0.34 kB
[35m@n8n/rest-api-client:build: [0mℹ [ESM] dist/security-settings.mjs.map            0.88 kB │ gzip: 0.40 kB
[35m@n8n/rest-api-client:build: [0mℹ [ESM] dist/ldap.mjs                             0.88 kB │ gzip: 0.33 kB
[35m@n8n/rest-api-client:build: [0mℹ [ESM] dist/api-keys.mjs                         0.86 kB │ gzip: 0.32 kB
[35m@n8n/rest-api-client:build: [0mℹ [ESM] dist/webhooks.mjs.map                     0.71 kB │ gzip: 0.41 kB
[35m@n8n/rest-api-client:build: [0mℹ [ESM] dist/ui.mjs.map                           0.64 kB │ gzip: 0.40 kB
[35m@n8n/rest-api-client:build: [0mℹ [ESM] dist/instance-version-history.mjs.map     0.63 kB │ gzip: 0.40 kB
[35m@n8n/rest-api-client:build: [0mℹ [ESM] dist/versions.mjs                         0.62 kB │ gzip: 0.30 kB
[35m@n8n/rest-api-client:build: [0mℹ [ESM] dist/ai-usage.mjs.map                     0.58 kB │ gzip: 0.35 kB
[35m@n8n/rest-api-client:build: [0mℹ [ESM] dist/instance-registry.mjs.map            0.55 kB │ gzip: 0.33 kB
[35m@n8n/rest-api-client:build: [0mℹ [ESM] dist/third-party-licenses.mjs.map         0.54 kB │ gzip: 0.35 kB
[35m@n8n/rest-api-client:build: [0mℹ [ESM] dist/module-settings.mjs.map              0.54 kB │ gzip: 0.32 kB
[35m@n8n/rest-api-client:build: [0mℹ [ESM] dist/orchestration.mjs.map                0.54 kB │ gzip: 0.35 kB
[35m@n8n/rest-api-client:build: [0mℹ [ESM] dist/npsSurvey.mjs.map                    0.53 kB │ gzip: 0.33 kB
[35m@n8n/rest-api-client:build: [0mℹ [ESM] dist/settings.mjs.map                     0.50 kB │ gzip: 0.31 kB
[35m@n8n/rest-api-client:build: [0mℹ [ESM] dist/provisioning.mjs                     0.50 kB │ gzip: 0.25 kB
[35m@n8n/rest-api-client:build: [0mℹ [ESM] dist/security-settings.mjs                0.48 kB │ gzip: 0.24 kB
[35m@n8n/rest-api-client:build: [0mℹ [ESM] dist/ctas.mjs.map                         0.45 kB │ gzip: 0.31 kB
[35m@n8n/rest-api-client:build: [0mℹ [ESM] dist/events.mjs.map                       0.44 kB │ gzip: 0.30 kB
[35m@n8n/rest-api-client:build: [0mℹ [ESM] dist/instance-version-history.mjs         0.37 kB │ gzip: 0.24 kB
[35m@n8n/rest-api-client:build: [0mℹ [ESM] dist/orchestration.mjs                    0.36 kB │ gzip: 0.24 kB
[35m@n8n/rest-api-client:build: [0mℹ [ESM] dist/third-party-licenses.mjs             0.35 kB │ gzip: 0.24 kB
[35m@n8n/rest-api-client:build: [0mℹ [ESM] dist/ui.mjs                               0.33 kB │ gzip: 0.23 kB
[35m@n8n/rest-api-client:build: [0mℹ [ESM] dist/npsSurvey.mjs                        0.32 kB │ gzip: 0.22 kB
[35m@n8n/rest-api-client:build: [0mℹ [ESM] dist/ai-usage.mjs                         0.31 kB │ gzip: 0.22 kB
[35m@n8n/rest-api-client:build: [0mℹ [ESM] dist/instance-registry.mjs                0.31 kB │ gzip: 0.21 kB
[35m@n8n/rest-api-client:build: [0mℹ [ESM] dist/module-settings.mjs                  0.30 kB │ gzip: 0.20 kB
[35m@n8n/rest-api-client:build: [0mℹ [ESM] dist/webhooks.mjs                         0.29 kB │ gzip: 0.21 kB
[35m@n8n/rest-api-client:build: [0mℹ [ESM] dist/events.mjs                           0.29 kB │ gzip: 0.21 kB
[35m@n8n/rest-api-client:build: [0mℹ [ESM] dist/settings.mjs                         0.27 kB │ gzip: 0.20 kB
[35m@n8n/rest-api-client:build: [0mℹ [ESM] dist/ctas.mjs                             0.26 kB │ gzip: 0.20 kB
[35m@n8n/rest-api-client:build: [0mℹ [ESM] dist/api.mjs                              0.01 kB │ gzip: 0.03 kB
[35m@n8n/rest-api-client:build: [0mℹ [ESM] dist/index.d.mts                         11.88 kB │ gzip: 2.77 kB
[35m@n8n/rest-api-client:build: [0mℹ [ESM] dist/api/index.d.mts                     11.47 kB │ gzip: 2.62 kB
[35m@n8n/rest-api-client:build: [0mℹ [ESM] dist/api/users.d.mts                      1.37 kB │ gzip: 0.44 kB
[35m@n8n/rest-api-client:build: [0mℹ [ESM] dist/api/secretsProvider.ee.d.mts         1.20 kB │ gzip: 0.26 kB
[35m@n8n/rest-api-client:build: [0mℹ [ESM] dist/api/templates.d.mts                  1.12 kB │ gzip: 0.33 kB
[35m@n8n/rest-api-client:build: [0mℹ [ESM] dist/api/workflowHistory.d.mts            0.79 kB │ gzip: 0.26 kB
[35m@n8n/rest-api-client:build: [0mℹ [ESM] dist/api/breaking-changes.d.mts           0.77 kB │ gzip: 0.32 kB
[35m@n8n/rest-api-client:build: [0mℹ [ESM] dist/api/dynamic-banners.d.mts            0.75 kB │ gzip: 0.40 kB
[35m@n8n/rest-api-client:build: [0mℹ [ESM] dist/api/nodeTypes.d.mts                  0.73 kB │ gzip: 0.26 kB
[35m@n8n/rest-api-client:build: [0mℹ [ESM] dist/api/externalSecrets.ee.d.mts         0.70 kB │ gzip: 0.23 kB
[35m@n8n/rest-api-client:build: [0mℹ [ESM] dist/api/consent.d.mts                    0.57 kB │ gzip: 0.28 kB
[35m@n8n/rest-api-client:build: [0mℹ [ESM] dist/api/roleMappingRule.d.mts            0.55 kB │ gzip: 0.19 kB
[35m@n8n/rest-api-client:build: [0mℹ [ESM] dist/api/credentialResolvers.d.mts        0.48 kB │ gzip: 0.17 kB
[35m@n8n/rest-api-client:build: [0mℹ [ESM] dist/api/sso.d.mts                        0.48 kB │ gzip: 0.21 kB
[35m@n8n/rest-api-client:build: [0mℹ [ESM] dist/api/eventbus.ee.d.mts                0.48 kB │ gzip: 0.21 kB
[35m@n8n/rest-api-client:build: [0mℹ [ESM] dist/utils.d.mts                          0.43 kB │ gzip: 0.23 kB
[35m@n8n/rest-api-client:build: [0mℹ [ESM] dist/api/cloudPlans.d.mts                 0.43 kB │ gzip: 0.22 kB
[35m@n8n/rest-api-client:build: [0mℹ [ESM] dist/api/ldap.d.mts                       0.37 kB │ gzip: 0.18 kB
[35m@n8n/rest-api-client:build: [0mℹ [ESM] dist/api/roles.d.mts                      0.35 kB │ gzip: 0.17 kB
[35m@n8n/rest-api-client:build: [0mℹ [ESM] dist/api/communityNodes.d.mts             0.33 kB │ gzip: 0.17 kB
[35m@n8n/rest-api-client:build: [0mℹ [ESM] dist/api/mfa.d.mts                        0.29 kB │ gzip: 0.17 kB
[35m@n8n/rest-api-client:build: [0mℹ [ESM] dist/api/provisioning.d.mts               0.28 kB │ gzip: 0.13 kB
[35m@n8n/rest-api-client:build: [0mℹ [ESM] dist/api/usage.d.mts                      0.28 kB │ gzip: 0.16 kB
[35m@n8n/rest-api-client:build: [0mℹ [ESM] dist/api/versions.d.mts                   0.26 kB │ gzip: 0.14 kB
[35m@n8n/rest-api-client:build: [0mℹ [ESM] dist/api/api-keys.d.mts                   0.23 kB │ gzip: 0.14 kB
[35m@n8n/rest-api-client:build: [0mℹ [ESM] dist/api/workflows.d.mts                  0.23 kB │ gzip: 0.13 kB
[35m@n8n/rest-api-client:build: [0mℹ [ESM] dist/api/security-settings.d.mts          0.18 kB │ gzip: 0.12 kB
[35m@n8n/rest-api-client:build: [0mℹ [ESM] dist/api/instance-version-history.d.mts   0.13 kB │ gzip: 0.12 kB
[35m@n8n/rest-api-client:build: [0mℹ [ESM] dist/api/third-party-licenses.d.mts       0.13 kB │ gzip: 0.10 kB
[35m@n8n/rest-api-client:build: [0mℹ [ESM] dist/api/orchestration.d.mts              0.12 kB │ gzip: 0.10 kB
[35m@n8n/rest-api-client:build: [0mℹ [ESM] dist/api/ai-usage.d.mts                   0.12 kB │ gzip: 0.10 kB
[35m@n8n/rest-api-client:build: [0mℹ [ESM] dist/api/ui.d.mts                         0.12 kB │ gzip: 0.10 kB
[35m@n8n/rest-api-client:build: [0mℹ [ESM] dist/api/module-settings.d.mts            0.12 kB │ gzip: 0.10 kB
[35m@n8n/rest-api-client:build: [0mℹ [ESM] dist/api/npsSurvey.d.mts                  0.12 kB │ gzip: 0.10 kB
[35m@n8n/rest-api-client:build: [0mℹ [ESM] dist/api/instance-registry.d.mts          0.11 kB │ gzip: 0.10 kB
[35m@n8n/rest-api-client:build: [0mℹ [ESM] dist/api/ctas.d.mts                       0.11 kB │ gzip: 0.10 kB
[35m@n8n/rest-api-client:build: [0mℹ [ESM] dist/api/events.d.mts                     0.10 kB │ gzip: 0.09 kB
[35m@n8n/rest-api-client:build: [0mℹ [ESM] dist/api/settings.d.mts                   0.10 kB │ gzip: 0.09 kB
[35m@n8n/rest-api-client:build: [0mℹ [ESM] dist/api/webhooks.d.mts                   0.10 kB │ gzip: 0.09 kB
[35m@n8n/rest-api-client:build: [0mℹ [ESM] dist/types.d.mts                          0.08 kB │ gzip: 0.08 kB
[35m@n8n/rest-api-client:build: [0mℹ [ESM] dist/api/tags.d.mts                       0.06 kB │ gzip: 0.07 kB
[35m@n8n/rest-api-client:build: [0mℹ [ESM] dist/api/execution.d.mts                  0.01 kB │ gzip: 0.03 kB
[35m@n8n/rest-api-client:build: [0mℹ [ESM] dist/users.d.mts                          5.45 kB │ gzip: 1.25 kB
[35m@n8n/rest-api-client:build: [0mℹ [ESM] dist/templates.d.mts                      4.35 kB │ gzip: 1.11 kB
[35m@n8n/rest-api-client:build: [0mℹ [ESM] dist/secretsProvider.ee.d.mts             3.35 kB │ gzip: 0.57 kB
[35m@n8n/rest-api-client:build: [0mℹ [ESM] dist/workflowHistory.d.mts                2.57 kB │ gzip: 0.76 kB
[35m@n8n/rest-api-client:build: [0mℹ [ESM] dist/cloudPlans.d.mts                     2.39 kB │ gzip: 0.91 kB
[35m@n8n/rest-api-client:build: [0mℹ [ESM] dist/nodeTypes.d.mts                      2.31 kB │ gzip: 0.62 kB
[35m@n8n/rest-api-client:build: [0mℹ [ESM] dist/utils2.d.mts                         2.25 kB │ gzip: 0.81 kB
[35m@n8n/rest-api-client:build: [0mℹ [ESM] dist/externalSecrets.ee.d.mts             1.96 kB │ gzip: 0.48 kB
[35m@n8n/rest-api-client:build: [0mℹ [ESM] dist/ldap.d.mts                           1.75 kB │ gzip: 0.62 kB
[35m@n8n/rest-api-client:build: [0mℹ [ESM] dist/roleMappingRule.d.mts                1.61 kB │ gzip: 0.46 kB
[35m@n8n/rest-api-client:build: [0mℹ [ESM] dist/sso.d.mts                            1.56 kB │ gzip: 0.48 kB
[35m@n8n/rest-api-client:build: [0mℹ [ESM] dist/credentialResolvers.d.mts            1.52 kB │ gzip: 0.43 kB
[35m@n8n/rest-api-client:build: [0mℹ [ESM] dist/workflows.d.mts                      1.33 kB │ gzip: 0.49 kB
[35m@n8n/rest-api-client:build: [0mℹ [ESM] dist/versions.d.mts                       1.31 kB │ gzip: 0.51 kB
[35m@n8n/rest-api-client:build: [0mℹ [ESM] dist/eventbus.ee.d.mts                    1.29 kB │ gzip: 0.42 kB
[35m@n8n/rest-api-client:build: [0mℹ [ESM] dist/roles.d.mts                          1.22 kB │ gzip: 0.40 kB
[35m@n8n/rest-api-client:build: [0mℹ [ESM] dist/api-keys.d.mts                       1.06 kB │ gzip: 0.42 kB
[35m@n8n/rest-api-client:build: [0mℹ [ESM] dist/mfa.d.mts                            0.94 kB │ gzip: 0.37 kB
[35m@n8n/rest-api-client:build: [0mℹ [ESM] dist/communityNodes.d.mts                 0.91 kB │ gzip: 0.36 kB
[35m@n8n/rest-api-client:build: [0mℹ [ESM] dist/usage.d.mts                          0.91 kB │ gzip: 0.36 kB
[35m@n8n/rest-api-client:build: [0mℹ [ESM] dist/provisioning.d.mts                   0.85 kB │ gzip: 0.34 kB
[35m@n8n/rest-api-client:build: [0mℹ [ESM] dist/security-settings.d.mts              0.53 kB │ gzip: 0.25 kB
[35m@n8n/rest-api-client:build: [0mℹ [ESM] dist/webhooks.d.mts                       0.47 kB │ gzip: 0.28 kB
[35m@n8n/rest-api-client:build: [0mℹ [ESM] dist/ui.d.mts                             0.36 kB │ gzip: 0.25 kB
[35m@n8n/rest-api-client:build: [0mℹ [ESM] dist/instance-version-history.d.mts       0.36 kB │ gzip: 0.24 kB
[35m@n8n/rest-api-client:build: [0mℹ [ESM] dist/ai-usage.d.mts                       0.35 kB │ gzip: 0.23 kB
[35m@n8n/rest-api-client:build: [0mℹ [ESM] dist/module-settings.d.mts                0.34 kB │ gzip: 0.22 kB
[35m@n8n/rest-api-client:build: [0mℹ [ESM] dist/instance-registry.d.mts              0.33 kB │ gzip: 0.22 kB
[35m@n8n/rest-api-client:build: [0mℹ [ESM] dist/npsSurvey.d.mts                      0.33 kB │ gzip: 0.22 kB
[35m@n8n/rest-api-client:build: [0mℹ [ESM] dist/settings.d.mts                       0.30 kB │ gzip: 0.21 kB
[35m@n8n/rest-api-client:build: [0mℹ [ESM] dist/third-party-licenses.d.mts           0.28 kB │ gzip: 0.20 kB
[35m@n8n/rest-api-client:build: [0mℹ [ESM] dist/orchestration.d.mts                  0.27 kB │ gzip: 0.20 kB
[35m@n8n/rest-api-client:build: [0mℹ [ESM] dist/ctas.d.mts                           0.25 kB │ gzip: 0.19 kB
[35m@n8n/rest-api-client:build: [0mℹ [ESM] dist/events.d.mts                         0.24 kB │ gzip: 0.18 kB
[35m@n8n/rest-api-client:build: [0mℹ [ESM] dist/tags.d.mts                           0.21 kB │ gzip: 0.16 kB
[35m@n8n/rest-api-client:build: [0mℹ [ESM] dist/types2.d.mts                         0.18 kB │ gzip: 0.15 kB
[35m@n8n/rest-api-client:build: [0mℹ [ESM] dist/index2.d.mts                         0.01 kB │ gzip: 0.03 kB
[35m@n8n/rest-api-client:build: [0mℹ [ESM] 191 files, total: 245.01 kB
[35m@n8n/rest-api-client:build: [0mℹ [CJS] dist/index.d.cts                         11.88 kB │ gzip: 2.77 kB
[35m@n8n/rest-api-client:build: [0mℹ [CJS] dist/api/index.d.cts                     11.47 kB │ gzip: 2.62 kB
[35m@n8n/rest-api-client:build: [0mℹ [CJS] dist/api/users.d.cts                      1.37 kB │ gzip: 0.44 kB
[35m@n8n/rest-api-client:build: [0mℹ [CJS] dist/api/secretsProvider.ee.d.cts         1.20 kB │ gzip: 0.26 kB
[35m@n8n/rest-api-client:build: [0mℹ [CJS] dist/api/templates.d.cts                  1.12 kB │ gzip: 0.33 kB
[35m@n8n/rest-api-client:build: [0mℹ [CJS] dist/api/workflowHistory.d.cts            0.79 kB │ gzip: 0.26 kB
[35m@n8n/rest-api-client:build: [0mℹ [CJS] dist/api/breaking-changes.d.cts           0.77 kB │ gzip: 0.32 kB
[35m@n8n/rest-api-client:build: [0mℹ [CJS] dist/api/dynamic-banners.d.cts            0.75 kB │ gzip: 0.40 kB
[35m@n8n/rest-api-client:build: [0mℹ [CJS] dist/api/nodeTypes.d.cts                  0.73 kB │ gzip: 0.26 kB
[35m@n8n/rest-api-client:build: [0mℹ [CJS] dist/api/externalSecrets.ee.d.cts         0.70 kB │ gzip: 0.23 kB
[35m@n8n/rest-api-client:build: [0mℹ [CJS] dist/api/consent.d.cts                    0.57 kB │ gzip: 0.28 kB
[35m@n8n/rest-api-client:build: [0mℹ [CJS] dist/api/roleMappingRule.d.cts            0.55 kB │ gzip: 0.19 kB
[35m@n8n/rest-api-client:build: [0mℹ [CJS] dist/api/credentialResolvers.d.cts        0.48 kB │ gzip: 0.17 kB
[35m@n8n/rest-api-client:build: [0mℹ [CJS] dist/api/sso.d.cts                        0.48 kB │ gzip: 0.21 kB
[35m@n8n/rest-api-client:build: [0mℹ [CJS] dist/api/eventbus.ee.d.cts                0.48 kB │ gzip: 0.21 kB
[35m@n8n/rest-api-client:build: [0mℹ [CJS] dist/utils.d.cts                          0.43 kB │ gzip: 0.23 kB
[35m@n8n/rest-api-client:build: [0mℹ [CJS] dist/api/cloudPlans.d.cts                 0.43 kB │ gzip: 0.22 kB
[35m@n8n/rest-api-client:build: [0mℹ [CJS] dist/api/ldap.d.cts                       0.37 kB │ gzip: 0.18 kB
[35m@n8n/rest-api-client:build: [0mℹ [CJS] dist/api/roles.d.cts                      0.35 kB │ gzip: 0.17 kB
[35m@n8n/rest-api-client:build: [0mℹ [CJS] dist/api/communityNodes.d.cts             0.33 kB │ gzip: 0.17 kB
[35m@n8n/rest-api-client:build: [0mℹ [CJS] dist/api/mfa.d.cts                        0.29 kB │ gzip: 0.17 kB
[35m@n8n/rest-api-client:build: [0mℹ [CJS] dist/api/provisioning.d.cts               0.28 kB │ gzip: 0.13 kB
[35m@n8n/rest-api-client:build: [0mℹ [CJS] dist/api/usage.d.cts                      0.28 kB │ gzip: 0.16 kB
[35m@n8n/rest-api-client:build: [0mℹ [CJS] dist/api/versions.d.cts                   0.26 kB │ gzip: 0.14 kB
[35m@n8n/rest-api-client:build: [0mℹ [CJS] dist/api/api-keys.d.cts                   0.23 kB │ gzip: 0.14 kB
[35m@n8n/rest-api-client:build: [0mℹ [CJS] dist/api/workflows.d.cts                  0.23 kB │ gzip: 0.13 kB
[35m@n8n/rest-api-client:build: [0mℹ [CJS] dist/api/security-settings.d.cts          0.18 kB │ gzip: 0.12 kB
[35m@n8n/rest-api-client:build: [0mℹ [CJS] dist/api/instance-version-history.d.cts   0.13 kB │ gzip: 0.12 kB
[35m@n8n/rest-api-client:build: [0mℹ [CJS] dist/api/third-party-licenses.d.cts       0.13 kB │ gzip: 0.10 kB
[35m@n8n/rest-api-client:build: [0mℹ [CJS] dist/api/orchestration.d.cts              0.12 kB │ gzip: 0.10 kB
[35m@n8n/rest-api-client:build: [0mℹ [CJS] dist/api/ai-usage.d.cts                   0.12 kB │ gzip: 0.10 kB
[35m@n8n/rest-api-client:build: [0mℹ [CJS] dist/api/ui.d.cts                         0.12 kB │ gzip: 0.10 kB
[35m@n8n/rest-api-client:build: [0mℹ [CJS] dist/api/module-settings.d.cts            0.12 kB │ gzip: 0.10 kB
[35m@n8n/rest-api-client:build: [0mℹ [CJS] dist/api/npsSurvey.d.cts                  0.12 kB │ gzip: 0.10 kB
[35m@n8n/rest-api-client:build: [0mℹ [CJS] dist/api/instance-registry.d.cts          0.11 kB │ gzip: 0.10 kB
[35m@n8n/rest-api-client:build: [0mℹ [CJS] dist/api/ctas.d.cts                       0.11 kB │ gzip: 0.10 kB
[35m@n8n/rest-api-client:build: [0mℹ [CJS] dist/api/events.d.cts                     0.10 kB │ gzip: 0.09 kB
[35m@n8n/rest-api-client:build: [0mℹ [CJS] dist/api/settings.d.cts                   0.10 kB │ gzip: 0.09 kB
[35m@n8n/rest-api-client:build: [0mℹ [CJS] dist/api/webhooks.d.cts                   0.10 kB │ gzip: 0.09 kB
[35m@n8n/rest-api-client:build: [0mℹ [CJS] dist/types.d.cts                          0.08 kB │ gzip: 0.08 kB
[35m@n8n/rest-api-client:build: [0mℹ [CJS] dist/api/tags.d.cts                       0.06 kB │ gzip: 0.07 kB
[35m@n8n/rest-api-client:build: [0mℹ [CJS] dist/api/execution.d.cts                  0.01 kB │ gzip: 0.03 kB
[35m@n8n/rest-api-client:build: [0mℹ [CJS] dist/users.d.cts                          5.45 kB │ gzip: 1.25 kB
[35m@n8n/rest-api-client:build: [0mℹ [CJS] dist/templates.d.cts                      4.35 kB │ gzip: 1.11 kB
[35m@n8n/rest-api-client:build: [0mℹ [CJS] dist/secretsProvider.ee.d.cts             3.35 kB │ gzip: 0.57 kB
[35m@n8n/rest-api-client:build: [0mℹ [CJS] dist/workflowHistory.d.cts                2.57 kB │ gzip: 0.76 kB
[35m@n8n/rest-api-client:build: [0mℹ [CJS] dist/cloudPlans.d.cts                     2.39 kB │ gzip: 0.91 kB
[35m@n8n/rest-api-client:build: [0mℹ [CJS] dist/nodeTypes.d.cts                      2.31 kB │ gzip: 0.61 kB
[35m@n8n/rest-api-client:build: [0mℹ [CJS] dist/utils2.d.cts                         2.25 kB │ gzip: 0.81 kB
[35m@n8n/rest-api-client:build: [0mℹ [CJS] dist/externalSecrets.ee.d.cts             1.96 kB │ gzip: 0.48 kB
[35m@n8n/rest-api-client:build: [0mℹ [CJS] dist/ldap.d.cts                           1.75 kB │ gzip: 0.62 kB
[35m@n8n/rest-api-client:build: [0mℹ [CJS] dist/roleMappingRule.d.cts                1.61 kB │ gzip: 0.46 kB
[35m@n8n/rest-api-client:build: [0mℹ [CJS] dist/sso.d.cts                            1.56 kB │ gzip: 0.48 kB
[35m@n8n/rest-api-client:build: [0mℹ [CJS] dist/credentialResolvers.d.cts            1.52 kB │ gzip: 0.43 kB
[35m@n8n/rest-api-client:build: [0mℹ [CJS] dist/workflows.d.cts                      1.33 kB │ gzip: 0.49 kB
[35m@n8n/rest-api-client:build: [0mℹ [CJS] dist/versions.d.cts                       1.31 kB │ gzip: 0.51 kB
[35m@n8n/rest-api-client:build: [0mℹ [CJS] dist/eventbus.ee.d.cts                    1.29 kB │ gzip: 0.42 kB
[35m@n8n/rest-api-client:build: [0mℹ [CJS] dist/roles.d.cts                          1.22 kB │ gzip: 0.40 kB
[35m@n8n/rest-api-client:build: [0mℹ [CJS] dist/api-keys.d.cts                       1.06 kB │ gzip: 0.42 kB
[35m@n8n/rest-api-client:build: [0mℹ [CJS] dist/mfa.d.cts                            0.94 kB │ gzip: 0.37 kB
[35m@n8n/rest-api-client:build: [0mℹ [CJS] dist/communityNodes.d.cts                 0.91 kB │ gzip: 0.36 kB
[35m@n8n/rest-api-client:build: [0mℹ [CJS] dist/usage.d.cts                          0.91 kB │ gzip: 0.36 kB
[35m@n8n/rest-api-client:build: [0mℹ [CJS] dist/provisioning.d.cts                   0.85 kB │ gzip: 0.34 kB
[35m@n8n/rest-api-client:build: [0mℹ [CJS] dist/security-settings.d.cts              0.53 kB │ gzip: 0.25 kB
[35m@n8n/rest-api-client:build: [0mℹ [CJS] dist/webhooks.d.cts                       0.47 kB │ gzip: 0.28 kB
[35m@n8n/rest-api-client:build: [0mℹ [CJS] dist/ui.d.cts                             0.36 kB │ gzip: 0.25 kB
[35m@n8n/rest-api-client:build: [0mℹ [CJS] dist/instance-version-history.d.cts       0.36 kB │ gzip: 0.24 kB
[35m@n8n/rest-api-client:build: [0mℹ [CJS] dist/ai-usage.d.cts                       0.35 kB │ gzip: 0.23 kB
[35m@n8n/rest-api-client:build: [0mℹ [CJS] dist/module-settings.d.cts                0.34 kB │ gzip: 0.22 kB
[35m@n8n/rest-api-client:build: [0mℹ [CJS] dist/instance-registry.d.cts              0.33 kB │ gzip: 0.22 kB
[35m@n8n/rest-api-client:build: [0mℹ [CJS] dist/npsSurvey.d.cts                      0.33 kB │ gzip: 0.22 kB
[35m@n8n/rest-api-client:build: [0mℹ [CJS] dist/settings.d.cts                       0.30 kB │ gzip: 0.20 kB
[35m@n8n/rest-api-client:build: [0mℹ [CJS] dist/third-party-licenses.d.cts           0.28 kB │ gzip: 0.20 kB
[35m@n8n/rest-api-client:build: [0mℹ [CJS] dist/orchestration.d.cts                  0.27 kB │ gzip: 0.20 kB
[35m@n8n/rest-api-client:build: [0mℹ [CJS] dist/ctas.d.cts                           0.25 kB │ gzip: 0.19 kB
[35m@n8n/rest-api-client:build: [0mℹ [CJS] dist/events.d.cts                         0.24 kB │ gzip: 0.18 kB
[35m@n8n/rest-api-client:build: [0mℹ [CJS] dist/tags.d.cts                           0.21 kB │ gzip: 0.16 kB
[35m@n8n/rest-api-client:build: [0mℹ [CJS] dist/types2.d.cts                         0.18 kB │ gzip: 0.15 kB
[35m@n8n/rest-api-client:build: [0mℹ [CJS] dist/index2.d.cts                         0.01 kB │ gzip: 0.03 kB
[35m@n8n/rest-api-client:build: [0mℹ [CJS] 79 files, total: 84.24 kB
[33m@n8n/instance-ai:build: [0m(node:81328) Warning: The 'NO_COLOR' env is ignored due to the 'FORCE_COLOR' env being set.
[33m@n8n/instance-ai:build: [0m(Use `node --trace-warnings ...` to show where the warning was created)
[35m@n8n/rest-api-client:build: [0m✔ Build complete in 6894ms
[33m@n8n/instance-ai:build: [0m
[33m@n8n/instance-ai:build: [0m> @n8n/instance-ai@1.11.0 build /Users/baivab/Workspace/Personal/n8n_forked/n8n/packages/@n8n/instance-ai
[33m@n8n/instance-ai:build: [0m> tsc -p ./tsconfig.build.json && tsc-alias -p tsconfig.build.json
[33m@n8n/instance-ai:build: [0m
[36m@n8n/chat:build: [0m(node:81384) Warning: The 'NO_COLOR' env is ignored due to the 'FORCE_COLOR' env being set.
[36m@n8n/chat:build: [0m(Use `node --trace-warnings ...` to show where the warning was created)
[35m@n8n/mcp-apps:build: [0m(node:81383) Warning: The 'NO_COLOR' env is ignored due to the 'FORCE_COLOR' env being set.
[35m@n8n/mcp-apps:build: [0m(Use `node --trace-warnings ...` to show where the warning was created)
[32m@n8n/mcp-browser-extension:build: [0m(node:81373) Warning: The 'NO_COLOR' env is ignored due to the 'FORCE_COLOR' env being set.
[32m@n8n/mcp-browser-extension:build: [0m(Use `node --trace-warnings ...` to show where the warning was created)
[32m@n8n/mcp-browser-extension:build: [0mvite v8.0.2 building client environment for production...
[32m@n8n/mcp-browser-extension:build: [0m[2K[32m@n8n/mcp-browser-extension:build: [0mtransforming...[32m✓[39m 4 modules transformed.
[35m@n8n/mcp-apps:build: [0m../tournament                            | [43m[30m WARN [39m[49m The field "pnpm.overrides" was found in /Users/baivab/Workspace/Personal/n8n_forked/n8n/packages/@n8n/tournament/package.json. This will not take effect. You should configure "pnpm.overrides" at the root of the workspace instead.
[35m@n8n/mcp-apps:build: [0m
[35m@n8n/mcp-apps:build: [0m> @n8n/mcp-apps@0.3.0 build:ui /Users/baivab/Workspace/Personal/n8n_forked/n8n/packages/@n8n/mcp-apps
[35m@n8n/mcp-apps:build: [0m> vite build --mode workflow-preview
[35m@n8n/mcp-apps:build: [0m
[36m@n8n/chat:build: [0m../../../@n8n/tournament                 | [43m[30m WARN [39m[49m The field "pnpm.overrides" was found in /Users/baivab/Workspace/Personal/n8n_forked/n8n/packages/@n8n/tournament/package.json. This will not take effect. You should configure "pnpm.overrides" at the root of the workspace instead.
[32m@n8n/mcp-browser-extension:build: [0mrendering chunks...
[32m@n8n/mcp-browser-extension:build: [0mcomputing gzip size...
[32m@n8n/mcp-browser-extension:build: [0m[2mdist/[0m[36mbackground.mjs  [39m[2m[1m20.42 kB[0m[0m[2m │ gzip: 5.65 kB[0m[2m │ map: 58.74 kB[0m
[32m@n8n/mcp-browser-extension:build: [0m
[32m@n8n/mcp-browser-extension:build: [0m✓ built in 60ms
[36m@n8n/chat:build: [0m
[36m@n8n/chat:build: [0m> @n8n/chat@1.25.0 build:vite /Users/baivab/Workspace/Personal/n8n_forked/n8n/packages/frontend/@n8n/chat
[36m@n8n/chat:build: [0m> cross-env vite build
[36m@n8n/chat:build: [0m
[32m@n8n/mcp-browser-extension:build: [0m(node:81442) Warning: The 'NO_COLOR' env is ignored due to the 'FORCE_COLOR' env being set.
[32m@n8n/mcp-browser-extension:build: [0m(Use `node --trace-warnings ...` to show where the warning was created)
[35m@n8n/mcp-apps:build: [0m(node:81444) Warning: The 'NO_COLOR' env is ignored due to the 'FORCE_COLOR' env being set.
[35m@n8n/mcp-apps:build: [0m(Use `node --trace-warnings ...` to show where the warning was created)
[32m@n8n/mcp-browser-extension:build: [0mvite v8.0.2 building client environment for production...
[35m@n8n/mcp-apps:build: [0mvite v8.0.2 building client environment for workflow-preview...
[36m@n8n/chat:build: [0m(node:81493) Warning: The 'NO_COLOR' env is ignored due to the 'FORCE_COLOR' env being set.
[36m@n8n/chat:build: [0m(Use `node --trace-warnings ...` to show where the warning was created)
[34mn8n-nodes-base:build: [0mcache miss, executing [2mc3b3fc6b539952b7[0m
[36m@n8n/task-runner:build: [0mcache miss, executing [2m3dea2b2959d0e0d4[0m
[35mn8n-node-dev:build: [0mcache miss, executing [2ma229a4fad74baa4b[0m
[32m@n8n/db:build: [0mcache miss, executing [2m1e4ed2cdbcd35198[0m
[34mn8n-nodes-base:build: [0m(node:81546) Warning: The 'NO_COLOR' env is ignored due to the 'FORCE_COLOR' env being set.
[34mn8n-nodes-base:build: [0m(Use `node --trace-warnings ...` to show where the warning was created)
[32m@n8n/db:build: [0m(node:81549) Warning: The 'NO_COLOR' env is ignored due to the 'FORCE_COLOR' env being set.
[32m@n8n/db:build: [0m(Use `node --trace-warnings ...` to show where the warning was created)
[36m@n8n/task-runner:build: [0m(node:81547) Warning: The 'NO_COLOR' env is ignored due to the 'FORCE_COLOR' env being set.
[36m@n8n/task-runner:build: [0m(Use `node --trace-warnings ...` to show where the warning was created)
[34mn8n-nodes-base:build: [0m
[34mn8n-nodes-base:build: [0m> n8n-nodes-base@2.26.0 build /Users/baivab/Workspace/Personal/n8n_forked/n8n/packages/nodes-base
[34mn8n-nodes-base:build: [0m> tsc --build tsconfig.build.cjs.json && pnpm copy-nodes-json && tsc-alias -p tsconfig.build.cjs.json && pnpm n8n-copy-static-files && pnpm n8n-generate-translations && pnpm n8n-generate-metadata && pnpm n8n-generate-node-defs
[34mn8n-nodes-base:build: [0m
[32m@n8n/db:build: [0m
[32m@n8n/db:build: [0m> @n8n/db@1.26.0 build /Users/baivab/Workspace/Personal/n8n_forked/n8n/packages/@n8n/db
[32m@n8n/db:build: [0m> tsc -p tsconfig.build.json
[32m@n8n/db:build: [0m
[35mn8n-node-dev:build: [0m(node:81548) Warning: The 'NO_COLOR' env is ignored due to the 'FORCE_COLOR' env being set.
[35mn8n-node-dev:build: [0m(Use `node --trace-warnings ...` to show where the warning was created)
[35mn8n-node-dev:build: [0m
[35mn8n-node-dev:build: [0m> n8n-node-dev@2.9.0 build /Users/baivab/Workspace/Personal/n8n_forked/n8n/packages/node-dev
[35mn8n-node-dev:build: [0m> tsc --noEmit
[35mn8n-node-dev:build: [0m
[36m@n8n/task-runner:build: [0m
[36m@n8n/task-runner:build: [0m> @n8n/task-runner@2.26.0 build /Users/baivab/Workspace/Personal/n8n_forked/n8n/packages/@n8n/task-runner
[36m@n8n/task-runner:build: [0m> tsc -p ./tsconfig.build.json && tsc-alias -p tsconfig.build.json
[36m@n8n/task-runner:build: [0m
[36m@n8n/chat:build: [0mvite v8.0.2 building client environment for production...
[34mn8n-nodes-base:build: [0m(node:81668) Warning: The 'NO_COLOR' env is ignored due to the 'FORCE_COLOR' env being set.
[34mn8n-nodes-base:build: [0m(Use `node --trace-warnings ...` to show where the warning was created)
[34mn8n-nodes-base:build: [0m../@n8n/tournament                       | [43m[30m WARN [39m[49m The field "pnpm.overrides" was found in /Users/baivab/Workspace/Personal/n8n_forked/n8n/packages/@n8n/tournament/package.json. This will not take effect. You should configure "pnpm.overrides" at the root of the workspace instead.
[34mn8n-nodes-base:build: [0m
[34mn8n-nodes-base:build: [0m> n8n-nodes-base@2.26.0 copy-nodes-json /Users/baivab/Workspace/Personal/n8n_forked/n8n/packages/nodes-base
[34mn8n-nodes-base:build: [0m> node scripts/copy-nodes-json.js .
[34mn8n-nodes-base:build: [0m
[35m@n8n/mcp-apps:build: [0m[2K[35m@n8n/mcp-apps:build: [0mtransforming...[32m✓[39m 3217 modules transformed.
[35m@n8n/mcp-apps:build: [0mrendering chunks...
[32m@n8n/mcp-browser-extension:build: [0m[2K[32m@n8n/mcp-browser-extension:build: [0mtransforming...[32m✓[39m 3051 modules transformed.
[32m@n8n/mcp-browser-extension:build: [0m[lightningcss minify] 'global' is not recognized as a valid pseudo-class. Did you mean '::global' (pseudo-element) or is this a typo?
[32m@n8n/mcp-browser-extension:build: [0m241 |   */
[32m@n8n/mcp-browser-extension:build: [0m242 |  /** @deprecated Use a semantic variant instead of success color */
[32m@n8n/mcp-browser-extension:build: [0m243 |  :global(.n8n-button--success) {
[32m@n8n/mcp-browser-extension:build: [0m    |          ^
[32m@n8n/mcp-browser-extension:build: [0m244 |    --button--color--background: var(--color--success);
[32m@n8n/mcp-browser-extension:build: [0m245 |    --button--color--background-hover: var(--color--success--shade-1);
[32m@n8n/mcp-browser-extension:build: [0m[lightningcss minify] 'global' is not recognized as a valid pseudo-class. Did you mean '::global' (pseudo-element) or is this a typo?
[32m@n8n/mcp-browser-extension:build: [0m250 |    --button--shadow--active: 0 0 0 1px var(--color--success--shade-1);
[32m@n8n/mcp-browser-extension:build: [0m251 |  }
[32m@n8n/mcp-browser-extension:build: [0m252 |  :global(.n8n-button--success):disabled, :global(.n8n-button--success)[aria-disabled=true] {
[32m@n8n/mcp-browser-extension:build: [0m    |          ^
[32m@n8n/mcp-browser-extension:build: [0m253 |    --button--color--background: var(--color--success--tint-3);
[32m@n8n/mcp-browser-extension:build: [0m254 |    --button--shadow: 0 0 0 1px var(--color--success--tint-3);
[32m@n8n/mcp-browser-extension:build: [0m[lightningcss minify] 'global' is not recognized as a valid pseudo-class. Did you mean '::global' (pseudo-element) or is this a typo?
[32m@n8n/mcp-browser-extension:build: [0m250 |    --button--shadow--active: 0 0 0 1px var(--color--success--shade-1);
[32m@n8n/mcp-browser-extension:build: [0m251 |  }
[32m@n8n/mcp-browser-extension:build: [0m252 |  :global(.n8n-button--success):disabled, :global(.n8n-button--success)[aria-disabled=true] {
[32m@n8n/mcp-browser-extension:build: [0m    |                                                  ^
[32m@n8n/mcp-browser-extension:build: [0m253 |    --button--color--background: var(--color--success--tint-3);
[32m@n8n/mcp-browser-extension:build: [0m254 |    --button--shadow: 0 0 0 1px var(--color--success--tint-3);
[32m@n8n/mcp-browser-extension:build: [0m[lightningcss minify] 'global' is not recognized as a valid pseudo-class. Did you mean '::global' (pseudo-element) or is this a typo?
[32m@n8n/mcp-browser-extension:build: [0m256 |  
[32m@n8n/mcp-browser-extension:build: [0m257 |  /** @deprecated Use a semantic variant instead of warning color */
[32m@n8n/mcp-browser-extension:build: [0m258 |  :global(.n8n-button--warning) {
[32m@n8n/mcp-browser-extension:build: [0m    |          ^
[32m@n8n/mcp-browser-extension:build: [0m259 |    --button--color--background: var(--color--warning);
[32m@n8n/mcp-browser-extension:build: [0m260 |    --button--color--background-hover: var(--color--warning--shade-1);
[32m@n8n/mcp-browser-extension:build: [0m[lightningcss minify] 'global' is not recognized as a valid pseudo-class. Did you mean '::global' (pseudo-element) or is this a typo?
[32m@n8n/mcp-browser-extension:build: [0m265 |    --button--shadow--active: 0 0 0 1px var(--color--warning--shade-1);
[32m@n8n/mcp-browser-extension:build: [0m266 |  }
[32m@n8n/mcp-browser-extension:build: [0m267 |  :global(.n8n-button--warning):disabled, :global(.n8n-button--warning)[aria-disabled=true] {
[32m@n8n/mcp-browser-extension:build: [0m    |          ^
[32m@n8n/mcp-browser-extension:build: [0m268 |    --button--color--background: var(--color--warning--tint-1);
[32m@n8n/mcp-browser-extension:build: [0m269 |    --button--shadow: 0 0 0 1px var(--color--warning--tint-1);
[32m@n8n/mcp-browser-extension:build: [0m[lightningcss minify] 'global' is not recognized as a valid pseudo-class. Did you mean '::global' (pseudo-element) or is this a typo?
[32m@n8n/mcp-browser-extension:build: [0m265 |    --button--shadow--active: 0 0 0 1px var(--color--warning--shade-1);
[32m@n8n/mcp-browser-extension:build: [0m266 |  }
[32m@n8n/mcp-browser-extension:build: [0m267 |  :global(.n8n-button--warning):disabled, :global(.n8n-button--warning)[aria-disabled=true] {
[32m@n8n/mcp-browser-extension:build: [0m    |                                                  ^
[32m@n8n/mcp-browser-extension:build: [0m268 |    --button--color--background: var(--color--warning--tint-1);
[32m@n8n/mcp-browser-extension:build: [0m269 |    --button--shadow: 0 0 0 1px var(--color--warning--tint-1);
[32m@n8n/mcp-browser-extension:build: [0mrendering chunks...
[35m@n8n/mcp-apps:build: [0m[lightningcss minify] 'global' is not recognized as a valid pseudo-class. Did you mean '::global' (pseudo-element) or is this a typo?
[35m@n8n/mcp-apps:build: [0m241 |   */
[35m@n8n/mcp-apps:build: [0m242 |  /** @deprecated Use a semantic variant instead of success color */
[35m@n8n/mcp-apps:build: [0m243 |  :global(.n8n-button--success) {
[35m@n8n/mcp-apps:build: [0m    |          ^
[35m@n8n/mcp-apps:build: [0m244 |    --button--color--background: var(--color--success);
[35m@n8n/mcp-apps:build: [0m245 |    --button--color--background-hover: var(--color--success--shade-1);
[35m@n8n/mcp-apps:build: [0m[lightningcss minify] 'global' is not recognized as a valid pseudo-class. Did you mean '::global' (pseudo-element) or is this a typo?
[35m@n8n/mcp-apps:build: [0m250 |    --button--shadow--active: 0 0 0 1px var(--color--success--shade-1);
[35m@n8n/mcp-apps:build: [0m251 |  }
[35m@n8n/mcp-apps:build: [0m252 |  :global(.n8n-button--success):disabled, :global(.n8n-button--success)[aria-disabled=true] {
[35m@n8n/mcp-apps:build: [0m    |          ^
[35m@n8n/mcp-apps:build: [0m253 |    --button--color--background: var(--color--success--tint-3);
[35m@n8n/mcp-apps:build: [0m254 |    --button--shadow: 0 0 0 1px var(--color--success--tint-3);
[35m@n8n/mcp-apps:build: [0m[lightningcss minify] 'global' is not recognized as a valid pseudo-class. Did you mean '::global' (pseudo-element) or is this a typo?
[35m@n8n/mcp-apps:build: [0m250 |    --button--shadow--active: 0 0 0 1px var(--color--success--shade-1);
[35m@n8n/mcp-apps:build: [0m251 |  }
[35m@n8n/mcp-apps:build: [0m252 |  :global(.n8n-button--success):disabled, :global(.n8n-button--success)[aria-disabled=true] {
[35m@n8n/mcp-apps:build: [0m    |                                                  ^
[35m@n8n/mcp-apps:build: [0m253 |    --button--color--background: var(--color--success--tint-3);
[35m@n8n/mcp-apps:build: [0m254 |    --button--shadow: 0 0 0 1px var(--color--success--tint-3);
[35m@n8n/mcp-apps:build: [0m[lightningcss minify] 'global' is not recognized as a valid pseudo-class. Did you mean '::global' (pseudo-element) or is this a typo?
[35m@n8n/mcp-apps:build: [0m256 |  
[35m@n8n/mcp-apps:build: [0m257 |  /** @deprecated Use a semantic variant instead of warning color */
[35m@n8n/mcp-apps:build: [0m258 |  :global(.n8n-button--warning) {
[35m@n8n/mcp-apps:build: [0m    |          ^
[35m@n8n/mcp-apps:build: [0m259 |    --button--color--background: var(--color--warning);
[35m@n8n/mcp-apps:build: [0m260 |    --button--color--background-hover: var(--color--warning--shade-1);
[35m@n8n/mcp-apps:build: [0m[lightningcss minify] 'global' is not recognized as a valid pseudo-class. Did you mean '::global' (pseudo-element) or is this a typo?
[35m@n8n/mcp-apps:build: [0m265 |    --button--shadow--active: 0 0 0 1px var(--color--warning--shade-1);
[35m@n8n/mcp-apps:build: [0m266 |  }
[35m@n8n/mcp-apps:build: [0m267 |  :global(.n8n-button--warning):disabled, :global(.n8n-button--warning)[aria-disabled=true] {
[35m@n8n/mcp-apps:build: [0m    |          ^
[35m@n8n/mcp-apps:build: [0m268 |    --button--color--background: var(--color--warning--tint-1);
[35m@n8n/mcp-apps:build: [0m269 |    --button--shadow: 0 0 0 1px var(--color--warning--tint-1);
[35m@n8n/mcp-apps:build: [0m[lightningcss minify] 'global' is not recognized as a valid pseudo-class. Did you mean '::global' (pseudo-element) or is this a typo?
[35m@n8n/mcp-apps:build: [0m265 |    --button--shadow--active: 0 0 0 1px var(--color--warning--shade-1);
[35m@n8n/mcp-apps:build: [0m266 |  }
[35m@n8n/mcp-apps:build: [0m267 |  :global(.n8n-button--warning):disabled, :global(.n8n-button--warning)[aria-disabled=true] {
[35m@n8n/mcp-apps:build: [0m    |                                                  ^
[35m@n8n/mcp-apps:build: [0m268 |    --button--color--background: var(--color--warning--tint-1);
[35m@n8n/mcp-apps:build: [0m269 |    --button--shadow: 0 0 0 1px var(--color--warning--tint-1);
[33m@n8n/backend-test-utils:build: [0mcache miss, executing [2m81ac05b931904eea[0m
[35m@n8n/mcp-apps:build: [0m[plugin vite:singlefile] 
[35m@n8n/mcp-apps:build: [0m
[35m@n8n/mcp-apps:build: [0m[plugin vite:singlefile] Inlining: index-D5fFrBWO.js
[35m@n8n/mcp-apps:build: [0m[plugin vite:singlefile] Inlining: style-cKHW2FZM.css
[35m@n8n/mcp-apps:build: [0mcomputing gzip size...
[35m@n8n/mcp-apps:build: [0m[2mdist/apps/[0m[32mindex.html  [39m[2m[1m2,033.82 kB[0m[0m[2m │ gzip: 803.73 kB[0m
[35m@n8n/mcp-apps:build: [0m
[35m@n8n/mcp-apps:build: [0m✓ built in 6.04s
[34mn8n-nodes-base:build: [0m(node:81815) Warning: The 'NO_COLOR' env is ignored due to the 'FORCE_COLOR' env being set.
[34mn8n-nodes-base:build: [0m(Use `node --trace-warnings ...` to show where the warning was created)
[34mn8n-nodes-base:build: [0m../@n8n/tournament                       | [43m[30m WARN [39m[49m The field "pnpm.overrides" was found in /Users/baivab/Workspace/Personal/n8n_forked/n8n/packages/@n8n/tournament/package.json. This will not take effect. You should configure "pnpm.overrides" at the root of the workspace instead.
[34mn8n-nodes-base:build: [0m../@n8n/tournament                       | [43m[30m WARN [39m[49m The field "pnpm.overrides" was found in /Users/baivab/Workspace/Personal/n8n_forked/n8n/packages/@n8n/tournament/package.json. This will not take effect. You should configure "pnpm.overrides" at the root of the workspace instead.
[33m@n8n/backend-test-utils:build: [0m(node:81821) Warning: The 'NO_COLOR' env is ignored due to the 'FORCE_COLOR' env being set.
[33m@n8n/backend-test-utils:build: [0m(Use `node --trace-warnings ...` to show where the warning was created)
[33m@n8n/backend-test-utils:build: [0m
[33m@n8n/backend-test-utils:build: [0m> @n8n/backend-test-utils@1.26.0 build /Users/baivab/Workspace/Personal/n8n_forked/n8n/packages/@n8n/backend-test-utils
[33m@n8n/backend-test-utils:build: [0m> tsc -p tsconfig.build.json
[33m@n8n/backend-test-utils:build: [0m
[35m@n8n/mcp-apps:build: [0m(node:81831) Warning: The 'NO_COLOR' env is ignored due to the 'FORCE_COLOR' env being set.
[35m@n8n/mcp-apps:build: [0m(Use `node --trace-warnings ...` to show where the warning was created)
[35m@n8n/mcp-apps:build: [0m../tournament                            | [43m[30m WARN [39m[49m The field "pnpm.overrides" was found in /Users/baivab/Workspace/Personal/n8n_forked/n8n/packages/@n8n/tournament/package.json. This will not take effect. You should configure "pnpm.overrides" at the root of the workspace instead.
[35m@n8n/mcp-apps:build: [0m
[35m@n8n/mcp-apps:build: [0m> @n8n/mcp-apps@0.3.0 build:server /Users/baivab/Workspace/Personal/n8n_forked/n8n/packages/@n8n/mcp-apps
[35m@n8n/mcp-apps:build: [0m> tsc -p tsconfig.build.json
[35m@n8n/mcp-apps:build: [0m
[32m@n8n/mcp-browser-extension:build: [0mcomputing gzip size...
[32m@n8n/mcp-browser-extension:build: [0m[2mdist/[0m[32mconnect.html                   [39m[2m[1m    0.35 kB[0m[0m[2m │ gzip:   0.24 kB[0m
[32m@n8n/mcp-browser-extension:build: [0m[2mdist/[0m[32mInterVariable.woff2            [39m[2m[1m  352.24 kB[0m[0m
[32m@n8n/mcp-browser-extension:build: [0m[2mdist/[0m[35mconnect.css                    [39m[2m[1m  221.78 kB[0m[0m[2m │ gzip:  27.50 kB[0m
[32m@n8n/mcp-browser-extension:build: [0m[2mdist/[0m[2massets/[0m[36mnode-icons-Cab4IMqn.js  [39m[2m[1m   43.65 kB[0m[0m[2m │ gzip:   8.09 kB[0m[2m │ map:   129.12 kB[0m
[32m@n8n/mcp-browser-extension:build: [0m[2mdist/[0m[36mconnect.js                     [39m[33m[1m1,156.75 kB[0m[39m[2m │ gzip: 375.64 kB[0m[2m │ map: 4,965.77 kB[0m
[32m@n8n/mcp-browser-extension:build: [0m
[32m@n8n/mcp-browser-extension:build: [0m[33m[INEFFECTIVE_DYNAMIC_IMPORT] Warning:[0m ../../frontend/@n8n/design-system/src/locale/lang/en.ts is dynamically imported by ../../frontend/@n8n/design-system/src/locale/index.ts but also statically imported by ../../frontend/@n8n/design-system/src/locale/index.ts, dynamic import will not move module into another chunk.
[32m@n8n/mcp-browser-extension:build: [0m
[32m@n8n/mcp-browser-extension:build: [0m[plugin builtin:vite-reporter] [33m[1m
[32m@n8n/mcp-browser-extension:build: [0m(!) Some chunks are larger than 500 kB after minification. Consider:
[32m@n8n/mcp-browser-extension:build: [0m- Using dynamic import() to code-split the application
[32m@n8n/mcp-browser-extension:build: [0m- Use build.rolldownOptions.output.codeSplitting to improve chunking: https://rolldown.rs/reference/OutputOptions.codeSplitting
[32m@n8n/mcp-browser-extension:build: [0m- Adjust chunk size limit for this warning via build.chunkSizeWarningLimit.[0m[39m
[32m@n8n/mcp-browser-extension:build: [0m[33m[PLUGIN_TIMINGS] Warning:[0m Your build spent significant time in plugins. Here is a breakdown:
[32m@n8n/mcp-browser-extension:build: [0m  - unplugin-icons (65%)
[32m@n8n/mcp-browser-extension:build: [0m  - vite:css (13%)
[32m@n8n/mcp-browser-extension:build: [0m  - vite:vue (11%)
[32m@n8n/mcp-browser-extension:build: [0m  - svg-loader (11%)
[32m@n8n/mcp-browser-extension:build: [0mSee https://rolldown.rs/options/checks#plugintimings for more details.
[32m@n8n/mcp-browser-extension:build: [0m
[32m@n8n/mcp-browser-extension:build: [0m✓ built in 6.85s
[34mn8n-nodes-base:build: [0m(node:82002) Warning: The 'NO_COLOR' env is ignored due to the 'FORCE_COLOR' env being set.
[34mn8n-nodes-base:build: [0m(Use `node --trace-warnings ...` to show where the warning was created)
[34mn8n-nodes-base:build: [0m../@n8n/tournament                       | [43m[30m WARN [39m[49m The field "pnpm.overrides" was found in /Users/baivab/Workspace/Personal/n8n_forked/n8n/packages/@n8n/tournament/package.json. This will not take effect. You should configure "pnpm.overrides" at the root of the workspace instead.
[34mn8n-nodes-base:build: [0m../@n8n/tournament                       | [43m[30m WARN [39m[49m The field "pnpm.overrides" was found in /Users/baivab/Workspace/Personal/n8n_forked/n8n/packages/@n8n/tournament/package.json. This will not take effect. You should configure "pnpm.overrides" at the root of the workspace instead.
[34mn8n-nodes-base:build: [0mDefault locale set to: [35men[0m
[34mn8n-nodes-base:build: [0mNo translation required - Skipping translations build...
[34mn8n-nodes-base:build: [0m(node:82042) Warning: The 'NO_COLOR' env is ignored due to the 'FORCE_COLOR' env being set.
[34mn8n-nodes-base:build: [0m(Use `node --trace-warnings ...` to show where the warning was created)
[34mn8n-nodes-base:build: [0m../@n8n/tournament                       | [43m[30m WARN [39m[49m The field "pnpm.overrides" was found in /Users/baivab/Workspace/Personal/n8n_forked/n8n/packages/@n8n/tournament/package.json. This will not take effect. You should configure "pnpm.overrides" at the root of the workspace instead.
[34mn8n-nodes-base:build: [0m../@n8n/tournament                       | [43m[30m WARN [39m[49m The field "pnpm.overrides" was found in /Users/baivab/Workspace/Personal/n8n_forked/n8n/packages/@n8n/tournament/package.json. This will not take effect. You should configure "pnpm.overrides" at the root of the workspace instead.
[34mn8n-nodes-base:build: [0m(node:82048) Warning: The 'NO_COLOR' env is ignored due to the 'FORCE_COLOR' env being set.
[34mn8n-nodes-base:build: [0m(Use `node --trace-warnings ...` to show where the warning was created)
[34mn8n-nodes-base:build: [0m(node:82145) Warning: The 'NO_COLOR' env is ignored due to the 'FORCE_COLOR' env being set.
[34mn8n-nodes-base:build: [0m(Use `node --trace-warnings ...` to show where the warning was created)
[34mn8n-nodes-base:build: [0m../@n8n/tournament                       | [43m[30m WARN [39m[49m The field "pnpm.overrides" was found in /Users/baivab/Workspace/Personal/n8n_forked/n8n/packages/@n8n/tournament/package.json. This will not take effect. You should configure "pnpm.overrides" at the root of the workspace instead.
[34mn8n-nodes-base:build: [0m../@n8n/tournament                       | [43m[30m WARN [39m[49m The field "pnpm.overrides" was found in /Users/baivab/Workspace/Personal/n8n_forked/n8n/packages/@n8n/tournament/package.json. This will not take effect. You should configure "pnpm.overrides" at the root of the workspace instead.
[34mn8n-nodes-base:build: [0m(node:82151) Warning: The 'NO_COLOR' env is ignored due to the 'FORCE_COLOR' env being set.
[34mn8n-nodes-base:build: [0m(Use `node --trace-warnings ...` to show where the warning was created)
[36m@n8n/chat:build: [0m[2K[36m@n8n/chat:build: [0mtransforming...[32m✓[39m 3136 modules transformed.
[36m@n8n/chat:build: [0mrendering chunks...
[36m@n8n/chat:build: [0m[lightningcss minify] 'global' is not recognized as a valid pseudo-class. Did you mean '::global' (pseudo-element) or is this a typo?
[36m@n8n/chat:build: [0m1251 |   */
[36m@n8n/chat:build: [0m1252 |  /** @deprecated Use a semantic variant instead of success color */
[36m@n8n/chat:build: [0m1253 |  :global(.n8n-button--success) {
[36m@n8n/chat:build: [0m     |          ^
[36m@n8n/chat:build: [0m1254 |    --button--color--background: var(--color--success);
[36m@n8n/chat:build: [0m1255 |    --button--color--background-hover: var(--color--success--shade-1);
[36m@n8n/chat:build: [0m[lightningcss minify] 'global' is not recognized as a valid pseudo-class. Did you mean '::global' (pseudo-element) or is this a typo?
[36m@n8n/chat:build: [0m1260 |    --button--shadow--active: 0 0 0 1px var(--color--success--shade-1);
[36m@n8n/chat:build: [0m1261 |  }
[36m@n8n/chat:build: [0m1262 |  :global(.n8n-button--success):disabled, :global(.n8n-button--success)[aria-disabled=true] {
[36m@n8n/chat:build: [0m     |          ^
[36m@n8n/chat:build: [0m1263 |    --button--color--background: var(--color--success--tint-3);
[36m@n8n/chat:build: [0m1264 |    --button--shadow: 0 0 0 1px var(--color--success--tint-3);
[36m@n8n/chat:build: [0m[lightningcss minify] 'global' is not recognized as a valid pseudo-class. Did you mean '::global' (pseudo-element) or is this a typo?
[36m@n8n/chat:build: [0m1260 |    --button--shadow--active: 0 0 0 1px var(--color--success--shade-1);
[36m@n8n/chat:build: [0m1261 |  }
[36m@n8n/chat:build: [0m1262 |  :global(.n8n-button--success):disabled, :global(.n8n-button--success)[aria-disabled=true] {
[36m@n8n/chat:build: [0m     |                                                  ^
[36m@n8n/chat:build: [0m1263 |    --button--color--background: var(--color--success--tint-3);
[36m@n8n/chat:build: [0m1264 |    --button--shadow: 0 0 0 1px var(--color--success--tint-3);
[36m@n8n/chat:build: [0m[lightningcss minify] 'global' is not recognized as a valid pseudo-class. Did you mean '::global' (pseudo-element) or is this a typo?
[36m@n8n/chat:build: [0m1266 |  
[36m@n8n/chat:build: [0m1267 |  /** @deprecated Use a semantic variant instead of warning color */
[36m@n8n/chat:build: [0m1268 |  :global(.n8n-button--warning) {
[36m@n8n/chat:build: [0m     |          ^
[36m@n8n/chat:build: [0m1269 |    --button--color--background: var(--color--warning);
[36m@n8n/chat:build: [0m1270 |    --button--color--background-hover: var(--color--warning--shade-1);
[36m@n8n/chat:build: [0m[lightningcss minify] 'global' is not recognized as a valid pseudo-class. Did you mean '::global' (pseudo-element) or is this a typo?
[36m@n8n/chat:build: [0m1275 |    --button--shadow--active: 0 0 0 1px var(--color--warning--shade-1);
[36m@n8n/chat:build: [0m1276 |  }
[36m@n8n/chat:build: [0m1277 |  :global(.n8n-button--warning):disabled, :global(.n8n-button--warning)[aria-disabled=true] {
[36m@n8n/chat:build: [0m     |          ^
[36m@n8n/chat:build: [0m1278 |    --button--color--background: var(--color--warning--tint-1);
[36m@n8n/chat:build: [0m1279 |    --button--shadow: 0 0 0 1px var(--color--warning--tint-1);
[36m@n8n/chat:build: [0m[lightningcss minify] 'global' is not recognized as a valid pseudo-class. Did you mean '::global' (pseudo-element) or is this a typo?
[36m@n8n/chat:build: [0m1275 |    --button--shadow--active: 0 0 0 1px var(--color--warning--shade-1);
[36m@n8n/chat:build: [0m1276 |  }
[36m@n8n/chat:build: [0m1277 |  :global(.n8n-button--warning):disabled, :global(.n8n-button--warning)[aria-disabled=true] {
[36m@n8n/chat:build: [0m     |                                                  ^
[36m@n8n/chat:build: [0m1278 |    --button--color--background: var(--color--warning--tint-1);
[36m@n8n/chat:build: [0m1279 |    --button--shadow: 0 0 0 1px var(--color--warning--tint-1);
[36m@n8n/chat:build: [0m
[36m@n8n/chat:build: [0m[vite:dts] Start generate declaration files...
[36m@n8n/chat:build: [0m[vite:dts] Declaration files built in 17591ms.
[36m@n8n/chat:build: [0m
[36m@n8n/chat:build: [0mcomputing gzip size...
[36m@n8n/chat:build: [0m[2mdist/[0m[35mchat.css                 [39m[2m[1m   75.38 kB[0m[0m[2m │ gzip:  11.78 kB[0m
[36m@n8n/chat:build: [0m[2mdist/[0m[36mnode-icons-Y_bSQrsa.mjs  [39m[2m[1m   65.71 kB[0m[0m[2m │ gzip:  10.91 kB[0m
[36m@n8n/chat:build: [0m[2mdist/[0m[36mchat.es.js               [39m[33m[1m1,731.68 kB[0m[39m[2m │ gzip: 482.28 kB[0m
[36m@n8n/chat:build: [0m
[36m@n8n/chat:build: [0m[33m[INEFFECTIVE_DYNAMIC_IMPORT] Warning:[0m ../design-system/src/locale/lang/en.ts is dynamically imported by ../design-system/src/locale/index.ts but also statically imported by ../design-system/src/locale/index.ts, dynamic import will not move module into another chunk.
[36m@n8n/chat:build: [0m
[36m@n8n/chat:build: [0m[33m[PLUGIN_TIMINGS] Warning:[0m Your build spent significant time in plugins. Here is a breakdown:
[36m@n8n/chat:build: [0m  - unplugin-icons (61%)
[36m@n8n/chat:build: [0m  - vite:dts (16%)
[36m@n8n/chat:build: [0m  - vite:vue (12%)
[36m@n8n/chat:build: [0m  - vite:css (8%)
[36m@n8n/chat:build: [0mSee https://rolldown.rs/options/checks#plugintimings for more details.
[36m@n8n/chat:build: [0m
[36m@n8n/chat:build: [0m[2K[36m@n8n/chat:build: [0mtransforming...[32m✓[39m 3136 modules transformed.
[36m@n8n/chat:build: [0mrendering chunks...
[36m@n8n/chat:build: [0m[lightningcss minify] 'global' is not recognized as a valid pseudo-class. Did you mean '::global' (pseudo-element) or is this a typo?
[36m@n8n/chat:build: [0m1251 |   */
[36m@n8n/chat:build: [0m1252 |  /** @deprecated Use a semantic variant instead of success color */
[36m@n8n/chat:build: [0m1253 |  :global(.n8n-button--success) {
[36m@n8n/chat:build: [0m     |          ^
[36m@n8n/chat:build: [0m1254 |    --button--color--background: var(--color--success);
[36m@n8n/chat:build: [0m1255 |    --button--color--background-hover: var(--color--success--shade-1);
[36m@n8n/chat:build: [0m[lightningcss minify] 'global' is not recognized as a valid pseudo-class. Did you mean '::global' (pseudo-element) or is this a typo?
[36m@n8n/chat:build: [0m1260 |    --button--shadow--active: 0 0 0 1px var(--color--success--shade-1);
[36m@n8n/chat:build: [0m1261 |  }
[36m@n8n/chat:build: [0m1262 |  :global(.n8n-button--success):disabled, :global(.n8n-button--success)[aria-disabled=true] {
[36m@n8n/chat:build: [0m     |          ^
[36m@n8n/chat:build: [0m1263 |    --button--color--background: var(--color--success--tint-3);
[36m@n8n/chat:build: [0m1264 |    --button--shadow: 0 0 0 1px var(--color--success--tint-3);
[36m@n8n/chat:build: [0m[lightningcss minify] 'global' is not recognized as a valid pseudo-class. Did you mean '::global' (pseudo-element) or is this a typo?
[36m@n8n/chat:build: [0m1260 |    --button--shadow--active: 0 0 0 1px var(--color--success--shade-1);
[36m@n8n/chat:build: [0m1261 |  }
[36m@n8n/chat:build: [0m1262 |  :global(.n8n-button--success):disabled, :global(.n8n-button--success)[aria-disabled=true] {
[36m@n8n/chat:build: [0m     |                                                  ^
[36m@n8n/chat:build: [0m1263 |    --button--color--background: var(--color--success--tint-3);
[36m@n8n/chat:build: [0m1264 |    --button--shadow: 0 0 0 1px var(--color--success--tint-3);
[36m@n8n/chat:build: [0m[lightningcss minify] 'global' is not recognized as a valid pseudo-class. Did you mean '::global' (pseudo-element) or is this a typo?
[36m@n8n/chat:build: [0m1266 |  
[36m@n8n/chat:build: [0m1267 |  /** @deprecated Use a semantic variant instead of warning color */
[36m@n8n/chat:build: [0m1268 |  :global(.n8n-button--warning) {
[36m@n8n/chat:build: [0m     |          ^
[36m@n8n/chat:build: [0m1269 |    --button--color--background: var(--color--warning);
[36m@n8n/chat:build: [0m1270 |    --button--color--background-hover: var(--color--warning--shade-1);
[36m@n8n/chat:build: [0m[lightningcss minify] 'global' is not recognized as a valid pseudo-class. Did you mean '::global' (pseudo-element) or is this a typo?
[36m@n8n/chat:build: [0m1275 |    --button--shadow--active: 0 0 0 1px var(--color--warning--shade-1);
[36m@n8n/chat:build: [0m1276 |  }
[36m@n8n/chat:build: [0m1277 |  :global(.n8n-button--warning):disabled, :global(.n8n-button--warning)[aria-disabled=true] {
[36m@n8n/chat:build: [0m     |          ^
[36m@n8n/chat:build: [0m1278 |    --button--color--background: var(--color--warning--tint-1);
[36m@n8n/chat:build: [0m1279 |    --button--shadow: 0 0 0 1px var(--color--warning--tint-1);
[36m@n8n/chat:build: [0m[lightningcss minify] 'global' is not recognized as a valid pseudo-class. Did you mean '::global' (pseudo-element) or is this a typo?
[36m@n8n/chat:build: [0m1275 |    --button--shadow--active: 0 0 0 1px var(--color--warning--shade-1);
[36m@n8n/chat:build: [0m1276 |  }
[36m@n8n/chat:build: [0m1277 |  :global(.n8n-button--warning):disabled, :global(.n8n-button--warning)[aria-disabled=true] {
[36m@n8n/chat:build: [0m     |                                                  ^
[36m@n8n/chat:build: [0m1278 |    --button--color--background: var(--color--warning--tint-1);
[36m@n8n/chat:build: [0m1279 |    --button--shadow: 0 0 0 1px var(--color--warning--tint-1);
[36m@n8n/chat:build: [0mcomputing gzip size...
[36m@n8n/chat:build: [0m[2mdist/[0m[35mchat.css     [39m[2m[1m   75.38 kB[0m[0m[2m │ gzip:  11.78 kB[0m
[36m@n8n/chat:build: [0m[2mdist/[0m[36mchat.umd.js  [39m[33m[1m1,472.67 kB[0m[39m[2m │ gzip: 450.03 kB[0m
[36m@n8n/chat:build: [0m
[36m@n8n/chat:build: [0m✓ built in 21.21s
[36m@n8n/chat:build: [0m(node:82225) Warning: The 'NO_COLOR' env is ignored due to the 'FORCE_COLOR' env being set.
[36m@n8n/chat:build: [0m(Use `node --trace-warnings ...` to show where the warning was created)
[36m@n8n/chat:build: [0m../../../@n8n/tournament                 | [43m[30m WARN [39m[49m The field "pnpm.overrides" was found in /Users/baivab/Workspace/Personal/n8n_forked/n8n/packages/@n8n/tournament/package.json. This will not take effect. You should configure "pnpm.overrides" at the root of the workspace instead.
[36m@n8n/chat:build: [0m
[36m@n8n/chat:build: [0m> @n8n/chat@1.25.0 build:bundle /Users/baivab/Workspace/Personal/n8n_forked/n8n/packages/frontend/@n8n/chat
[36m@n8n/chat:build: [0m> cross-env INCLUDE_VUE=true vite build
[36m@n8n/chat:build: [0m
[36m@n8n/chat:build: [0m(node:82255) Warning: The 'NO_COLOR' env is ignored due to the 'FORCE_COLOR' env being set.
[36m@n8n/chat:build: [0m(Use `node --trace-warnings ...` to show where the warning was created)
[36m@n8n/chat:build: [0mvite v8.0.2 building client environment for production...
[34mn8n-nodes-base:build: [0mGenerated node definitions for 420 nodes in /Users/baivab/Workspace/Personal/n8n_forked/n8n/packages/nodes-base/dist/node-definitions
[34m@n8n/n8n-nodes-langchain:build: [0mcache miss, executing [2m20a0705bc9d5f6bb[0m
[34m@n8n/n8n-nodes-langchain:build: [0m(node:82314) Warning: The 'NO_COLOR' env is ignored due to the 'FORCE_COLOR' env being set.
[34m@n8n/n8n-nodes-langchain:build: [0m(Use `node --trace-warnings ...` to show where the warning was created)
[34m@n8n/n8n-nodes-langchain:build: [0m
[34m@n8n/n8n-nodes-langchain:build: [0m> @n8n/n8n-nodes-langchain@2.26.0 build /Users/baivab/Workspace/Personal/n8n_forked/n8n/packages/@n8n/nodes-langchain
[34m@n8n/n8n-nodes-langchain:build: [0m> tsc --build tsconfig.build.json && pnpm copy-nodes-json && tsc-alias -p tsconfig.build.json && pnpm n8n-copy-static-files && pnpm n8n-generate-metadata && pnpm n8n-generate-node-defs
[34m@n8n/n8n-nodes-langchain:build: [0m
[34m@n8n/n8n-nodes-langchain:build: [0m(node:82368) Warning: The 'NO_COLOR' env is ignored due to the 'FORCE_COLOR' env being set.
[34m@n8n/n8n-nodes-langchain:build: [0m(Use `node --trace-warnings ...` to show where the warning was created)
[34m@n8n/n8n-nodes-langchain:build: [0m../tournament                            | [43m[30m WARN [39m[49m The field "pnpm.overrides" was found in /Users/baivab/Workspace/Personal/n8n_forked/n8n/packages/@n8n/tournament/package.json. This will not take effect. You should configure "pnpm.overrides" at the root of the workspace instead.
[34m@n8n/n8n-nodes-langchain:build: [0m
[34m@n8n/n8n-nodes-langchain:build: [0m> @n8n/n8n-nodes-langchain@2.26.0 copy-nodes-json /Users/baivab/Workspace/Personal/n8n_forked/n8n/packages/@n8n/nodes-langchain
[34m@n8n/n8n-nodes-langchain:build: [0m> node ../../nodes-base/scripts/copy-nodes-json.js .
[34m@n8n/n8n-nodes-langchain:build: [0m
[34m@n8n/n8n-nodes-langchain:build: [0m(node:82417) Warning: The 'NO_COLOR' env is ignored due to the 'FORCE_COLOR' env being set.
[34m@n8n/n8n-nodes-langchain:build: [0m(Use `node --trace-warnings ...` to show where the warning was created)
[34m@n8n/n8n-nodes-langchain:build: [0m../tournament                            | [43m[30m WARN [39m[49m The field "pnpm.overrides" was found in /Users/baivab/Workspace/Personal/n8n_forked/n8n/packages/@n8n/tournament/package.json. This will not take effect. You should configure "pnpm.overrides" at the root of the workspace instead.
[34m@n8n/n8n-nodes-langchain:build: [0m../tournament                            | [43m[30m WARN [39m[49m The field "pnpm.overrides" was found in /Users/baivab/Workspace/Personal/n8n_forked/n8n/packages/@n8n/tournament/package.json. This will not take effect. You should configure "pnpm.overrides" at the root of the workspace instead.
[36m@n8n/chat:build: [0m[2K[36m@n8n/chat:build: [0mtransforming...[32m✓[39m 3139 modules transformed.
[36m@n8n/chat:build: [0mrendering chunks...
[34m@n8n/n8n-nodes-langchain:build: [0m(node:82435) Warning: The 'NO_COLOR' env is ignored due to the 'FORCE_COLOR' env being set.
[34m@n8n/n8n-nodes-langchain:build: [0m(Use `node --trace-warnings ...` to show where the warning was created)
[34m@n8n/n8n-nodes-langchain:build: [0m../tournament                            | [43m[30m WARN [39m[49m The field "pnpm.overrides" was found in /Users/baivab/Workspace/Personal/n8n_forked/n8n/packages/@n8n/tournament/package.json. This will not take effect. You should configure "pnpm.overrides" at the root of the workspace instead.
[34m@n8n/n8n-nodes-langchain:build: [0m../tournament                            | [43m[30m WARN [39m[49m The field "pnpm.overrides" was found in /Users/baivab/Workspace/Personal/n8n_forked/n8n/packages/@n8n/tournament/package.json. This will not take effect. You should configure "pnpm.overrides" at the root of the workspace instead.
[36m@n8n/chat:build: [0m[lightningcss minify] 'global' is not recognized as a valid pseudo-class. Did you mean '::global' (pseudo-element) or is this a typo?
[36m@n8n/chat:build: [0m1251 |   */
[36m@n8n/chat:build: [0m1252 |  /** @deprecated Use a semantic variant instead of success color */
[36m@n8n/chat:build: [0m1253 |  :global(.n8n-button--success) {
[36m@n8n/chat:build: [0m     |          ^
[36m@n8n/chat:build: [0m1254 |    --button--color--background: var(--color--success);
[36m@n8n/chat:build: [0m1255 |    --button--color--background-hover: var(--color--success--shade-1);
[36m@n8n/chat:build: [0m[lightningcss minify] 'global' is not recognized as a valid pseudo-class. Did you mean '::global' (pseudo-element) or is this a typo?
[36m@n8n/chat:build: [0m1260 |    --button--shadow--active: 0 0 0 1px var(--color--success--shade-1);
[36m@n8n/chat:build: [0m1261 |  }
[36m@n8n/chat:build: [0m1262 |  :global(.n8n-button--success):disabled, :global(.n8n-button--success)[aria-disabled=true] {
[36m@n8n/chat:build: [0m     |          ^
[36m@n8n/chat:build: [0m1263 |    --button--color--background: var(--color--success--tint-3);
[36m@n8n/chat:build: [0m1264 |    --button--shadow: 0 0 0 1px var(--color--success--tint-3);
[36m@n8n/chat:build: [0m[lightningcss minify] 'global' is not recognized as a valid pseudo-class. Did you mean '::global' (pseudo-element) or is this a typo?
[36m@n8n/chat:build: [0m1260 |    --button--shadow--active: 0 0 0 1px var(--color--success--shade-1);
[36m@n8n/chat:build: [0m1261 |  }
[36m@n8n/chat:build: [0m1262 |  :global(.n8n-button--success):disabled, :global(.n8n-button--success)[aria-disabled=true] {
[36m@n8n/chat:build: [0m     |                                                  ^
[36m@n8n/chat:build: [0m1263 |    --button--color--background: var(--color--success--tint-3);
[36m@n8n/chat:build: [0m1264 |    --button--shadow: 0 0 0 1px var(--color--success--tint-3);
[36m@n8n/chat:build: [0m[lightningcss minify] 'global' is not recognized as a valid pseudo-class. Did you mean '::global' (pseudo-element) or is this a typo?
[36m@n8n/chat:build: [0m1266 |  
[36m@n8n/chat:build: [0m1267 |  /** @deprecated Use a semantic variant instead of warning color */
[36m@n8n/chat:build: [0m1268 |  :global(.n8n-button--warning) {
[36m@n8n/chat:build: [0m     |          ^
[36m@n8n/chat:build: [0m1269 |    --button--color--background: var(--color--warning);
[36m@n8n/chat:build: [0m1270 |    --button--color--background-hover: var(--color--warning--shade-1);
[36m@n8n/chat:build: [0m[lightningcss minify] 'global' is not recognized as a valid pseudo-class. Did you mean '::global' (pseudo-element) or is this a typo?
[36m@n8n/chat:build: [0m1275 |    --button--shadow--active: 0 0 0 1px var(--color--warning--shade-1);
[36m@n8n/chat:build: [0m1276 |  }
[36m@n8n/chat:build: [0m1277 |  :global(.n8n-button--warning):disabled, :global(.n8n-button--warning)[aria-disabled=true] {
[36m@n8n/chat:build: [0m     |          ^
[36m@n8n/chat:build: [0m1278 |    --button--color--background: var(--color--warning--tint-1);
[36m@n8n/chat:build: [0m1279 |    --button--shadow: 0 0 0 1px var(--color--warning--tint-1);
[36m@n8n/chat:build: [0m[lightningcss minify] 'global' is not recognized as a valid pseudo-class. Did you mean '::global' (pseudo-element) or is this a typo?
[36m@n8n/chat:build: [0m1275 |    --button--shadow--active: 0 0 0 1px var(--color--warning--shade-1);
[36m@n8n/chat:build: [0m1276 |  }
[36m@n8n/chat:build: [0m1277 |  :global(.n8n-button--warning):disabled, :global(.n8n-button--warning)[aria-disabled=true] {
[36m@n8n/chat:build: [0m     |                                                  ^
[36m@n8n/chat:build: [0m1278 |    --button--color--background: var(--color--warning--tint-1);
[36m@n8n/chat:build: [0m1279 |    --button--shadow: 0 0 0 1px var(--color--warning--tint-1);
[36m@n8n/chat:build: [0m
[36m@n8n/chat:build: [0m[vite:dts] Start generate declaration files...
[36m@n8n/chat:build: [0m[vite:dts] Declaration files built in 8072ms.
[36m@n8n/chat:build: [0m
[36m@n8n/chat:build: [0mcomputing gzip size...
[36m@n8n/chat:build: [0m[2mdist/[0m[35mchat.css                 [39m[2m[1m   75.38 kB[0m[0m[2m │ gzip:  11.78 kB[0m
[36m@n8n/chat:build: [0m[2mdist/[0m[36mnode-icons-Y_bSQrsa.mjs  [39m[2m[1m   65.71 kB[0m[0m[2m │ gzip:  10.91 kB[0m
[36m@n8n/chat:build: [0m[2mdist/[0m[36mchat.bundle.es.js        [39m[33m[1m1,849.13 kB[0m[39m[2m │ gzip: 522.92 kB[0m
[36m@n8n/chat:build: [0m
[36m@n8n/chat:build: [0m[33m[INEFFECTIVE_DYNAMIC_IMPORT] Warning:[0m ../design-system/src/locale/lang/en.ts is dynamically imported by ../design-system/src/locale/index.ts but also statically imported by ../design-system/src/locale/index.ts, dynamic import will not move module into another chunk.
[36m@n8n/chat:build: [0m
[36m@n8n/chat:build: [0m[33m[PLUGIN_TIMINGS] Warning:[0m Your build spent significant time in plugins. Here is a breakdown:
[36m@n8n/chat:build: [0m  - unplugin-icons (75%)
[36m@n8n/chat:build: [0m  - vite:vue (10%)
[36m@n8n/chat:build: [0m  - vite:dts (8%)
[36m@n8n/chat:build: [0mSee https://rolldown.rs/options/checks#plugintimings for more details.
[36m@n8n/chat:build: [0m
[36m@n8n/chat:build: [0m[2K[36m@n8n/chat:build: [0mtransforming...[32m✓[39m 3139 modules transformed.
[36m@n8n/chat:build: [0mrendering chunks...
[36m@n8n/chat:build: [0m[lightningcss minify] 'global' is not recognized as a valid pseudo-class. Did you mean '::global' (pseudo-element) or is this a typo?
[36m@n8n/chat:build: [0m1251 |   */
[36m@n8n/chat:build: [0m1252 |  /** @deprecated Use a semantic variant instead of success color */
[36m@n8n/chat:build: [0m1253 |  :global(.n8n-button--success) {
[36m@n8n/chat:build: [0m     |          ^
[36m@n8n/chat:build: [0m1254 |    --button--color--background: var(--color--success);
[36m@n8n/chat:build: [0m1255 |    --button--color--background-hover: var(--color--success--shade-1);
[36m@n8n/chat:build: [0m[lightningcss minify] 'global' is not recognized as a valid pseudo-class. Did you mean '::global' (pseudo-element) or is this a typo?
[36m@n8n/chat:build: [0m1260 |    --button--shadow--active: 0 0 0 1px var(--color--success--shade-1);
[36m@n8n/chat:build: [0m1261 |  }
[36m@n8n/chat:build: [0m1262 |  :global(.n8n-button--success):disabled, :global(.n8n-button--success)[aria-disabled=true] {
[36m@n8n/chat:build: [0m     |          ^
[36m@n8n/chat:build: [0m1263 |    --button--color--background: var(--color--success--tint-3);
[36m@n8n/chat:build: [0m1264 |    --button--shadow: 0 0 0 1px var(--color--success--tint-3);
[36m@n8n/chat:build: [0m[lightningcss minify] 'global' is not recognized as a valid pseudo-class. Did you mean '::global' (pseudo-element) or is this a typo?
[36m@n8n/chat:build: [0m1260 |    --button--shadow--active: 0 0 0 1px var(--color--success--shade-1);
[36m@n8n/chat:build: [0m1261 |  }
[36m@n8n/chat:build: [0m1262 |  :global(.n8n-button--success):disabled, :global(.n8n-button--success)[aria-disabled=true] {
[36m@n8n/chat:build: [0m     |                                                  ^
[36m@n8n/chat:build: [0m1263 |    --button--color--background: var(--color--success--tint-3);
[36m@n8n/chat:build: [0m1264 |    --button--shadow: 0 0 0 1px var(--color--success--tint-3);
[36m@n8n/chat:build: [0m[lightningcss minify] 'global' is not recognized as a valid pseudo-class. Did you mean '::global' (pseudo-element) or is this a typo?
[36m@n8n/chat:build: [0m1266 |  
[36m@n8n/chat:build: [0m1267 |  /** @deprecated Use a semantic variant instead of warning color */
[36m@n8n/chat:build: [0m1268 |  :global(.n8n-button--warning) {
[36m@n8n/chat:build: [0m     |          ^
[36m@n8n/chat:build: [0m1269 |    --button--color--background: var(--color--warning);
[36m@n8n/chat:build: [0m1270 |    --button--color--background-hover: var(--color--warning--shade-1);
[36m@n8n/chat:build: [0m[lightningcss minify] 'global' is not recognized as a valid pseudo-class. Did you mean '::global' (pseudo-element) or is this a typo?
[36m@n8n/chat:build: [0m1275 |    --button--shadow--active: 0 0 0 1px var(--color--warning--shade-1);
[36m@n8n/chat:build: [0m1276 |  }
[36m@n8n/chat:build: [0m1277 |  :global(.n8n-button--warning):disabled, :global(.n8n-button--warning)[aria-disabled=true] {
[36m@n8n/chat:build: [0m     |          ^
[36m@n8n/chat:build: [0m1278 |    --button--color--background: var(--color--warning--tint-1);
[36m@n8n/chat:build: [0m1279 |    --button--shadow: 0 0 0 1px var(--color--warning--tint-1);
[36m@n8n/chat:build: [0m[lightningcss minify] 'global' is not recognized as a valid pseudo-class. Did you mean '::global' (pseudo-element) or is this a typo?
[36m@n8n/chat:build: [0m1275 |    --button--shadow--active: 0 0 0 1px var(--color--warning--shade-1);
[36m@n8n/chat:build: [0m1276 |  }
[36m@n8n/chat:build: [0m1277 |  :global(.n8n-button--warning):disabled, :global(.n8n-button--warning)[aria-disabled=true] {
[36m@n8n/chat:build: [0m     |                                                  ^
[36m@n8n/chat:build: [0m1278 |    --button--color--background: var(--color--warning--tint-1);
[36m@n8n/chat:build: [0m1279 |    --button--shadow: 0 0 0 1px var(--color--warning--tint-1);
[36m@n8n/chat:build: [0mcomputing gzip size...
[36m@n8n/chat:build: [0m[2mdist/[0m[35mchat.css            [39m[2m[1m   75.38 kB[0m[0m[2m │ gzip:  11.78 kB[0m
[36m@n8n/chat:build: [0m[2mdist/[0m[36mchat.bundle.umd.js  [39m[33m[1m1,504.32 kB[0m[39m[2m │ gzip: 482.86 kB[0m
[36m@n8n/chat:build: [0m
[36m@n8n/chat:build: [0m✓ built in 11.04s
[36mn8n-editor-ui:build: [0mcache miss, executing [2meb00d965c8079d4f[0m
[36mn8n-editor-ui:build: [0m(node:82461) Warning: The 'NO_COLOR' env is ignored due to the 'FORCE_COLOR' env being set.
[36mn8n-editor-ui:build: [0m(Use `node --trace-warnings ...` to show where the warning was created)
[36mn8n-editor-ui:build: [0m
[36mn8n-editor-ui:build: [0m> n8n-editor-ui@2.26.0 build /Users/baivab/Workspace/Personal/n8n_forked/n8n/packages/frontend/editor-ui
[36mn8n-editor-ui:build: [0m> cross-env VUE_APP_PUBLIC_PATH="/{{BASE_PATH}}/" NODE_OPTIONS="--max-old-space-size=8192" vite build
[36mn8n-editor-ui:build: [0m
[36mn8n-editor-ui:build: [0m(node:82490) Warning: The 'NO_COLOR' env is ignored due to the 'FORCE_COLOR' env being set.
[36mn8n-editor-ui:build: [0m(Use `node --trace-warnings ...` to show where the warning was created)
[36mn8n-editor-ui:build: [0m7:52:18 AM [vite] warning: `esbuild` option was specified by "vite-plugin-node-polyfills" plugin. This option is deprecated, please use `oxc` instead.
[36mn8n-editor-ui:build: [0mvite v8.0.2 building client environment for production...
[36mn8n-editor-ui:build: [0m<script src="/{{BASE_PATH}}/static/base-path.js"> in "/index.html" can't be bundled without type="module" attribute
[36mn8n-editor-ui:build: [0m<script src="/{{BASE_PATH}}/static/posthog.init.js"> in "/index.html" can't be bundled without type="module" attribute
[36mn8n-editor-ui:build: [0m
[36mn8n-editor-ui:build: [0m/{{BASE_PATH}}/static/prefers-color-scheme.css doesn't exist at build time, it will remain unchanged to be resolved at runtime
[34m@n8n/n8n-nodes-langchain:build: [0m(node:82441) Warning: The 'NO_COLOR' env is ignored due to the 'FORCE_COLOR' env being set.
[34m@n8n/n8n-nodes-langchain:build: [0m(Use `node --trace-warnings ...` to show where the warning was created)
[34m@n8n/n8n-nodes-langchain:build: [0m(node:82505) Warning: The 'NO_COLOR' env is ignored due to the 'FORCE_COLOR' env being set.
[34m@n8n/n8n-nodes-langchain:build: [0m(Use `node --trace-warnings ...` to show where the warning was created)
[34m@n8n/n8n-nodes-langchain:build: [0m../tournament                            | [43m[30m WARN [39m[49m The field "pnpm.overrides" was found in /Users/baivab/Workspace/Personal/n8n_forked/n8n/packages/@n8n/tournament/package.json. This will not take effect. You should configure "pnpm.overrides" at the root of the workspace instead.
[34m@n8n/n8n-nodes-langchain:build: [0m../tournament                            | [43m[30m WARN [39m[49m The field "pnpm.overrides" was found in /Users/baivab/Workspace/Personal/n8n_forked/n8n/packages/@n8n/tournament/package.json. This will not take effect. You should configure "pnpm.overrides" at the root of the workspace instead.
[34m@n8n/n8n-nodes-langchain:build: [0m(node:82524) Warning: The 'NO_COLOR' env is ignored due to the 'FORCE_COLOR' env being set.
[34m@n8n/n8n-nodes-langchain:build: [0m(Use `node --trace-warnings ...` to show where the warning was created)
[34m@n8n/n8n-nodes-langchain:build: [0mNode definitions up to date (hash match), skipping generation.
[36mn8n-editor-ui:build: [0m[plugin rolldown:vite-resolve] Module "os" has been externalized for browser compatibility, imported by "/Users/baivab/Workspace/Personal/n8n_forked/n8n/node_modules/.pnpm/recast@0.22.0/node_modules/recast/lib/util.js". See https://vite.dev/guide/troubleshooting.html#module-externalized-for-browser-compatibility for more details.
[36mn8n-editor-ui:build: [0m[plugin rolldown:vite-resolve] Module "child_process" has been externalized for browser compatibility, imported by "/Users/baivab/Workspace/Personal/n8n_forked/n8n/node_modules/.pnpm/cron@4.4.0/node_modules/cron/dist/job.js". See https://vite.dev/guide/troubleshooting.html#module-externalized-for-browser-compatibility for more details.
[36mn8n-editor-ui:build: [0m[plugin rolldown:vite-resolve] Module "os" has been externalized for browser compatibility, imported by "/Users/baivab/Workspace/Personal/n8n_forked/n8n/node_modules/.pnpm/recast@0.22.0/node_modules/recast/lib/util.js". See https://vite.dev/guide/troubleshooting.html#module-externalized-for-browser-compatibility for more details.
[36mn8n-editor-ui:build: [0m[plugin rolldown:vite-resolve] Module "os" has been externalized for browser compatibility, imported by "/Users/baivab/Workspace/Personal/n8n_forked/n8n/node_modules/.pnpm/recast@0.22.0/node_modules/recast/lib/util.js". See https://vite.dev/guide/troubleshooting.html#module-externalized-for-browser-compatibility for more details.
[36mn8n-editor-ui:build: [0m[33m[1mDeprecation Warning[0m [[34mglobal-builtin[0m]: Global built-in functions are deprecated and will be removed in Dart Sass 3.0.0.
[36mn8n-editor-ui:build: [0mUse color.mix instead.
[36mn8n-editor-ui:build: [0m
[36mn8n-editor-ui:build: [0mMore info and automated migrator: https://sass-lang.com/d/import
[36mn8n-editor-ui:build: [0m
[36mn8n-editor-ui:build: [0m[34m   ╷[0m
[36mn8n-editor-ui:build: [0m[34m63 │[0m [31m┌[0m           [31mmix([0m
[36mn8n-editor-ui:build: [0m[34m64 │[0m [31m│[0m [31m            $mix-color,[0m
[36mn8n-editor-ui:build: [0m[34m65 │[0m [31m│[0m [31m            map.get($colors, $type, 'base'),[0m
[36mn8n-editor-ui:build: [0m[34m66 │[0m [31m│[0m [31m            math.percentage(math.div($number, 10))[0m
[36mn8n-editor-ui:build: [0m[34m67 │[0m [31m│[0m [31m          )[0m,
[36mn8n-editor-ui:build: [0m[34m   │[0m [31m└[0m[31m───────────^[0m
[36mn8n-editor-ui:build: [0m[34m   ╵[0m
[36mn8n-editor-ui:build: [0m    ../../../../../element-plus@2.4.3_patch_hash=fbab57fe3750e430abd5d5e7c04cbf1b6a8f9f1c9676b14c73b77d3e0_ad2671a9dc4701bd91b53b83324d31e0/node_modules/element-plus/theme-chalk/src/common/var.scss 63:11   set-color-mix-level()
[36mn8n-editor-ui:build: [0m    ../../../../../element-plus@2.4.3_patch_hash=fbab57fe3750e430abd5d5e7c04cbf1b6a8f9f1c9676b14c73b77d3e0_ad2671a9dc4701bd91b53b83324d31e0/node_modules/element-plus/theme-chalk/src/common/var.scss 87:5    @use
[36mn8n-editor-ui:build: [0m    ../../../../../element-plus@2.4.3_patch_hash=fbab57fe3750e430abd5d5e7c04cbf1b6a8f9f1c9676b14c73b77d3e0_ad2671a9dc4701bd91b53b83324d31e0/node_modules/element-plus/theme-chalk/src/mixins/mixins.scss 2:1  @use
[36mn8n-editor-ui:build: [0m    ../../../../../element-plus@2.4.3_patch_hash=fbab57fe3750e430abd5d5e7c04cbf1b6a8f9f1c9676b14c73b77d3e0_ad2671a9dc4701bd91b53b83324d31e0/node_modules/element-plus/theme-chalk/src/slider.scss 3:1         @use
[36mn8n-editor-ui:build: [0m    ../../../../../../../packages/frontend/@n8n/design-system/src/css/slider.scss 7:1                                                                                                                         @use
[36mn8n-editor-ui:build: [0m    ../../../../../../../packages/frontend/@n8n/design-system/src/css/index.scss 18:1                                                                                                                         root stylesheet
[36mn8n-editor-ui:build: [0m
[36mn8n-editor-ui:build: [0m[33m[1mDeprecation Warning[0m [[34mglobal-builtin[0m]: Global built-in functions are deprecated and will be removed in Dart Sass 3.0.0.
[36mn8n-editor-ui:build: [0mUse meta.inspect instead.
[36mn8n-editor-ui:build: [0m
[36mn8n-editor-ui:build: [0mMore info and automated migrator: https://sass-lang.com/d/import
[36mn8n-editor-ui:build: [0m
[36mn8n-editor-ui:build: [0m[34m  ╷[0m
[36mn8n-editor-ui:build: [0m[34m5 │[0m   $selector: [31minspect($selector)[0m;
[36mn8n-editor-ui:build: [0m[34m  │[0m [31m             ^^^^^^^^^^^^^^^^^^[0m
[36mn8n-editor-ui:build: [0m[34m  ╵[0m
[36mn8n-editor-ui:build: [0m    ../../../../../element-plus@2.4.3_patch_hash=fbab57fe3750e430abd5d5e7c04cbf1b6a8f9f1c9676b14c73b77d3e0_ad2671a9dc4701bd91b53b83324d31e0/node_modules/element-plus/theme-chalk/src/mixins/function.scss 5:14   selectorToString()
[36mn8n-editor-ui:build: [0m    ../../../../../element-plus@2.4.3_patch_hash=fbab57fe3750e430abd5d5e7c04cbf1b6a8f9f1c9676b14c73b77d3e0_ad2671a9dc4701bd91b53b83324d31e0/node_modules/element-plus/theme-chalk/src/mixins/function.scss 11:14  containsModifier()
[36mn8n-editor-ui:build: [0m    ../../../../../element-plus@2.4.3_patch_hash=fbab57fe3750e430abd5d5e7c04cbf1b6a8f9f1c9676b14c73b77d3e0_ad2671a9dc4701bd91b53b83324d31e0/node_modules/element-plus/theme-chalk/src/mixins/function.scss 41:11  hitAllSpecialNestRule()
[36mn8n-editor-ui:build: [0m    ../../../../../element-plus@2.4.3_patch_hash=fbab57fe3750e430abd5d5e7c04cbf1b6a8f9f1c9676b14c73b77d3e0_ad2671a9dc4701bd91b53b83324d31e0/node_modules/element-plus/theme-chalk/src/mixins/mixins.scss 77:7     e()
[36mn8n-editor-ui:build: [0m    ../../../../../element-plus@2.4.3_patch_hash=fbab57fe3750e430abd5d5e7c04cbf1b6a8f9f1c9676b14c73b77d3e0_ad2671a9dc4701bd91b53b83324d31e0/node_modules/element-plus/theme-chalk/src/slider.scss 28:3            @content
[36mn8n-editor-ui:build: [0m    ../../../../../element-plus@2.4.3_patch_hash=fbab57fe3750e430abd5d5e7c04cbf1b6a8f9f1c9676b14c73b77d3e0_ad2671a9dc4701bd91b53b83324d31e0/node_modules/element-plus/theme-chalk/src/mixins/mixins.scss 60:5     b()
[36mn8n-editor-ui:build: [0m    ../../../../../element-plus@2.4.3_patch_hash=fbab57fe3750e430abd5d5e7c04cbf1b6a8f9f1c9676b14c73b77d3e0_ad2671a9dc4701bd91b53b83324d31e0/node_modules/element-plus/theme-chalk/src/slider.scss 22:1            @use
[36mn8n-editor-ui:build: [0m    ../../../../../../../packages/frontend/@n8n/design-system/src/css/slider.scss 7:1                                                                                                                             @use
[36mn8n-editor-ui:build: [0m    ../../../../../../../packages/frontend/@n8n/design-system/src/css/index.scss 18:1                                                                                                                             root stylesheet
[36mn8n-editor-ui:build: [0m
[36mn8n-editor-ui:build: [0m[33m[1mDeprecation Warning[0m [[34mglobal-builtin[0m]: Global built-in functions are deprecated and will be removed in Dart Sass 3.0.0.
[36mn8n-editor-ui:build: [0mUse string.slice instead.
[36mn8n-editor-ui:build: [0m
[36mn8n-editor-ui:build: [0mMore info and automated migrator: https://sass-lang.com/d/import
[36mn8n-editor-ui:build: [0m
[36mn8n-editor-ui:build: [0m[34m  ╷[0m
[36mn8n-editor-ui:build: [0m[34m6 │[0m   $selector: [31mstr-slice($selector, 2, -2)[0m;
[36mn8n-editor-ui:build: [0m[34m  │[0m [31m             ^^^^^^^^^^^^^^^^^^^^^^^^^^^[0m
[36mn8n-editor-ui:build: [0m[34m  ╵[0m
[36mn8n-editor-ui:build: [0m    ../../../../../element-plus@2.4.3_patch_hash=fbab57fe3750e430abd5d5e7c04cbf1b6a8f9f1c9676b14c73b77d3e0_ad2671a9dc4701bd91b53b83324d31e0/node_modules/element-plus/theme-chalk/src/mixins/function.scss 6:14   selectorToString()
[36mn8n-editor-ui:build: [0m    ../../../../../element-plus@2.4.3_patch_hash=fbab57fe3750e430abd5d5e7c04cbf1b6a8f9f1c9676b14c73b77d3e0_ad2671a9dc4701bd91b53b83324d31e0/node_modules/element-plus/theme-chalk/src/mixins/function.scss 11:14  containsModifier()
[36mn8n-editor-ui:build: [0m    ../../../../../element-plus@2.4.3_patch_hash=fbab57fe3750e430abd5d5e7c04cbf1b6a8f9f1c9676b14c73b77d3e0_ad2671a9dc4701bd91b53b83324d31e0/node_modules/element-plus/theme-chalk/src/mixins/function.scss 41:11  hitAllSpecialNestRule()
[36mn8n-editor-ui:build: [0m    ../../../../../element-plus@2.4.3_patch_hash=fbab57fe3750e430abd5d5e7c04cbf1b6a8f9f1c9676b14c73b77d3e0_ad2671a9dc4701bd91b53b83324d31e0/node_modules/element-plus/theme-chalk/src/mixins/mixins.scss 77:7     e()
[36mn8n-editor-ui:build: [0m    ../../../../../element-plus@2.4.3_patch_hash=fbab57fe3750e430abd5d5e7c04cbf1b6a8f9f1c9676b14c73b77d3e0_ad2671a9dc4701bd91b53b83324d31e0/node_modules/element-plus/theme-chalk/src/slider.scss 28:3            @content
[36mn8n-editor-ui:build: [0m    ../../../../../element-plus@2.4.3_patch_hash=fbab57fe3750e430abd5d5e7c04cbf1b6a8f9f1c9676b14c73b77d3e0_ad2671a9dc4701bd91b53b83324d31e0/node_modules/element-plus/theme-chalk/src/mixins/mixins.scss 60:5     b()
[36mn8n-editor-ui:build: [0m    ../../../../../element-plus@2.4.3_patch_hash=fbab57fe3750e430abd5d5e7c04cbf1b6a8f9f1c9676b14c73b77d3e0_ad2671a9dc4701bd91b53b83324d31e0/node_modules/element-plus/theme-chalk/src/slider.scss 22:1            @use
[36mn8n-editor-ui:build: [0m    ../../../../../../../packages/frontend/@n8n/design-system/src/css/slider.scss 7:1                                                                                                                             @use
[36mn8n-editor-ui:build: [0m    ../../../../../../../packages/frontend/@n8n/design-system/src/css/index.scss 18:1                                                                                                                             root stylesheet
[36mn8n-editor-ui:build: [0m
[36mn8n-editor-ui:build: [0m[33m[1mDeprecation Warning[0m [[34mglobal-builtin[0m]: Global built-in functions are deprecated and will be removed in Dart Sass 3.0.0.
[36mn8n-editor-ui:build: [0mUse string.index instead.
[36mn8n-editor-ui:build: [0m
[36mn8n-editor-ui:build: [0mMore info and automated migrator: https://sass-lang.com/d/import
[36mn8n-editor-ui:build: [0m
[36mn8n-editor-ui:build: [0m[34m   ╷[0m
[36mn8n-editor-ui:build: [0m[34m13 │[0m   @if [31mstr-index($selector, config.$modifier-separator)[0m {
[36mn8n-editor-ui:build: [0m[34m   │[0m [31m      ^^^^^^^^^^^^^^^^^^^^^^^^^^^^^^^^^^^^^^^^^^^^^^^^[0m
[36mn8n-editor-ui:build: [0m[34m   ╵[0m
[36mn8n-editor-ui:build: [0m    ../../../../../element-plus@2.4.3_patch_hash=fbab57fe3750e430abd5d5e7c04cbf1b6a8f9f1c9676b14c73b77d3e0_ad2671a9dc4701bd91b53b83324d31e0/node_modules/element-plus/theme-chalk/src/mixins/function.scss 13:7   containsModifier()
[36mn8n-editor-ui:build: [0m    ../../../../../element-plus@2.4.3_patch_hash=fbab57fe3750e430abd5d5e7c04cbf1b6a8f9f1c9676b14c73b77d3e0_ad2671a9dc4701bd91b53b83324d31e0/node_modules/element-plus/theme-chalk/src/mixins/function.scss 41:11  hitAllSpecialNestRule()
[36mn8n-editor-ui:build: [0m    ../../../../../element-plus@2.4.3_patch_hash=fbab57fe3750e430abd5d5e7c04cbf1b6a8f9f1c9676b14c73b77d3e0_ad2671a9dc4701bd91b53b83324d31e0/node_modules/element-plus/theme-chalk/src/mixins/mixins.scss 77:7     e()
[36mn8n-editor-ui:build: [0m    ../../../../../element-plus@2.4.3_patch_hash=fbab57fe3750e430abd5d5e7c04cbf1b6a8f9f1c9676b14c73b77d3e0_ad2671a9dc4701bd91b53b83324d31e0/node_modules/element-plus/theme-chalk/src/slider.scss 28:3            @content
[36mn8n-editor-ui:build: [0m    ../../../../../element-plus@2.4.3_patch_hash=fbab57fe3750e430abd5d5e7c04cbf1b6a8f9f1c9676b14c73b77d3e0_ad2671a9dc4701bd91b53b83324d31e0/node_modules/element-plus/theme-chalk/src/mixins/mixins.scss 60:5     b()
[36mn8n-editor-ui:build: [0m    ../../../../../element-plus@2.4.3_patch_hash=fbab57fe3750e430abd5d5e7c04cbf1b6a8f9f1c9676b14c73b77d3e0_ad2671a9dc4701bd91b53b83324d31e0/node_modules/element-plus/theme-chalk/src/slider.scss 22:1            @use
[36mn8n-editor-ui:build: [0m    ../../../../../../../packages/frontend/@n8n/design-system/src/css/slider.scss 7:1                                                                                                                             @use
[36mn8n-editor-ui:build: [0m    ../../../../../../../packages/frontend/@n8n/design-system/src/css/index.scss 18:1                                                                                                                             root stylesheet
[36mn8n-editor-ui:build: [0m
[36mn8n-editor-ui:build: [0m[33m[1mDeprecation Warning[0m [[34mglobal-builtin[0m]: Global built-in functions are deprecated and will be removed in Dart Sass 3.0.0.
[36mn8n-editor-ui:build: [0mUse string.index instead.
[36mn8n-editor-ui:build: [0m
[36mn8n-editor-ui:build: [0mMore info and automated migrator: https://sass-lang.com/d/import
[36mn8n-editor-ui:build: [0m
[36mn8n-editor-ui:build: [0m[34m   ╷[0m
[36mn8n-editor-ui:build: [0m[34m23 │[0m   @if [31mstr-index($selector, '.' + config.$state-prefix)[0m {
[36mn8n-editor-ui:build: [0m[34m   │[0m [31m      ^^^^^^^^^^^^^^^^^^^^^^^^^^^^^^^^^^^^^^^^^^^^^^^^[0m
[36mn8n-editor-ui:build: [0m[34m   ╵[0m
[36mn8n-editor-ui:build: [0m    ../../../../../element-plus@2.4.3_patch_hash=fbab57fe3750e430abd5d5e7c04cbf1b6a8f9f1c9676b14c73b77d3e0_ad2671a9dc4701bd91b53b83324d31e0/node_modules/element-plus/theme-chalk/src/mixins/function.scss 23:7   containWhenFlag()
[36mn8n-editor-ui:build: [0m    ../../../../../element-plus@2.4.3_patch_hash=fbab57fe3750e430abd5d5e7c04cbf1b6a8f9f1c9676b14c73b77d3e0_ad2671a9dc4701bd91b53b83324d31e0/node_modules/element-plus/theme-chalk/src/mixins/function.scss 41:42  hitAllSpecialNestRule()
[36mn8n-editor-ui:build: [0m    ../../../../../element-plus@2.4.3_patch_hash=fbab57fe3750e430abd5d5e7c04cbf1b6a8f9f1c9676b14c73b77d3e0_ad2671a9dc4701bd91b53b83324d31e0/node_modules/element-plus/theme-chalk/src/mixins/mixins.scss 77:7     e()
[36mn8n-editor-ui:build: [0m    ../../../../../element-plus@2.4.3_patch_hash=fbab57fe3750e430abd5d5e7c04cbf1b6a8f9f1c9676b14c73b77d3e0_ad2671a9dc4701bd91b53b83324d31e0/node_modules/element-plus/theme-chalk/src/slider.scss 28:3            @content
[36mn8n-editor-ui:build: [0m    ../../../../../element-plus@2.4.3_patch_hash=fbab57fe3750e430abd5d5e7c04cbf1b6a8f9f1c9676b14c73b77d3e0_ad2671a9dc4701bd91b53b83324d31e0/node_modules/element-plus/theme-chalk/src/mixins/mixins.scss 60:5     b()
[36mn8n-editor-ui:build: [0m    ../../../../../element-plus@2.4.3_patch_hash=fbab57fe3750e430abd5d5e7c04cbf1b6a8f9f1c9676b14c73b77d3e0_ad2671a9dc4701bd91b53b83324d31e0/node_modules/element-plus/theme-chalk/src/slider.scss 22:1            @use
[36mn8n-editor-ui:build: [0m    ../../../../../../../packages/frontend/@n8n/design-system/src/css/slider.scss 7:1                                                                                                                             @use
[36mn8n-editor-ui:build: [0m    ../../../../../../../packages/frontend/@n8n/design-system/src/css/index.scss 18:1                                                                                                                             root stylesheet
[36mn8n-editor-ui:build: [0m
[36mn8n-editor-ui:build: [0m[33m[1mWarning[0m: 1 repetitive deprecation warnings omitted.
[36mn8n-editor-ui:build: [0mRun in verbose mode to see all warnings.
[36mn8n-editor-ui:build: [0m
[36mn8n-editor-ui:build: [0m[2K[36mn8n-editor-ui:build: [0mtransforming...[32m✓[39m 8427 modules transformed.
[36mn8n-editor-ui:build: [0mrendering chunks...
[36mn8n-editor-ui:build: [0m[vite-plugin-static-copy] Copied 4 items.
[36mn8n-editor-ui:build: [0mcomputing gzip size...
[36mn8n-editor-ui:build: [0m[2mdist/[0m[2massets/[0m[32mKaTeX_Size3-Regular-CTq5MqoE.woff                       [39m[2m[1m     4.42 kB[0m[0m
[36mn8n-editor-ui:build: [0m[2mdist/[0m[2massets/[0m[32mKaTeX_Size4-Regular-Dl5lxZxV.woff2                      [39m[2m[1m     4.92 kB[0m[0m
[36mn8n-editor-ui:build: [0m[2mdist/[0m[2massets/[0m[32mKaTeX_Size2-Regular-Dy4dx90m.woff2                      [39m[2m[1m     5.20 kB[0m[0m
[36mn8n-editor-ui:build: [0m[2mdist/[0m[2massets/[0m[32mKaTeX_Size1-Regular-mCD8mA8B.woff2                      [39m[2m[1m     5.46 kB[0m[0m
[36mn8n-editor-ui:build: [0m[2mdist/[0m[2massets/[0m[32mKaTeX_Size4-Regular-BF-4gkZK.woff                       [39m[2m[1m     5.98 kB[0m[0m
[36mn8n-editor-ui:build: [0m[2mdist/[0m[2massets/[0m[32mKaTeX_Size2-Regular-oD1tc_U0.woff                       [39m[2m[1m     6.18 kB[0m[0m
[36mn8n-editor-ui:build: [0m[2mdist/[0m[2massets/[0m[32mKaTeX_Size1-Regular-C195tn64.woff                       [39m[2m[1m     6.49 kB[0m[0m
[36mn8n-editor-ui:build: [0m[2mdist/[0m[2massets/[0m[32mKaTeX_Caligraphic-Regular-Di6jR-x-.woff2                [39m[2m[1m     6.90 kB[0m[0m
[36mn8n-editor-ui:build: [0m[2mdist/[0m[2massets/[0m[32mKaTeX_Caligraphic-Bold-Dq_IR9rO.woff2                   [39m[2m[1m     6.91 kB[0m[0m
[36mn8n-editor-ui:build: [0m[2mdist/[0m[2massets/[0m[32mKaTeX_Size3-Regular-DgpXs0kz.ttf                        [39m[2m[1m     7.58 kB[0m[0m
[36mn8n-editor-ui:build: [0m[2mdist/[0m[2massets/[0m[32mKaTeX_Caligraphic-Regular-CTRA-rTL.woff                 [39m[2m[1m     7.65 kB[0m[0m
[36mn8n-editor-ui:build: [0m[2mdist/[0m[2massets/[0m[32mKaTeX_Caligraphic-Bold-BEiXGLvX.woff                    [39m[2m[1m     7.71 kB[0m[0m
[36mn8n-editor-ui:build: [0m[2mdist/[0m[2massets/[0m[32mKaTeX_Script-Regular-D3wIWfF6.woff2                     [39m[2m[1m     9.64 kB[0m[0m
[36mn8n-editor-ui:build: [0m[2mdist/[0m[2massets/[0m[32mKaTeX_SansSerif-Regular-DDBCnlJ7.woff2                  [39m[2m[1m    10.34 kB[0m[0m
[36mn8n-editor-ui:build: [0m[2mdist/[0m[2massets/[0m[32mKaTeX_Size4-Regular-DWFBv043.ttf                        [39m[2m[1m    10.36 kB[0m[0m
[36mn8n-editor-ui:build: [0m[2mdist/[0m[2massets/[0m[32mKaTeX_Script-Regular-D5yQViql.woff                      [39m[2m[1m    10.58 kB[0m[0m
[36mn8n-editor-ui:build: [0m[2mdist/[0m[2massets/[0m[32mKaTeX_Fraktur-Regular-CTYiF6lA.woff2                    [39m[2m[1m    11.31 kB[0m[0m
[36mn8n-editor-ui:build: [0m[2mdist/[0m[2massets/[0m[32mKaTeX_Fraktur-Bold-CL6g_b3V.woff2                       [39m[2m[1m    11.34 kB[0m[0m
[36mn8n-editor-ui:build: [0m[2mdist/[0m[2massets/[0m[32mKaTeX_Size2-Regular-B7gKUWhC.ttf                        [39m[2m[1m    11.50 kB[0m[0m
[36mn8n-editor-ui:build: [0m[2mdist/[0m[2massets/[0m[32mKaTeX_SansSerif-Italic-C3H0VqGB.woff2                   [39m[2m[1m    12.02 kB[0m[0m
[36mn8n-editor-ui:build: [0m[2mdist/[0m[2massets/[0m[32mKaTeX_SansSerif-Bold-D1sUS0GD.woff2                     [39m[2m[1m    12.21 kB[0m[0m
[36mn8n-editor-ui:build: [0m[2mdist/[0m[2massets/[0m[32mKaTeX_Size1-Regular-Dbsnue_I.ttf                        [39m[2m[1m    12.22 kB[0m[0m
[36mn8n-editor-ui:build: [0m[2mdist/[0m[2massets/[0m[32mKaTeX_SansSerif-Regular-CS6fqUqJ.woff                   [39m[2m[1m    12.31 kB[0m[0m
[36mn8n-editor-ui:build: [0m[2mdist/[0m[2massets/[0m[32mKaTeX_Caligraphic-Regular-wX97UBjC.ttf                  [39m[2m[1m    12.34 kB[0m[0m
[36mn8n-editor-ui:build: [0m[2mdist/[0m[2massets/[0m[32mKaTeX_Caligraphic-Bold-ATXxdsX0.ttf                     [39m[2m[1m    12.36 kB[0m[0m
[36mn8n-editor-ui:build: [0m[2mdist/[0m[2massets/[0m[32mKaTeX_Fraktur-Regular-Dxdc4cR9.woff                     [39m[2m[1m    13.20 kB[0m[0m
[36mn8n-editor-ui:build: [0m[2mdist/[0m[2massets/[0m[32mKaTeX_Fraktur-Bold-BsDP51OF.woff                        [39m[2m[1m    13.29 kB[0m[0m
[36mn8n-editor-ui:build: [0m[2mdist/[0m[2massets/[0m[32mKaTeX_Typewriter-Regular-CO6r4hn1.woff2                 [39m[2m[1m    13.56 kB[0m[0m
[36mn8n-editor-ui:build: [0m[2mdist/[0m[2massets/[0m[32mKaTeX_SansSerif-Italic-DN2j7dab.woff                    [39m[2m[1m    14.11 kB[0m[0m
[36mn8n-editor-ui:build: [0m[2mdist/[0m[2massets/[0m[32mKaTeX_SansSerif-Bold-DbIhKOiC.woff                      [39m[2m[1m    14.40 kB[0m[0m
[36mn8n-editor-ui:build: [0m[2mdist/[0m[2massets/[0m[32mKaTeX_Typewriter-Regular-C0xS9mPB.woff                  [39m[2m[1m    16.02 kB[0m[0m
[36mn8n-editor-ui:build: [0m[2mdist/[0m[2massets/[0m[32mKaTeX_Math-BoldItalic-CZnvNsCZ.woff2                    [39m[2m[1m    16.40 kB[0m[0m
[36mn8n-editor-ui:build: [0m[2mdist/[0m[2massets/[0m[32mKaTeX_Math-Italic-t53AETM-.woff2                        [39m[2m[1m    16.44 kB[0m[0m
[36mn8n-editor-ui:build: [0m[2mdist/[0m[2massets/[0m[32mKaTeX_Script-Regular-C5JkGWo-.ttf                       [39m[2m[1m    16.64 kB[0m[0m
[36mn8n-editor-ui:build: [0m[2mdist/[0m[2massets/[0m[32mKaTeX_Main-BoldItalic-DxDJ3AOS.woff2                    [39m[2m[1m    16.78 kB[0m[0m
[36mn8n-editor-ui:build: [0m[2mdist/[0m[2massets/[0m[32mKaTeX_Main-Italic-NWA7e6Wa.woff2                        [39m[2m[1m    16.98 kB[0m[0m
[36mn8n-editor-ui:build: [0m[2mdist/[0m[2massets/[0m[32mworker-BoYtc5pM.js                                      [39m[2m[1m    17.90 kB[0m[0m
[36mn8n-editor-ui:build: [0m[2mdist/[0m[2massets/[0m[32mKaTeX_Math-BoldItalic-iY-2wyZ7.woff                     [39m[2m[1m    18.66 kB[0m[0m
[36mn8n-editor-ui:build: [0m[2mdist/[0m[2massets/[0m[32mKaTeX_Math-Italic-DA0__PXp.woff                         [39m[2m[1m    18.74 kB[0m[0m
[36mn8n-editor-ui:build: [0m[2mdist/[0m[2massets/[0m[32mKaTeX_Main-BoldItalic-SpSLRI95.woff                     [39m[2m[1m    19.41 kB[0m[0m
[36mn8n-editor-ui:build: [0m[2mdist/[0m[2massets/[0m[32mKaTeX_SansSerif-Regular-BNo7hRIc.ttf                    [39m[2m[1m    19.43 kB[0m[0m
[36mn8n-editor-ui:build: [0m[2mdist/[0m[2massets/[0m[32mKaTeX_Fraktur-Regular-CB_wures.ttf                      [39m[2m[1m    19.57 kB[0m[0m
[36mn8n-editor-ui:build: [0m[2mdist/[0m[2massets/[0m[32mKaTeX_Fraktur-Bold-BdnERNNW.ttf                         [39m[2m[1m    19.58 kB[0m[0m
[36mn8n-editor-ui:build: [0m[2mdist/[0m[2massets/[0m[32mKaTeX_Main-Italic-BMLOBm91.woff                         [39m[2m[1m    19.67 kB[0m[0m
[36mn8n-editor-ui:build: [0m[2mdist/[0m[32mindex.html                                                     [39m[2m[1m    20.68 kB[0m[0m[2m │ gzip:   3.60 kB[0m
[36mn8n-editor-ui:build: [0m[2mdist/[0m[2massets/[0m[32mKaTeX_SansSerif-Italic-YYjJ1zSn.ttf                     [39m[2m[1m    22.36 kB[0m[0m
[36mn8n-editor-ui:build: [0m[2mdist/[0m[2massets/[0m[32mKaTeX_SansSerif-Bold-CFMepnvq.ttf                       [39m[2m[1m    24.50 kB[0m[0m
[36mn8n-editor-ui:build: [0m[2mdist/[0m[2massets/[0m[32mKaTeX_Main-Bold-Cx986IdX.woff2                          [39m[2m[1m    25.32 kB[0m[0m
[36mn8n-editor-ui:build: [0m[2mdist/[0m[2massets/[0m[32mKaTeX_Main-Regular-B22Nviop.woff2                       [39m[2m[1m    26.27 kB[0m[0m
[36mn8n-editor-ui:build: [0m[2mdist/[0m[2massets/[0m[32mKaTeX_Typewriter-Regular-D3Ib7_Hf.ttf                   [39m[2m[1m    27.55 kB[0m[0m
[36mn8n-editor-ui:build: [0m[2mdist/[0m[2massets/[0m[32mKaTeX_AMS-Regular-BQhdFMY1.woff2                        [39m[2m[1m    28.07 kB[0m[0m
[36mn8n-editor-ui:build: [0m[2mdist/[0m[2massets/[0m[32melement-icons-B-tDfklg.woff                             [39m[2m[1m    28.20 kB[0m[0m
[36mn8n-editor-ui:build: [0m[2mdist/[0m[2massets/[0m[32mKaTeX_Main-Bold-Jm3AIy58.woff                           [39m[2m[1m    29.91 kB[0m[0m
[36mn8n-editor-ui:build: [0m[2mdist/[0m[2massets/[0m[32mKaTeX_Main-Regular-Dr94JaBh.woff                        [39m[2m[1m    30.77 kB[0m[0m
[36mn8n-editor-ui:build: [0m[2mdist/[0m[2massets/[0m[32mKaTeX_Math-BoldItalic-B3XSjfu4.ttf                      [39m[2m[1m    31.19 kB[0m[0m
[36mn8n-editor-ui:build: [0m[2mdist/[0m[2massets/[0m[32mKaTeX_Math-Italic-flOr_0UB.ttf                          [39m[2m[1m    31.30 kB[0m[0m
[36mn8n-editor-ui:build: [0m[2mdist/[0m[2massets/[0m[32mKaTeX_Main-BoldItalic-DzxPMmG6.ttf                      [39m[2m[1m    32.96 kB[0m[0m
[36mn8n-editor-ui:build: [0m[2mdist/[0m[2massets/[0m[32mKaTeX_AMS-Regular-DMm9YOAa.woff                         [39m[2m[1m    33.51 kB[0m[0m
[36mn8n-editor-ui:build: [0m[2mdist/[0m[2massets/[0m[32mKaTeX_Main-Italic-3WenGoN9.ttf                          [39m[2m[1m    33.58 kB[0m[0m
[36mn8n-editor-ui:build: [0m[2mdist/[0m[2massets/[0m[32mKaTeX_Main-Bold-waoOVXN0.ttf                            [39m[2m[1m    51.33 kB[0m[0m
[36mn8n-editor-ui:build: [0m[2mdist/[0m[2massets/[0m[32mKaTeX_Main-Regular-ypZvNtVU.ttf                         [39m[2m[1m    53.58 kB[0m[0m
[36mn8n-editor-ui:build: [0m[2mdist/[0m[2massets/[0m[32melement-icons-_lZGOqcG.ttf                              [39m[2m[1m    55.95 kB[0m[0m
[36mn8n-editor-ui:build: [0m[2mdist/[0m[2massets/[0m[32mKaTeX_AMS-Regular-DRggAlZN.ttf                          [39m[2m[1m    63.63 kB[0m[0m
[36mn8n-editor-ui:build: [0m[2mdist/[0m[2massets/[0m[32mCommitMonoVariable-ytizKI8U.woff2                       [39m[2m[1m    86.76 kB[0m[0m
[36mn8n-editor-ui:build: [0m[2mdist/[0m[2massets/[0m[32mdoppler-B__k0MeW.webp                                   [39m[2m[1m   315.06 kB[0m[0m
[36mn8n-editor-ui:build: [0m[2mdist/[0m[2massets/[0m[32mInterVariable-DiVDrmQJ.woff2                            [39m[2m[1m   352.24 kB[0m[0m
[36mn8n-editor-ui:build: [0m[2mdist/[0m[2massets/[0m[32mInterVariable-Italic-FCBEiFp6.woff2                     [39m[2m[1m   387.97 kB[0m[0m
[36mn8n-editor-ui:build: [0m[2mdist/[0m[2massets/[0m[32mwa-sqlite-DDTbX34h.wasm                                 [39m[2m[1m   596.88 kB[0m[0m[2m │ gzip: 295.39 kB[0m
[36mn8n-editor-ui:build: [0m[2mdist/[0m[2massets/[0m[32mworker-BFqaWxpL.js                                      [39m[2m[1m 3,165.73 kB[0m[0m
[36mn8n-editor-ui:build: [0m[2mdist/[0m[2massets/[0m[32mtypescript.worker-DBajwDSu.js                           [39m[2m[1m10,872.27 kB[0m[0m
[36mn8n-editor-ui:build: [0m[2mdist/[0m[2massets/[0m[35mAgentView-CZHZNX_l.css                                  [39m[2m[1m     0.11 kB[0m[0m[2m │ gzip:   0.11 kB[0m
[36mn8n-editor-ui:build: [0m[2mdist/[0m[2massets/[0m[35mConnectionTracker-c7uDDNb0.css                          [39m[2m[1m     0.18 kB[0m[0m[2m │ gzip:   0.13 kB[0m
[36mn8n-editor-ui:build: [0m[2mdist/[0m[2massets/[0m[35mEntityNotFound-DA5wD1RS.css                             [39m[2m[1m     0.19 kB[0m[0m[2m │ gzip:   0.15 kB[0m
[36mn8n-editor-ui:build: [0m[2mdist/[0m[2massets/[0m[35mEntityUnAuthorised-D3XTbU6Y.css                         [39m[2m[1m     0.19 kB[0m[0m[2m │ gzip:   0.16 kB[0m
[36mn8n-editor-ui:build: [0m[2mdist/[0m[2massets/[0m[35mSeverityTag-C0hCvHeU.css                                [39m[2m[1m     0.27 kB[0m[0m[2m │ gzip:   0.15 kB[0m
[36mn8n-editor-ui:build: [0m[2mdist/[0m[2massets/[0m[35mMigrationRuleDetail-4tgkxxhX.css                        [39m[2m[1m     0.42 kB[0m[0m[2m │ gzip:   0.28 kB[0m
[36mn8n-editor-ui:build: [0m[2mdist/[0m[2massets/[0m[35mAnimatedSpinner-CoP6Lyme.css                            [39m[2m[1m     0.57 kB[0m[0m[2m │ gzip:   0.19 kB[0m
[36mn8n-editor-ui:build: [0m[2mdist/[0m[2massets/[0m[35mNDVEmptyState-C0V2112A.css                              [39m[2m[1m     0.58 kB[0m[0m[2m │ gzip:   0.30 kB[0m
[36mn8n-editor-ui:build: [0m[2mdist/[0m[2massets/[0m[35mResolversView-Bl6WIGF0.css                              [39m[2m[1m     1.02 kB[0m[0m[2m │ gzip:   0.43 kB[0m
[36mn8n-editor-ui:build: [0m[2mdist/[0m[2massets/[0m[35mAgentTaskModal-CBoCUqXM.css                             [39m[2m[1m     1.18 kB[0m[0m[2m │ gzip:   0.46 kB[0m
[36mn8n-editor-ui:build: [0m[2mdist/[0m[2massets/[0m[35mMigrationRules-wMqorxjv.css                             [39m[2m[1m     1.42 kB[0m[0m[2m │ gzip:   0.50 kB[0m
[36mn8n-editor-ui:build: [0m[2mdist/[0m[2massets/[0m[35mSecuritySettings-Bi5EsJxo.css                           [39m[2m[1m     1.98 kB[0m[0m[2m │ gzip:   0.41 kB[0m
[36mn8n-editor-ui:build: [0m[2mdist/[0m[2massets/[0m[35mProjectRoleView-BoWwBEKX.css                            [39m[2m[1m     2.43 kB[0m[0m[2m │ gzip:   0.84 kB[0m
[36mn8n-editor-ui:build: [0m[2mdist/[0m[2massets/[0m[35mProjectRolesView-Bqwn7AZU.css                           [39m[2m[1m     2.46 kB[0m[0m[2m │ gzip:   0.70 kB[0m
[36mn8n-editor-ui:build: [0m[2mdist/[0m[2massets/[0m[35mSettingsSecretsProviders-CRebq6fq.css                   [39m[2m[1m     2.48 kB[0m[0m[2m │ gzip:   0.85 kB[0m
[36mn8n-editor-ui:build: [0m[2mdist/[0m[2massets/[0m[35mRunDataHtml-CPkTgQ0s.css                                [39m[2m[1m     2.57 kB[0m[0m[2m │ gzip:   0.46 kB[0m
[36mn8n-editor-ui:build: [0m[2mdist/[0m[2massets/[0m[35mCredentialIcon-CiJkhU0f.css                             [39m[2m[1m     2.60 kB[0m[0m[2m │ gzip:   0.49 kB[0m
[36mn8n-editor-ui:build: [0m[2mdist/[0m[2massets/[0m[35mCopyButton-ghxX7mMt.css                                 [39m[2m[1m     2.63 kB[0m[0m[2m │ gzip:   0.50 kB[0m
[36mn8n-editor-ui:build: [0m[2mdist/[0m[2massets/[0m[35mNodeIcon-D6NjxeP8.css                                   [39m[2m[1m     2.66 kB[0m[0m[2m │ gzip:   0.51 kB[0m
[36mn8n-editor-ui:build: [0m[2mdist/[0m[2massets/[0m[35mChatInputBase-QepuTf8x.css                              [39m[2m[1m     2.67 kB[0m[0m[2m │ gzip:   0.52 kB[0m
[36mn8n-editor-ui:build: [0m[2mdist/[0m[2massets/[0m[35mTextWithHighlights-_TQjEA06.css                         [39m[2m[1m     2.68 kB[0m[0m[2m │ gzip:   0.52 kB[0m
[36mn8n-editor-ui:build: [0m[2mdist/[0m[2massets/[0m[35mComputerUseSetupModal-Dj_AzVJ1.css                      [39m[2m[1m     2.68 kB[0m[0m[2m │ gzip:   0.49 kB[0m
[36mn8n-editor-ui:build: [0m[2mdist/[0m[2massets/[0m[35mRunDataJsonActions-m_br2IQe.css                         [39m[2m[1m     2.69 kB[0m[0m[2m │ gzip:   0.53 kB[0m
[36mn8n-editor-ui:build: [0m[2mdist/[0m[2massets/[0m[35mChatLayout-DbAtwTwu.css                                 [39m[2m[1m     2.71 kB[0m[0m[2m │ gzip:   0.55 kB[0m
[36mn8n-editor-ui:build: [0m[2mdist/[0m[2massets/[0m[35mFolderBreadcrumbs-CLeor1Zu.css                          [39m[2m[1m     2.71 kB[0m[0m[2m │ gzip:   0.52 kB[0m
[36mn8n-editor-ui:build: [0m[2mdist/[0m[2massets/[0m[35mMcpAccessToggle-D-sBkptM.css                            [39m[2m[1m     2.74 kB[0m[0m[2m │ gzip:   0.54 kB[0m
[36mn8n-editor-ui:build: [0m[2mdist/[0m[2massets/[0m[35mInsightsPaywall-BgF1_jwg.css                            [39m[2m[1m     2.75 kB[0m[0m[2m │ gzip:   0.57 kB[0m
[36mn8n-editor-ui:build: [0m[2mdist/[0m[2massets/[0m[35mContactAdministratorToInstall-JoRxYxA6.css              [39m[2m[1m     2.76 kB[0m[0m[2m │ gzip:   0.57 kB[0m
[36mn8n-editor-ui:build: [0m[2mdist/[0m[2massets/[0m[35mDraggable-Dqq_ig-6.css                                  [39m[2m[1m     2.77 kB[0m[0m[2m │ gzip:   0.56 kB[0m
[36mn8n-editor-ui:build: [0m[2mdist/[0m[2massets/[0m[35mDemoDiffView-DdaDcMXT.css                               [39m[2m[1m     2.77 kB[0m[0m[2m │ gzip:   0.58 kB[0m
[36mn8n-editor-ui:build: [0m[2mdist/[0m[2massets/[0m[35museCredentialResolvers-C5G0z9Qh.css                     [39m[2m[1m     2.78 kB[0m[0m[2m │ gzip:   0.57 kB[0m
[36mn8n-editor-ui:build: [0m[2mdist/[0m[2massets/[0m[35mExternalSecretsProviderConnectionSwitch-CwqyYoMQ.css    [39m[2m[1m     2.79 kB[0m[0m[2m │ gzip:   0.57 kB[0m
[36mn8n-editor-ui:build: [0m[2mdist/[0m[2massets/[0m[35mCredentialPicker-BBA9LhCp.css                           [39m[2m[1m     2.80 kB[0m[0m[2m │ gzip:   0.58 kB[0m
[36mn8n-editor-ui:build: [0m[2mdist/[0m[2massets/[0m[35mKeyboardShortcutTooltip-DgZkwS92.css                    [39m[2m[1m     2.82 kB[0m[0m[2m │ gzip:   0.59 kB[0m
[36mn8n-editor-ui:build: [0m[2mdist/[0m[2massets/[0m[35mLoadingView-B--OCAl9.css                                [39m[2m[1m     2.88 kB[0m[0m[2m │ gzip:   0.62 kB[0m
[36mn8n-editor-ui:build: [0m[2mdist/[0m[2massets/[0m[35mModelByIdSelectorModal-5JDHyuHS.css                     [39m[2m[1m     2.91 kB[0m[0m[2m │ gzip:   0.61 kB[0m
[36mn8n-editor-ui:build: [0m[2mdist/[0m[2massets/[0m[35mErrorView-DblkactX.css                                  [39m[2m[1m     2.98 kB[0m[0m[2m │ gzip:   0.63 kB[0m
[36mn8n-editor-ui:build: [0m[2mdist/[0m[2massets/[0m[35mNodeToolSettingsContent-D8Ba8dhA.css                    [39m[2m[1m     2.99 kB[0m[0m[2m │ gzip:   0.63 kB[0m
[36mn8n-editor-ui:build: [0m[2mdist/[0m[2massets/[0m[35mSettingsExternalSecrets-C_PhI4O3.css                    [39m[2m[1m     3.00 kB[0m[0m[2m │ gzip:   0.61 kB[0m
[36mn8n-editor-ui:build: [0m[2mdist/[0m[2massets/[0m[35mSelectedItemsInfo-DZXwQ0s4.css                          [39m[2m[1m     3.01 kB[0m[0m[2m │ gzip:   0.64 kB[0m
[36mn8n-editor-ui:build: [0m[2mdist/[0m[2massets/[0m[35mWorkflowExecutionsLandingPage-BkcEZYhG.css              [39m[2m[1m     3.02 kB[0m[0m[2m │ gzip:   0.64 kB[0m
[36mn8n-editor-ui:build: [0m[2mdist/[0m[2massets/[0m[35mAgentBuilderUnconfiguredEmptyState-U8UQU_YU.css         [39m[2m[1m     3.06 kB[0m[0m[2m │ gzip:   0.68 kB[0m
[36mn8n-editor-ui:build: [0m[2mdist/[0m[2massets/[0m[35mCredentialSelectorModal-BJuv3Nj1.css                    [39m[2m[1m     3.10 kB[0m[0m[2m │ gzip:   0.64 kB[0m
[36mn8n-editor-ui:build: [0m[2mdist/[0m[2massets/[0m[35mSetupWorkflowFromTemplateView-D6P8fySs.css              [39m[2m[1m     3.14 kB[0m[0m[2m │ gzip:   0.69 kB[0m
[36mn8n-editor-ui:build: [0m[2mdist/[0m[2massets/[0m[35mResourceFiltersDropdown-dyFdk2rb.css                    [39m[2m[1m     3.21 kB[0m[0m[2m │ gzip:   0.74 kB[0m
[36mn8n-editor-ui:build: [0m[2mdist/[0m[2massets/[0m[35mSigninView-CqTxwv66.css                                 [39m[2m[1m     3.21 kB[0m[0m[2m │ gzip:   0.72 kB[0m
[36mn8n-editor-ui:build: [0m[2mdist/[0m[2massets/[0m[35mWorkflowPreview-D9BvBSJq.css                            [39m[2m[1m     3.22 kB[0m[0m[2m │ gzip:   0.73 kB[0m
[36mn8n-editor-ui:build: [0m[2mdist/[0m[2massets/[0m[35mAgentSessionsListView-NLX3JLtv.css                      [39m[2m[1m     3.24 kB[0m[0m[2m │ gzip:   0.71 kB[0m
[36mn8n-editor-ui:build: [0m[2mdist/[0m[2massets/[0m[35mToolSettingsModal-BDrU6SBF.css                          [39m[2m[1m     3.26 kB[0m[0m[2m │ gzip:   0.75 kB[0m
[36mn8n-editor-ui:build: [0m[2mdist/[0m[2massets/[0m[35mChatPersonalAgentsView-xEu7F7Vn.css                     [39m[2m[1m     3.27 kB[0m[0m[2m │ gzip:   0.71 kB[0m
[36mn8n-editor-ui:build: [0m[2mdist/[0m[2massets/[0m[35mProviderSettingsModal-BLNhqSaE.css                      [39m[2m[1m     3.31 kB[0m[0m[2m │ gzip:   0.67 kB[0m
[36mn8n-editor-ui:build: [0m[2mdist/[0m[2massets/[0m[35mRunDataSearch-BHCXzXnl.css                              [39m[2m[1m     3.32 kB[0m[0m[2m │ gzip:   0.68 kB[0m
[36mn8n-editor-ui:build: [0m[2mdist/[0m[2massets/[0m[35mWorkflowExecutionsInfoAccordion-B8EFKqWo.css            [39m[2m[1m     3.36 kB[0m[0m[2m │ gzip:   0.75 kB[0m
[36mn8n-editor-ui:build: [0m[2mdist/[0m[2massets/[0m[35mWorkflowLocation-V8amo5Ep.css                           [39m[2m[1m     3.37 kB[0m[0m[2m │ gzip:   0.73 kB[0m
[36mn8n-editor-ui:build: [0m[2mdist/[0m[2massets/[0m[35mSettingsLdapView-Dkmtjs5f.css                           [39m[2m[1m     3.40 kB[0m[0m[2m │ gzip:   0.74 kB[0m
[36mn8n-editor-ui:build: [0m[2mdist/[0m[2massets/[0m[35museTelemetryContext-DHOsGVft.css                        [39m[2m[1m     3.42 kB[0m[0m[2m │ gzip:   0.75 kB[0m
[36mn8n-editor-ui:build: [0m[2mdist/[0m[2massets/[0m[35mInsightsTableWorkflows-MTZz-k0w.css                     [39m[2m[1m     3.44 kB[0m[0m[2m │ gzip:   0.78 kB[0m
[36mn8n-editor-ui:build: [0m[2mdist/[0m[2massets/[0m[35mProjectBreadcrumb-CfLxfIkN.css                          [39m[2m[1m     3.44 kB[0m[0m[2m │ gzip:   0.76 kB[0m
[36mn8n-editor-ui:build: [0m[2mdist/[0m[2massets/[0m[35mChatWorkflowAgentsView-CiyGKgbV.css                     [39m[2m[1m     3.45 kB[0m[0m[2m │ gzip:   0.77 kB[0m
[36mn8n-editor-ui:build: [0m[2mdist/[0m[2massets/[0m[35mProjectCardBadge-DFuWubx_.css                           [39m[2m[1m     3.46 kB[0m[0m[2m │ gzip:   0.76 kB[0m
[36mn8n-editor-ui:build: [0m[2mdist/[0m[2massets/[0m[35mChatAgentAvatar-BDv-ey9P.css                            [39m[2m[1m     3.47 kB[0m[0m[2m │ gzip:   0.71 kB[0m
[36mn8n-editor-ui:build: [0m[2mdist/[0m[2massets/[0m[35mAgentJsonEditor-ClY4p91M.css                            [39m[2m[1m     3.47 kB[0m[0m[2m │ gzip:   0.84 kB[0m
[36mn8n-editor-ui:build: [0m[2mdist/[0m[2massets/[0m[35mSettingsAIView-NMkbieh1.css                             [39m[2m[1m     3.50 kB[0m[0m[2m │ gzip:   0.70 kB[0m
[36mn8n-editor-ui:build: [0m[2mdist/[0m[2massets/[0m[35mAgentSubAgentsModal-Dwj5dD-6.css                        [39m[2m[1m     3.54 kB[0m[0m[2m │ gzip:   0.82 kB[0m
[36mn8n-editor-ui:build: [0m[2mdist/[0m[2massets/[0m[35mProjectIcon-qI5XwJ2W.css                                [39m[2m[1m     3.54 kB[0m[0m[2m │ gzip:   0.73 kB[0m
[36mn8n-editor-ui:build: [0m[2mdist/[0m[2massets/[0m[35mSettingsPersonalView-BBmJ2H0c.css                       [39m[2m[1m     3.55 kB[0m[0m[2m │ gzip:   0.83 kB[0m
[36mn8n-editor-ui:build: [0m[2mdist/[0m[2massets/[0m[35mCredentialsDropdown-CE3aASAB.css                        [39m[2m[1m     3.55 kB[0m[0m[2m │ gzip:   0.83 kB[0m
[36mn8n-editor-ui:build: [0m[2mdist/[0m[2massets/[0m[35museLogsTreeExpand-CUjJ4cRa.css                          [39m[2m[1m     3.57 kB[0m[0m[2m │ gzip:   0.76 kB[0m
[36mn8n-editor-ui:build: [0m[2mdist/[0m[2massets/[0m[35mTemplatesWorkflowView-B1I-GXge.css                      [39m[2m[1m     3.59 kB[0m[0m[2m │ gzip:   0.85 kB[0m
[36mn8n-editor-ui:build: [0m[2mdist/[0m[2massets/[0m[35mAgentSkillModal-CQoHD0-I.css                            [39m[2m[1m     3.61 kB[0m[0m[2m │ gzip:   0.84 kB[0m
[36mn8n-editor-ui:build: [0m[2mdist/[0m[2massets/[0m[35mDataTableView-Dy62307y.css                              [39m[2m[1m     3.63 kB[0m[0m[2m │ gzip:   0.87 kB[0m
[36mn8n-editor-ui:build: [0m[2mdist/[0m[2massets/[0m[35mNewAgentView-CNFNvdKw.css                               [39m[2m[1m     3.70 kB[0m[0m[2m │ gzip:   1.04 kB[0m
[36mn8n-editor-ui:build: [0m[2mdist/[0m[2massets/[0m[35mChatFile-BjLXKCEo.css                                   [39m[2m[1m     3.72 kB[0m[0m[2m │ gzip:   0.86 kB[0m
[36mn8n-editor-ui:build: [0m[2mdist/[0m[2massets/[0m[35mBaseLayout-DnFMhPRw.css                                 [39m[2m[1m     3.77 kB[0m[0m[2m │ gzip:   0.85 kB[0m
[36mn8n-editor-ui:build: [0m[2mdist/[0m[2massets/[0m[35mCopyInput-CubHdyX-.css                                  [39m[2m[1m     3.88 kB[0m[0m[2m │ gzip:   0.92 kB[0m
[36mn8n-editor-ui:build: [0m[2mdist/[0m[2massets/[0m[35mRunDataParsedAiContent-BZ1TsOsZ.css                     [39m[2m[1m     3.99 kB[0m[0m[2m │ gzip:   0.76 kB[0m
[36mn8n-editor-ui:build: [0m[2mdist/[0m[2massets/[0m[35mRecommendedTemplateCard-CTelG22z.css                    [39m[2m[1m     4.06 kB[0m[0m[2m │ gzip:   0.92 kB[0m
[36mn8n-editor-ui:build: [0m[2mdist/[0m[2massets/[0m[35mSettingsAiGatewayView-DPSVIM7o.css                      [39m[2m[1m     4.08 kB[0m[0m[2m │ gzip:   0.93 kB[0m
[36mn8n-editor-ui:build: [0m[2mdist/[0m[2massets/[0m[35mAgentsListView-WIHggtqs.css                             [39m[2m[1m     4.22 kB[0m[0m[2m │ gzip:   0.95 kB[0m
[36mn8n-editor-ui:build: [0m[2mdist/[0m[2massets/[0m[35mSettingsSourceControl-CtL0okwB.css                      [39m[2m[1m     4.30 kB[0m[0m[2m │ gzip:   0.94 kB[0m
[36mn8n-editor-ui:build: [0m[2mdist/[0m[2massets/[0m[35mSettingsEncryptionKeys-oDTyDhtK.css                     [39m[2m[1m     4.42 kB[0m[0m[2m │ gzip:   1.06 kB[0m
[36mn8n-editor-ui:build: [0m[2mdist/[0m[2massets/[0m[35mOAuthConsentView-XocGmkXo.css                           [39m[2m[1m     4.49 kB[0m[0m[2m │ gzip:   0.96 kB[0m
[36mn8n-editor-ui:build: [0m[2mdist/[0m[2massets/[0m[35mAiModelSelectorDropdown-Av4dzqW9.css                    [39m[2m[1m     4.54 kB[0m[0m[2m │ gzip:   1.10 kB[0m
[36mn8n-editor-ui:build: [0m[2mdist/[0m[2massets/[0m[35mTagsDropdown-B9j1q4U_.css                               [39m[2m[1m     4.99 kB[0m[0m[2m │ gzip:   1.13 kB[0m
[36mn8n-editor-ui:build: [0m[2mdist/[0m[2massets/[0m[35mRedactedDataState-BBNO-D1Q.css                          [39m[2m[1m     5.42 kB[0m[0m[2m │ gzip:   0.65 kB[0m
[36mn8n-editor-ui:build: [0m[2mdist/[0m[2massets/[0m[35mbanners-CXsyom4e.css                                    [39m[2m[1m     5.53 kB[0m[0m[2m │ gzip:   0.68 kB[0m
[36mn8n-editor-ui:build: [0m[2mdist/[0m[2massets/[0m[35mInsightsDashboard-C1rMev88.css                          [39m[2m[1m     5.54 kB[0m[0m[2m │ gzip:   1.43 kB[0m
[36mn8n-editor-ui:build: [0m[2mdist/[0m[2massets/[0m[35mCommunityNodeUpdateInfo-BKXtPPI4.css                    [39m[2m[1m     5.68 kB[0m[0m[2m │ gzip:   0.75 kB[0m
[36mn8n-editor-ui:build: [0m[2mdist/[0m[2massets/[0m[35mMCPConnectWorkflowsModal-ZedGhl9F.css                   [39m[2m[1m     5.76 kB[0m[0m[2m │ gzip:   0.76 kB[0m
[36mn8n-editor-ui:build: [0m[2mdist/[0m[2massets/[0m[35mDependencyPill-B5MK1lMR.css                             [39m[2m[1m     5.83 kB[0m[0m[2m │ gzip:   0.79 kB[0m
[36mn8n-editor-ui:build: [0m[2mdist/[0m[2massets/[0m[35mBrowserUseSetupModal-CzIufT8g.css                       [39m[2m[1m     5.94 kB[0m[0m[2m │ gzip:   0.83 kB[0m
[36mn8n-editor-ui:build: [0m[2mdist/[0m[2massets/[0m[35mSettingsAgentBuilderView-Dao6sS0n.css                   [39m[2m[1m     5.96 kB[0m[0m[2m │ gzip:   0.77 kB[0m
[36mn8n-editor-ui:build: [0m[2mdist/[0m[2massets/[0m[35mAuthView-BAHRRoln.css                                   [39m[2m[1m     6.00 kB[0m[0m[2m │ gzip:   0.85 kB[0m
[36mn8n-editor-ui:build: [0m[2mdist/[0m[2massets/[0m[35mSettingsLayout-CJsPAP2z.css                             [39m[2m[1m     6.06 kB[0m[0m[2m │ gzip:   0.85 kB[0m
[36mn8n-editor-ui:build: [0m[2mdist/[0m[2massets/[0m[35mModal-C-25yXBy.css                                      [39m[2m[1m     6.08 kB[0m[0m[2m │ gzip:   0.85 kB[0m
[36mn8n-editor-ui:build: [0m[2mdist/[0m[2massets/[0m[35mTemplatesView-CGbru_sm.css                              [39m[2m[1m     6.10 kB[0m[0m[2m │ gzip:   0.86 kB[0m
[36mn8n-editor-ui:build: [0m[2mdist/[0m[2massets/[0m[35mSettingsLogStreamingView-BoQxfzug.css                   [39m[2m[1m     6.11 kB[0m[0m[2m │ gzip:   0.90 kB[0m
[36mn8n-editor-ui:build: [0m[2mdist/[0m[2massets/[0m[35mInsightsSummary-h7dR4yxj.css                            [39m[2m[1m     6.20 kB[0m[0m[2m │ gzip:   1.37 kB[0m
[36mn8n-editor-ui:build: [0m[2mdist/[0m[2massets/[0m[35mProjectSharing-qhBVqC7z.css                             [39m[2m[1m     6.38 kB[0m[0m[2m │ gzip:   0.91 kB[0m
[36mn8n-editor-ui:build: [0m[2mdist/[0m[2massets/[0m[35mComputerUseSetupContent-CyHEhgrx.css                    [39m[2m[1m     6.39 kB[0m[0m[2m │ gzip:   1.36 kB[0m
[36mn8n-editor-ui:build: [0m[2mdist/[0m[2massets/[0m[35mNodeCreation-BsTE23oj.css                               [39m[2m[1m     6.41 kB[0m[0m[2m │ gzip:   0.91 kB[0m
[36mn8n-editor-ui:build: [0m[2mdist/[0m[2massets/[0m[35mDataTableActions-DjLuL9Ie.css                           [39m[2m[1m     6.42 kB[0m[0m[2m │ gzip:   0.91 kB[0m
[36mn8n-editor-ui:build: [0m[2mdist/[0m[2massets/[0m[35mDataTableDetailsView-CaNVRGKo.css                       [39m[2m[1m     6.42 kB[0m[0m[2m │ gzip:   0.92 kB[0m
[36mn8n-editor-ui:build: [0m[2mdist/[0m[2massets/[0m[35mToolsSelector-DPIKoT4V.css                              [39m[2m[1m     6.44 kB[0m[0m[2m │ gzip:   1.01 kB[0m
[36mn8n-editor-ui:build: [0m[2mdist/[0m[2massets/[0m[35mCredentialsView-BBUeOLGU.css                            [39m[2m[1m     6.47 kB[0m[0m[2m │ gzip:   0.98 kB[0m
[36mn8n-editor-ui:build: [0m[2mdist/[0m[2massets/[0m[35mSettingsOpenTelemetryView-BbZi5dHV.css                  [39m[2m[1m     6.53 kB[0m[0m[2m │ gzip:   1.40 kB[0m
[36mn8n-editor-ui:build: [0m[2mdist/[0m[2massets/[0m[35mSettingsCommunityNodesView-BpdbCVaz.css                 [39m[2m[1m     6.58 kB[0m[0m[2m │ gzip:   0.99 kB[0m
[36mn8n-editor-ui:build: [0m[2mdist/[0m[2massets/[0m[35mMainSidebarHeader-TOz20NJx.css                          [39m[2m[1m     6.59 kB[0m[0m[2m │ gzip:   1.00 kB[0m
[36mn8n-editor-ui:build: [0m[2mdist/[0m[2massets/[0m[35mProjectHeader-DJQTslBp.css                              [39m[2m[1m     6.78 kB[0m[0m[2m │ gzip:   1.10 kB[0m
[36mn8n-editor-ui:build: [0m[2mdist/[0m[2massets/[0m[35mAddDataTableModal-Ct_OpjdU.css                          [39m[2m[1m     6.92 kB[0m[0m[2m │ gzip:   1.47 kB[0m
[36mn8n-editor-ui:build: [0m[2mdist/[0m[2massets/[0m[35mRunDataJson-BT96CKK-.css                                [39m[2m[1m     7.35 kB[0m[0m[2m │ gzip:   1.12 kB[0m
[36mn8n-editor-ui:build: [0m[2mdist/[0m[2massets/[0m[35mToolsManagerModal-4EFjf1cq.css                          [39m[2m[1m     7.46 kB[0m[0m[2m │ gzip:   1.14 kB[0m
[36mn8n-editor-ui:build: [0m[2mdist/[0m[2massets/[0m[35mSetupTemplateFormStep-B_Ic43V7.css                      [39m[2m[1m     8.38 kB[0m[0m[2m │ gzip:   0.85 kB[0m
[36mn8n-editor-ui:build: [0m[2mdist/[0m[2massets/[0m[35mNodeDetailsViewV2-VhRgbN-O.css                          [39m[2m[1m     8.44 kB[0m[0m[2m │ gzip:   1.48 kB[0m
[36mn8n-editor-ui:build: [0m[2mdist/[0m[2massets/[0m[35mTemplatesCollectionView-CJ6NgJBN.css                    [39m[2m[1m     8.60 kB[0m[0m[2m │ gzip:   0.89 kB[0m
[36mn8n-editor-ui:build: [0m[2mdist/[0m[2massets/[0m[35mSurfaceMcpFirstOpenIntroModal-CuCB0gtK.css              [39m[2m[1m     8.81 kB[0m[0m[2m │ gzip:   1.74 kB[0m
[36mn8n-editor-ui:build: [0m[2mdist/[0m[2massets/[0m[35mSettingsUsersView-DEAfbE1F.css                          [39m[2m[1m     8.90 kB[0m[0m[2m │ gzip:   1.04 kB[0m
[36mn8n-editor-ui:build: [0m[2mdist/[0m[2massets/[0m[35mProjectVariables-Ac68Nfjm.css                           [39m[2m[1m     9.04 kB[0m[0m[2m │ gzip:   1.10 kB[0m
[36mn8n-editor-ui:build: [0m[2mdist/[0m[2massets/[0m[35mLogsOverviewRow-BeUlqXP4.css                            [39m[2m[1m     9.17 kB[0m[0m[2m │ gzip:   1.57 kB[0m
[36mn8n-editor-ui:build: [0m[2mdist/[0m[2massets/[0m[35mSettingsChatHubView-BeZqMcI2.css                        [39m[2m[1m     9.45 kB[0m[0m[2m │ gzip:   1.08 kB[0m
[36mn8n-editor-ui:build: [0m[2mdist/[0m[2massets/[0m[35mSettingsUsageAndPlan-BLrvdj0O.css                       [39m[2m[1m    10.12 kB[0m[0m[2m │ gzip:   1.28 kB[0m
[36mn8n-editor-ui:build: [0m[2mdist/[0m[2massets/[0m[35mTemplateList-CzYgc0ET.css                               [39m[2m[1m    10.16 kB[0m[0m[2m │ gzip:   1.24 kB[0m
[36mn8n-editor-ui:build: [0m[2mdist/[0m[2massets/[0m[35museCanvasOperations-BGIelHPw.css                        [39m[2m[1m    10.26 kB[0m[0m[2m │ gzip:   1.11 kB[0m
[36mn8n-editor-ui:build: [0m[2mdist/[0m[2massets/[0m[35mCreditWarningBanner-ZEVG5Gkj.css                        [39m[2m[1m    10.44 kB[0m[0m[2m │ gzip:   1.38 kB[0m
[36mn8n-editor-ui:build: [0m[2mdist/[0m[2massets/[0m[35mVirtualSchema-dFKNW0Hc.css                              [39m[2m[1m    10.87 kB[0m[0m[2m │ gzip:   2.34 kB[0m
[36mn8n-editor-ui:build: [0m[2mdist/[0m[2massets/[0m[35mInstanceAiView-XByqClnf.css                             [39m[2m[1m    11.49 kB[0m[0m[2m │ gzip:   1.51 kB[0m
[36mn8n-editor-ui:build: [0m[2mdist/[0m[2massets/[0m[35mSurfaceMcpBridgeGraphic-3N84qhR0.css                    [39m[2m[1m    11.56 kB[0m[0m[2m │ gzip:   2.13 kB[0m
[36mn8n-editor-ui:build: [0m[2mdist/[0m[2massets/[0m[35mExecutionsView-C0wZidKN.css                             [39m[2m[1m    11.61 kB[0m[0m[2m │ gzip:   1.15 kB[0m
[36mn8n-editor-ui:build: [0m[2mdist/[0m[2massets/[0m[35mRunDataTable-CzatPP90.css                               [39m[2m[1m    12.11 kB[0m[0m[2m │ gzip:   2.07 kB[0m
[36mn8n-editor-ui:build: [0m[2mdist/[0m[2massets/[0m[35mAppSidebar-ClUqQxYG.css                                 [39m[2m[1m    12.83 kB[0m[0m[2m │ gzip:   1.87 kB[0m
[36mn8n-editor-ui:build: [0m[2mdist/[0m[2massets/[0m[35mExecutionsTime-CgOkRseW.css                             [39m[2m[1m    12.86 kB[0m[0m[2m │ gzip:   1.41 kB[0m
[36mn8n-editor-ui:build: [0m[2mdist/[0m[2massets/[0m[35mCanvasRunWorkflowButton-D6MnxQua.css                    [39m[2m[1m    13.15 kB[0m[0m[2m │ gzip:   1.43 kB[0m
[36mn8n-editor-ui:build: [0m[2mdist/[0m[2massets/[0m[35mResourcesListLayout-CLoIeLbr.css                        [39m[2m[1m    13.45 kB[0m[0m[2m │ gzip:   1.49 kB[0m
[36mn8n-editor-ui:build: [0m[2mdist/[0m[2massets/[0m[35mNodeDetailsView-CF_rqMHQ.css                            [39m[2m[1m    14.01 kB[0m[0m[2m │ gzip:   1.66 kB[0m
[36mn8n-editor-ui:build: [0m[2mdist/[0m[2massets/[0m[35mSkeletonAgentCard-CeturDl1.css                          [39m[2m[1m    14.88 kB[0m[0m[2m │ gzip:   1.88 kB[0m
[36mn8n-editor-ui:build: [0m[2mdist/[0m[2massets/[0m[35mSettingsApiView-DwTbMywc.css                            [39m[2m[1m    15.00 kB[0m[0m[2m │ gzip:   1.41 kB[0m
[36mn8n-editor-ui:build: [0m[2mdist/[0m[2massets/[0m[35mWorkflowExecutionsPreview-BcZLl-09.css                  [39m[2m[1m    15.79 kB[0m[0m[2m │ gzip:   1.99 kB[0m
[36mn8n-editor-ui:build: [0m[2mdist/[0m[2massets/[0m[35mFixedCollectionParameter-DvFRT2dg.css                   [39m[2m[1m    15.95 kB[0m[0m[2m │ gzip:   1.71 kB[0m
[36mn8n-editor-ui:build: [0m[2mdist/[0m[2massets/[0m[35mSettingsInstanceAiView-CrV-MtpA.css                     [39m[2m[1m    15.97 kB[0m[0m[2m │ gzip:   1.36 kB[0m
[36mn8n-editor-ui:build: [0m[2mdist/[0m[2massets/[0m[35mEvaluationsRootView-DBonuFp0.css                        [39m[2m[1m    16.44 kB[0m[0m[2m │ gzip:   1.66 kB[0m
[36mn8n-editor-ui:build: [0m[2mdist/[0m[2massets/[0m[35mWorkflowExecutionsView-BdBuf8F_.css                     [39m[2m[1m    16.68 kB[0m[0m[2m │ gzip:   1.86 kB[0m
[36mn8n-editor-ui:build: [0m[2mdist/[0m[2massets/[0m[35mAgentEditorModal-nWLJU9jh.css                           [39m[2m[1m    18.31 kB[0m[0m[2m │ gzip:   2.39 kB[0m
[36mn8n-editor-ui:build: [0m[2mdist/[0m[2massets/[0m[35mAgentToolConfigModal-CfX7mBrc.css                       [39m[2m[1m    18.38 kB[0m[0m[2m │ gzip:   1.50 kB[0m
[36mn8n-editor-ui:build: [0m[2mdist/[0m[2massets/[0m[35mTemplatesSearchView-BRPBl8Dh.css                        [39m[2m[1m    19.77 kB[0m[0m[2m │ gzip:   1.97 kB[0m
[36mn8n-editor-ui:build: [0m[2mdist/[0m[2massets/[0m[35mNodeCredentials-DhqCnpAM.css                            [39m[2m[1m    21.01 kB[0m[0m[2m │ gzip:   2.48 kB[0m
[36mn8n-editor-ui:build: [0m[2mdist/[0m[2massets/[0m[35mAgentToolsModal-wDCHuuxL.css                            [39m[2m[1m    21.20 kB[0m[0m[2m │ gzip:   1.52 kB[0m
[36mn8n-editor-ui:build: [0m[2mdist/[0m[2massets/[0m[35mChatLayout-DkCfIFGv.css                                 [39m[2m[1m    21.53 kB[0m[0m[2m │ gzip:   2.44 kB[0m
[36mn8n-editor-ui:build: [0m[2mdist/[0m[2massets/[0m[35mEvaluationsView-DJ0pMQrF.css                            [39m[2m[1m    21.61 kB[0m[0m[2m │ gzip:   2.42 kB[0m
[36mn8n-editor-ui:build: [0m[2mdist/[0m[2massets/[0m[35mWorkerView-BFZaMspV.css                                 [39m[2m[1m    23.21 kB[0m[0m[2m │ gzip:   1.54 kB[0m
[36mn8n-editor-ui:build: [0m[2mdist/[0m[2massets/[0m[35mResourceCenterView-lFWni1MT.css                         [39m[2m[1m    23.29 kB[0m[0m[2m │ gzip:   3.51 kB[0m
[36mn8n-editor-ui:build: [0m[2mdist/[0m[2massets/[0m[35mWorkflowBuilderUnavailableNotice-DkvOQyxw.css           [39m[2m[1m    23.45 kB[0m[0m[2m │ gzip:   2.48 kB[0m
[36mn8n-editor-ui:build: [0m[2mdist/[0m[2massets/[0m[35mChatView-DFPXrmJb.css                                   [39m[2m[1m    23.52 kB[0m[0m[2m │ gzip:   2.54 kB[0m
[36mn8n-editor-ui:build: [0m[2mdist/[0m[2massets/[0m[35mWorkflowDiffView-BtGWH2Nk.css                           [39m[2m[1m    24.86 kB[0m[0m[2m │ gzip:   2.94 kB[0m
[36mn8n-editor-ui:build: [0m[2mdist/[0m[2massets/[0m[35mWorkflowLayout-BjVUOl3D.css                             [39m[2m[1m    24.87 kB[0m[0m[2m │ gzip:   3.14 kB[0m
[36mn8n-editor-ui:build: [0m[2mdist/[0m[2massets/[0m[35mMCPOnboardingModal-lRnL-GrC.css                         [39m[2m[1m    24.93 kB[0m[0m[2m │ gzip:   3.04 kB[0m
[36mn8n-editor-ui:build: [0m[2mdist/[0m[2massets/[0m[35mTriggerPanel-DYnJ4TxC.css                               [39m[2m[1m    26.01 kB[0m[0m[2m │ gzip:   2.69 kB[0m
[36mn8n-editor-ui:build: [0m[2mdist/[0m[2massets/[0m[35mMainHeader-B_3v5j55.css                                 [39m[2m[1m    26.48 kB[0m[0m[2m │ gzip:   2.24 kB[0m
[36mn8n-editor-ui:build: [0m[2mdist/[0m[2massets/[0m[35mDataTableTable-DDLYfASU.css                             [39m[2m[1m    27.73 kB[0m[0m[2m │ gzip:   2.66 kB[0m
[36mn8n-editor-ui:build: [0m[2mdist/[0m[2massets/[0m[35mSettingsMCPView-BM3ITO-B.css                            [39m[2m[1m    29.68 kB[0m[0m[2m │ gzip:   2.29 kB[0m
[36mn8n-editor-ui:build: [0m[2mdist/[0m[2massets/[0m[35mChatGreetings-Dhrm88b0.css                              [39m[2m[1m    31.44 kB[0m[0m[2m │ gzip:   3.16 kB[0m
[36mn8n-editor-ui:build: [0m[2mdist/[0m[2massets/[0m[35mTestRunDetailView-CrT7czRP.css                          [39m[2m[1m    32.74 kB[0m[0m[2m │ gzip:   3.12 kB[0m
[36mn8n-editor-ui:build: [0m[2mdist/[0m[2massets/[0m[35mProjectSettings-DsiBQZ4l.css                            [39m[2m[1m    32.91 kB[0m[0m[2m │ gzip:   2.66 kB[0m
[36mn8n-editor-ui:build: [0m[2mdist/[0m[2massets/[0m[35mSettingsSso-BqfNw9VW.css                                [39m[2m[1m    34.96 kB[0m[0m[2m │ gzip:   3.25 kB[0m
[36mn8n-editor-ui:build: [0m[2mdist/[0m[2massets/[0m[35mWorkflowHistory-CwjqjlF8.css                            [39m[2m[1m    36.47 kB[0m[0m[2m │ gzip:   3.18 kB[0m
[36mn8n-editor-ui:build: [0m[2mdist/[0m[2massets/[0m[35mNodeSettings-Ct_tS9Y4.css                               [39m[2m[1m    40.61 kB[0m[0m[2m │ gzip:   3.79 kB[0m
[36mn8n-editor-ui:build: [0m[2mdist/[0m[2massets/[0m[35mRunData-1B-qUnv2.css                                    [39m[2m[1m    51.24 kB[0m[0m[2m │ gzip:   4.57 kB[0m
[36mn8n-editor-ui:build: [0m[2mdist/[0m[2massets/[0m[35mChatMarkdownChunk-IvQQxbYK.css                          [39m[2m[1m    53.08 kB[0m[0m[2m │ gzip:  11.58 kB[0m
[36mn8n-editor-ui:build: [0m[2mdist/[0m[2massets/[0m[35mInstanceAiEmptyView-Bba1kdo5.css                        [39m[2m[1m    58.67 kB[0m[0m[2m │ gzip:   6.08 kB[0m
[36mn8n-editor-ui:build: [0m[2mdist/[0m[2massets/[0m[35mAgentSessionTimelineView-03Utvl8t.css                   [39m[2m[1m    58.87 kB[0m[0m[2m │ gzip:   6.19 kB[0m
[36mn8n-editor-ui:build: [0m[2mdist/[0m[2massets/[0m[35museWorkflowInitialization-CAQ5Dn4v.css                  [39m[2m[1m    73.55 kB[0m[0m[2m │ gzip:   6.08 kB[0m
[36mn8n-editor-ui:build: [0m[2mdist/[0m[2massets/[0m[35mNodeCreator-sYDcv9PQ.css                                [39m[2m[1m    76.90 kB[0m[0m[2m │ gzip:   5.06 kB[0m
[36mn8n-editor-ui:build: [0m[2mdist/[0m[2massets/[0m[35mNodeView-BidBPigh.css                                   [39m[2m[1m    84.31 kB[0m[0m[2m │ gzip:   6.31 kB[0m
[36mn8n-editor-ui:build: [0m[2mdist/[0m[2massets/[0m[35mWorkflowsView-L6yzpLc0.css                              [39m[2m[1m    84.44 kB[0m[0m[2m │ gzip:   6.73 kB[0m
[36mn8n-editor-ui:build: [0m[2mdist/[0m[2massets/[0m[35museWorkflowDocumentRenderData-DaFWO5J1.css              [39m[2m[1m   123.54 kB[0m[0m[2m │ gzip:   8.83 kB[0m
[36mn8n-editor-ui:build: [0m[2mdist/[0m[2massets/[0m[35mAgentBuilderView-C1EI0Kig.css                           [39m[2m[1m   178.20 kB[0m[0m[2m │ gzip:  15.94 kB[0m
[36mn8n-editor-ui:build: [0m[2mdist/[0m[2massets/[0m[35mParameterInputList-CiWtm48P.css                         [39m[2m[1m   189.64 kB[0m[0m[2m │ gzip:  13.69 kB[0m
[36mn8n-editor-ui:build: [0m[2mdist/[0m[2massets/[0m[35mInstanceAiThreadView-BgzWrAaE.css                       [39m[2m[1m   210.33 kB[0m[0m[2m │ gzip:  16.57 kB[0m
[36mn8n-editor-ui:build: [0m[2mdist/[0m[2massets/[0m[35msrc-1s10hkmH.css                                        [39m[2m[1m   693.48 kB[0m[0m[2m │ gzip:  53.71 kB[0m
[36mn8n-editor-ui:build: [0m[2mdist/[0m[2massets/[0m[35mindex-qQo1Az9l.css                                      [39m[2m[1m   844.93 kB[0m[0m[2m │ gzip:  80.81 kB[0m
[36mn8n-editor-ui:build: [0m[2mdist/[0m[2massets/[0m[36musePushConnection-CfexjzEZ.js                           [39m[2m[1m     0.04 kB[0m[0m[2m │ gzip:   0.06 kB[0m
[36mn8n-editor-ui:build: [0m[2mdist/[0m[2massets/[0m[36msecurity-settings-CKT0pblG.js                           [39m[2m[1m     0.07 kB[0m[0m[2m │ gzip:   0.08 kB[0m
[36mn8n-editor-ui:build: [0m[2mdist/[0m[2massets/[0m[36men-BLE_5zA0.js                                          [39m[2m[1m     0.08 kB[0m[0m[2m │ gzip:   0.08 kB[0m
[36mn8n-editor-ui:build: [0m[2mdist/[0m[2massets/[0m[36mNodeView-CGs837Do.js                                    [39m[2m[1m     0.10 kB[0m[0m[2m │ gzip:   0.09 kB[0m
[36mn8n-editor-ui:build: [0m[2mdist/[0m[2massets/[0m[36mRunDataHtml-Di4xasDw.js                                 [39m[2m[1m     0.11 kB[0m[0m[2m │ gzip:   0.09 kB[0m
[36mn8n-editor-ui:build: [0m[2mdist/[0m[2massets/[0m[36mpushConnection.store-BjTgUxzr.js                        [39m[2m[1m     0.11 kB[0m[0m[2m │ gzip:   0.09 kB[0m
[36mn8n-editor-ui:build: [0m[2mdist/[0m[2massets/[0m[36mVirtualSchema-t9uJtSHz.js                               [39m[2m[1m     0.11 kB[0m[0m[2m │ gzip:   0.09 kB[0m
[36mn8n-editor-ui:build: [0m[2mdist/[0m[2massets/[0m[36mCollectionParameter-6LPr4EVa.js                         [39m[2m[1m     0.13 kB[0m[0m[2m │ gzip:   0.11 kB[0m
[36mn8n-editor-ui:build: [0m[2mdist/[0m[2massets/[0m[36mAgentSessionsListView-D9DbVoZu.js                       [39m[2m[1m     0.14 kB[0m[0m[2m │ gzip:   0.10 kB[0m
[36mn8n-editor-ui:build: [0m[2mdist/[0m[2massets/[0m[36mRunDataParsedAiContent-KHq6dw8D.js                      [39m[2m[1m     0.14 kB[0m[0m[2m │ gzip:   0.10 kB[0m
[36mn8n-editor-ui:build: [0m[2mdist/[0m[2massets/[0m[36mexpression-runtime-stub-Dzt80x4C.js                     [39m[2m[1m     0.15 kB[0m[0m[2m │ gzip:   0.12 kB[0m
[36mn8n-editor-ui:build: [0m[2mdist/[0m[2massets/[0m[36mcore-PdVOHkVG.js                                        [39m[2m[1m     0.22 kB[0m[0m[2m │ gzip:   0.17 kB[0m
[36mn8n-editor-ui:build: [0m[2mdist/[0m[2massets/[0m[36msourceControl.eventBus-CDXBhoNH.js                      [39m[2m[1m     0.23 kB[0m[0m[2m │ gzip:   0.16 kB[0m
[36mn8n-editor-ui:build: [0m[2mdist/[0m[2massets/[0m[36m_plugin-vue_export-helper-Da88TEg1.js                   [39m[2m[1m     0.26 kB[0m[0m[2m │ gzip:   0.18 kB[0m
[36mn8n-editor-ui:build: [0m[2mdist/[0m[2massets/[0m[36msmartDecimal-DLIOt5G2.js                                [39m[2m[1m     0.30 kB[0m[0m[2m │ gzip:   0.21 kB[0m
[36mn8n-editor-ui:build: [0m[2mdist/[0m[2massets/[0m[36museInjectWorkflowId-DOQ4HL-E.js                         [39m[2m[1m     0.30 kB[0m[0m[2m │ gzip:   0.20 kB[0m
[36mn8n-editor-ui:build: [0m[2mdist/[0m[2massets/[0m[36mconstants-BURD2U23.js                                   [39m[2m[1m     0.31 kB[0m[0m[2m │ gzip:   0.20 kB[0m
[36mn8n-editor-ui:build: [0m[2mdist/[0m[2massets/[0m[36msortByProperty-4poGEBzl.js                              [39m[2m[1m     0.34 kB[0m[0m[2m │ gzip:   0.24 kB[0m
[36mn8n-editor-ui:build: [0m[2mdist/[0m[2massets/[0m[36mconstants-oS_opmZd.js                                   [39m[2m[1m     0.37 kB[0m[0m[2m │ gzip:   0.20 kB[0m
[36mn8n-editor-ui:build: [0m[2mdist/[0m[2massets/[0m[36mauth.eventBus-BcJohlnk.js                               [39m[2m[1m     0.40 kB[0m[0m[2m │ gzip:   0.24 kB[0m
[36mn8n-editor-ui:build: [0m[2mdist/[0m[2massets/[0m[36minstanceAiLayout-BIBTqDyA.js                            [39m[2m[1m     0.42 kB[0m[0m[2m │ gzip:   0.27 kB[0m
[36mn8n-editor-ui:build: [0m[2mdist/[0m[2massets/[0m[36mmcp.constants-CjQrAkKt.js                               [39m[2m[1m     0.50 kB[0m[0m[2m │ gzip:   0.31 kB[0m
[36mn8n-editor-ui:build: [0m[2mdist/[0m[2massets/[0m[36museMcp-BORLjMDm.js                                      [39m[2m[1m     0.56 kB[0m[0m[2m │ gzip:   0.30 kB[0m
[36mn8n-editor-ui:build: [0m[2mdist/[0m[2massets/[0m[36mfileUtils-Ba5TTwa6.js                                   [39m[2m[1m     0.65 kB[0m[0m[2m │ gzip:   0.38 kB[0m
[36mn8n-editor-ui:build: [0m[2mdist/[0m[2massets/[0m[36museAgentBuilderSettingsApi-D7G-hMr4.js                  [39m[2m[1m     0.67 kB[0m[0m[2m │ gzip:   0.30 kB[0m
[36mn8n-editor-ui:build: [0m[2mdist/[0m[2massets/[0m[36mAuthLayout-Dd92eN25.js                                  [39m[2m[1m     0.69 kB[0m[0m[2m │ gzip:   0.38 kB[0m
[36mn8n-editor-ui:build: [0m[2mdist/[0m[2massets/[0m[36mexpression-runtime-stub-9w2ZHVM3.js                     [39m[2m[1m     0.82 kB[0m[0m[2m │ gzip:   0.38 kB[0m
[36mn8n-editor-ui:build: [0m[2mdist/[0m[2massets/[0m[36museAgentConfirmationModal-BTs4m-fL.js                   [39m[2m[1m     0.83 kB[0m[0m[2m │ gzip:   0.40 kB[0m
[36mn8n-editor-ui:build: [0m[2mdist/[0m[2massets/[0m[36mDefaultLayout-DHWV2pox.js                               [39m[2m[1m     0.84 kB[0m[0m[2m │ gzip:   0.42 kB[0m
[36mn8n-editor-ui:build: [0m[2mdist/[0m[2massets/[0m[36mevent-bus-r2QUxtGI.js                                   [39m[2m[1m     0.84 kB[0m[0m[2m │ gzip:   0.27 kB[0m
[36mn8n-editor-ui:build: [0m[2mdist/[0m[2massets/[0m[36museActivationError-H2ghZiak.js                          [39m[2m[1m     0.86 kB[0m[0m[2m │ gzip:   0.47 kB[0m
[36mn8n-editor-ui:build: [0m[2mdist/[0m[2massets/[0m[36museExecutionData-jpz0I3nr.js                            [39m[2m[1m     0.92 kB[0m[0m[2m │ gzip:   0.42 kB[0m
[36mn8n-editor-ui:build: [0m[2mdist/[0m[2massets/[0m[36museStyles-CBXZLAO5.js                                   [39m[2m[1m     0.93 kB[0m[0m[2m │ gzip:   0.55 kB[0m
[36mn8n-editor-ui:build: [0m[2mdist/[0m[2massets/[0m[36mEnterpriseEdition.ee-CdtzGQuq.js                        [39m[2m[1m     0.94 kB[0m[0m[2m │ gzip:   0.50 kB[0m
[36mn8n-editor-ui:build: [0m[2mdist/[0m[2massets/[0m[36mComputerUseSetupModal-St8gpI9t.js                       [39m[2m[1m     0.96 kB[0m[0m[2m │ gzip:   0.49 kB[0m
[36mn8n-editor-ui:build: [0m[2mdist/[0m[2massets/[0m[36mVueMarkdown-Chb2k082.js                                 [39m[2m[1m     0.99 kB[0m[0m[2m │ gzip:   0.54 kB[0m
[36mn8n-editor-ui:build: [0m[2mdist/[0m[2massets/[0m[36museSidebarLayout-Y0NG2hnY.js                            [39m[2m[1m     1.04 kB[0m[0m[2m │ gzip:   0.45 kB[0m
[36mn8n-editor-ui:build: [0m[2mdist/[0m[2massets/[0m[36mSignoutView-CIfjLPIf.js                                 [39m[2m[1m     1.12 kB[0m[0m[2m │ gzip:   0.58 kB[0m
[36mn8n-editor-ui:build: [0m[2mdist/[0m[2massets/[0m[36mInstanceAiLayout-CbN6acae.js                            [39m[2m[1m     1.16 kB[0m[0m[2m │ gzip:   0.52 kB[0m
[36mn8n-editor-ui:build: [0m[2mdist/[0m[2massets/[0m[36museAgentPermissions-DLFu2gLZ.js                         [39m[2m[1m     1.23 kB[0m[0m[2m │ gzip:   0.54 kB[0m
[36mn8n-editor-ui:build: [0m[2mdist/[0m[2massets/[0m[36museNodeCreatorShortcutCoachmark-Bt1iG-nO.js             [39m[2m[1m     1.24 kB[0m[0m[2m │ gzip:   0.53 kB[0m
[36mn8n-editor-ui:build: [0m[2mdist/[0m[2massets/[0m[36mLoadingView-DC2naoEN.js                                 [39m[2m[1m     1.28 kB[0m[0m[2m │ gzip:   0.59 kB[0m
[36mn8n-editor-ui:build: [0m[2mdist/[0m[2massets/[0m[36mthread-title-B7evvZ1m.js                                [39m[2m[1m     1.29 kB[0m[0m[2m │ gzip:   0.71 kB[0m
[36mn8n-editor-ui:build: [0m[2mdist/[0m[2massets/[0m[36museIntersectionObserver-BgM1HrkW.js                     [39m[2m[1m     1.29 kB[0m[0m[2m │ gzip:   0.59 kB[0m
[36mn8n-editor-ui:build: [0m[2mdist/[0m[2massets/[0m[36museDynamicCredentials-BlSnnKRV.js                       [39m[2m[1m     1.30 kB[0m[0m[2m │ gzip:   0.59 kB[0m
[36mn8n-editor-ui:build: [0m[2mdist/[0m[2massets/[0m[36muniqBy-ToJWyDT6.js                                      [39m[2m[1m     1.36 kB[0m[0m[2m │ gzip:   0.72 kB[0m
[36mn8n-editor-ui:build: [0m[2mdist/[0m[2massets/[0m[36msetupPanel.store-Mbz1J50S.js                            [39m[2m[1m     1.40 kB[0m[0m[2m │ gzip:   0.62 kB[0m
[36mn8n-editor-ui:build: [0m[2mdist/[0m[2massets/[0m[36muserRoleProvisioning.store-DxwKROFD.js                  [39m[2m[1m     1.42 kB[0m[0m[2m │ gzip:   0.52 kB[0m
[36mn8n-editor-ui:build: [0m[2mdist/[0m[2massets/[0m[36mAgentView-DvKuphea.js                                   [39m[2m[1m     1.42 kB[0m[0m[2m │ gzip:   0.65 kB[0m
[36mn8n-editor-ui:build: [0m[2mdist/[0m[2massets/[0m[36mretry-Y7lvRjhC.js                                       [39m[2m[1m     1.43 kB[0m[0m[2m │ gzip:   0.65 kB[0m
[36mn8n-editor-ui:build: [0m[2mdist/[0m[2massets/[0m[36mpickBy-DIt1oFZN.js                                      [39m[2m[1m     1.45 kB[0m[0m[2m │ gzip:   0.70 kB[0m
[36mn8n-editor-ui:build: [0m[2mdist/[0m[2massets/[0m[36mshield-alt-Cumb0TXk.js                                  [39m[2m[1m     1.48 kB[0m[0m[2m │ gzip:   0.72 kB[0m
[36mn8n-editor-ui:build: [0m[2mdist/[0m[2massets/[0m[36museDocumentTitle-Dum4Jy3U.js                            [39m[2m[1m     1.50 kB[0m[0m[2m │ gzip:   0.68 kB[0m
[36mn8n-editor-ui:build: [0m[2mdist/[0m[2massets/[0m[36mEmptySharedSectionActionBox-BtscmO84.js                 [39m[2m[1m     1.54 kB[0m[0m[2m │ gzip:   0.77 kB[0m
[36mn8n-editor-ui:build: [0m[2mdist/[0m[2massets/[0m[36museExternalHooks-BIqtGbBp.js                            [39m[2m[1m     1.55 kB[0m[0m[2m │ gzip:   0.63 kB[0m
[36mn8n-editor-ui:build: [0m[2mdist/[0m[2massets/[0m[36museAiGateway-D_C_oLQ_.js                                [39m[2m[1m     1.56 kB[0m[0m[2m │ gzip:   0.58 kB[0m
[36mn8n-editor-ui:build: [0m[2mdist/[0m[2massets/[0m[36mdist-UDK5E7TC.js                                        [39m[2m[1m     1.59 kB[0m[0m[2m │ gzip:   0.74 kB[0m
[36mn8n-editor-ui:build: [0m[2mdist/[0m[2massets/[0m[36mRunDataHtml-DcOg8mOX.js                                 [39m[2m[1m     1.60 kB[0m[0m[2m │ gzip:   0.75 kB[0m
[36mn8n-editor-ui:build: [0m[2mdist/[0m[2massets/[0m[36mAnimatedSpinner-DhACTu-d.js                             [39m[2m[1m     1.75 kB[0m[0m[2m │ gzip:   0.66 kB[0m
[36mn8n-editor-ui:build: [0m[2mdist/[0m[2massets/[0m[36mSecretsProviderImage.ee-CMFdIs0O.js                     [39m[2m[1m     1.80 kB[0m[0m[2m │ gzip:   0.72 kB[0m
[36mn8n-editor-ui:build: [0m[2mdist/[0m[2massets/[0m[36mInsightsChartFailed-bnBDQFhN.js                         [39m[2m[1m     1.84 kB[0m[0m[2m │ gzip:   0.87 kB[0m
[36mn8n-editor-ui:build: [0m[2mdist/[0m[2massets/[0m[36mconstants-DiNx9_d-.js                                   [39m[2m[1m     1.88 kB[0m[0m[2m │ gzip:   0.81 kB[0m
[36mn8n-editor-ui:build: [0m[2mdist/[0m[2massets/[0m[36museClipboard-BEobgHHt.js                                [39m[2m[1m     1.90 kB[0m[0m[2m │ gzip:   0.85 kB[0m
[36mn8n-editor-ui:build: [0m[2mdist/[0m[2massets/[0m[36mchatHubPanel.store-DeOuu37A.js                          [39m[2m[1m     1.91 kB[0m[0m[2m │ gzip:   0.80 kB[0m
[36mn8n-editor-ui:build: [0m[2mdist/[0m[2massets/[0m[36mInsightsChartTotal-Bx_UHAYm.js                          [39m[2m[1m     1.97 kB[0m[0m[2m │ gzip:   0.88 kB[0m
[36mn8n-editor-ui:build: [0m[2mdist/[0m[2massets/[0m[36morderBy-DDil964H.js                                     [39m[2m[1m     1.98 kB[0m[0m[2m │ gzip:   0.91 kB[0m
[36mn8n-editor-ui:build: [0m[2mdist/[0m[2massets/[0m[36museTelemetryContext-DAFlp9vf.js                         [39m[2m[1m     2.00 kB[0m[0m[2m │ gzip:   0.91 kB[0m
[36mn8n-editor-ui:build: [0m[2mdist/[0m[2massets/[0m[36mutils-r37CmmT5.js                                       [39m[2m[1m     2.01 kB[0m[0m[2m │ gzip:   0.84 kB[0m
[36mn8n-editor-ui:build: [0m[2mdist/[0m[2massets/[0m[36mKeyboardShortcutTooltip-BaTgRrpf.js                     [39m[2m[1m     2.03 kB[0m[0m[2m │ gzip:   0.84 kB[0m
[36mn8n-editor-ui:build: [0m[2mdist/[0m[2massets/[0m[36mdateFormatter-BViT89zI.js                               [39m[2m[1m     2.03 kB[0m[0m[2m │ gzip:   0.72 kB[0m
[36mn8n-editor-ui:build: [0m[2mdist/[0m[2massets/[0m[36minsights.constants-B7aXbgxr.js                          [39m[2m[1m     2.06 kB[0m[0m[2m │ gzip:   0.77 kB[0m
[36mn8n-editor-ui:build: [0m[2mdist/[0m[2massets/[0m[36mInsightsChartFailureRate-CKCn09Qz.js                    [39m[2m[1m     2.08 kB[0m[0m[2m │ gzip:   0.95 kB[0m
[36mn8n-editor-ui:build: [0m[2mdist/[0m[2massets/[0m[36museEditorContext-Dd0RGYCZ.js                            [39m[2m[1m     2.09 kB[0m[0m[2m │ gzip:   0.86 kB[0m
[36mn8n-editor-ui:build: [0m[2mdist/[0m[2massets/[0m[36magentTelemetry.utils-DfsMabQU.js                        [39m[2m[1m     2.11 kB[0m[0m[2m │ gzip:   0.87 kB[0m
[36mn8n-editor-ui:build: [0m[2mdist/[0m[2massets/[0m[36mchunk-CC9Q-vWm.js                                       [39m[2m[1m     2.17 kB[0m[0m[2m │ gzip:   0.98 kB[0m
[36mn8n-editor-ui:build: [0m[2mdist/[0m[2massets/[0m[36mflatten-Bl3_7x09.js                                     [39m[2m[1m     2.20 kB[0m[0m[2m │ gzip:   0.90 kB[0m
[36mn8n-editor-ui:build: [0m[2mdist/[0m[2massets/[0m[36mSamlOnboarding-DQmoEexg.js                              [39m[2m[1m     2.21 kB[0m[0m[2m │ gzip:   0.94 kB[0m
[36mn8n-editor-ui:build: [0m[2mdist/[0m[2massets/[0m[36mCopyButton-BY3liTGe.js                                  [39m[2m[1m     2.24 kB[0m[0m[2m │ gzip:   0.98 kB[0m
[36mn8n-editor-ui:build: [0m[2mdist/[0m[2massets/[0m[36mWorkflowTagsDropdown-BDtZ4ijz.js                        [39m[2m[1m     2.25 kB[0m[0m[2m │ gzip:   0.92 kB[0m
[36mn8n-editor-ui:build: [0m[2mdist/[0m[2massets/[0m[36mSeverityTag-DDYGNNT5.js                                 [39m[2m[1m     2.27 kB[0m[0m[2m │ gzip:   0.98 kB[0m
[36mn8n-editor-ui:build: [0m[2mdist/[0m[2massets/[0m[36mInsightsChartAverageRuntime-Dk8BLIxz.js                 [39m[2m[1m     2.29 kB[0m[0m[2m │ gzip:   1.04 kB[0m
[36mn8n-editor-ui:build: [0m[2mdist/[0m[2massets/[0m[36mAnnotationTagsDropdown.ee-CTj433iU.js                   [39m[2m[1m     2.32 kB[0m[0m[2m │ gzip:   0.94 kB[0m
[36mn8n-editor-ui:build: [0m[2mdist/[0m[2massets/[0m[36mInsightsChartTimeSaved-CfrLArKl.js                      [39m[2m[1m     2.34 kB[0m[0m[2m │ gzip:   1.07 kB[0m
[36mn8n-editor-ui:build: [0m[2mdist/[0m[2massets/[0m[36mWorkflowOnboardingView-CcfUTxU9.js                      [39m[2m[1m     2.35 kB[0m[0m[2m │ gzip:   0.89 kB[0m
[36mn8n-editor-ui:build: [0m[2mdist/[0m[2massets/[0m[36mInsightsPaywall-Dwvo0w3N.js                             [39m[2m[1m     2.39 kB[0m[0m[2m │ gzip:   0.90 kB[0m
[36mn8n-editor-ui:build: [0m[2mdist/[0m[2massets/[0m[36museFreeAiCredits-EOQqbUwS.js                            [39m[2m[1m     2.40 kB[0m[0m[2m │ gzip:   0.87 kB[0m
[36mn8n-editor-ui:build: [0m[2mdist/[0m[2massets/[0m[36museProjectAgentsList-C3XN150X.js                        [39m[2m[1m     2.40 kB[0m[0m[2m │ gzip:   0.92 kB[0m
[36mn8n-editor-ui:build: [0m[2mdist/[0m[2massets/[0m[36museEvaluationsLicense-237M1SdB.js                       [39m[2m[1m     2.48 kB[0m[0m[2m │ gzip:   1.01 kB[0m
[36mn8n-editor-ui:build: [0m[2mdist/[0m[2massets/[0m[36mutils-Ctcexw6B.js                                       [39m[2m[1m     2.49 kB[0m[0m[2m │ gzip:   1.07 kB[0m
[36mn8n-editor-ui:build: [0m[2mdist/[0m[2massets/[0m[36mErrorView-CQRD0k7f.js                                   [39m[2m[1m     2.65 kB[0m[0m[2m │ gzip:   1.05 kB[0m
[36mn8n-editor-ui:build: [0m[2mdist/[0m[2massets/[0m[36museSecretsProvidersList.ee-DbJfItFb.js                  [39m[2m[1m     2.66 kB[0m[0m[2m │ gzip:   0.84 kB[0m
[36mn8n-editor-ui:build: [0m[2mdist/[0m[2massets/[0m[36mSelectedItemsInfo-DWrbPBKt.js                           [39m[2m[1m     2.66 kB[0m[0m[2m │ gzip:   0.99 kB[0m
[36mn8n-editor-ui:build: [0m[2mdist/[0m[2massets/[0m[36mProjectIcon-NOkQjXQ5.js                                 [39m[2m[1m     2.69 kB[0m[0m[2m │ gzip:   1.11 kB[0m
[36mn8n-editor-ui:build: [0m[2mdist/[0m[2massets/[0m[36mprojectRoleScopes-CAnpvHGx.js                           [39m[2m[1m     2.72 kB[0m[0m[2m │ gzip:   1.09 kB[0m
[36mn8n-editor-ui:build: [0m[2mdist/[0m[2massets/[0m[36mroles.store-DI-0s5ZW.js                                 [39m[2m[1m     2.79 kB[0m[0m[2m │ gzip:   0.89 kB[0m
[36mn8n-editor-ui:build: [0m[2mdist/[0m[2massets/[0m[36mConnectionTracker-JVO_BDX6.js                           [39m[2m[1m     2.84 kB[0m[0m[2m │ gzip:   1.10 kB[0m
[36mn8n-editor-ui:build: [0m[2mdist/[0m[2massets/[0m[36mEntityUnAuthorised-ChMPcf3Y.js                          [39m[2m[1m     2.85 kB[0m[0m[2m │ gzip:   1.17 kB[0m
[36mn8n-editor-ui:build: [0m[2mdist/[0m[2massets/[0m[36mBaseLayout-C8ISZ1F9.js                                  [39m[2m[1m     2.96 kB[0m[0m[2m │ gzip:   0.94 kB[0m
[36mn8n-editor-ui:build: [0m[2mdist/[0m[2massets/[0m[36mcommunityNodes.store-C4F2YlwY.js                        [39m[2m[1m     3.00 kB[0m[0m[2m │ gzip:   0.94 kB[0m
[36mn8n-editor-ui:build: [0m[2mdist/[0m[2massets/[0m[36museWorkflowEvaluationState-C1_5ynTf.js                  [39m[2m[1m     3.01 kB[0m[0m[2m │ gzip:   1.04 kB[0m
[36mn8n-editor-ui:build: [0m[2mdist/[0m[2massets/[0m[36mForgotMyPasswordView-CtjaN-XS.js                        [39m[2m[1m     3.03 kB[0m[0m[2m │ gzip:   1.18 kB[0m
[36mn8n-editor-ui:build: [0m[2mdist/[0m[2massets/[0m[36mEntityNotFound-CzvHGH84.js                              [39m[2m[1m     3.04 kB[0m[0m[2m │ gzip:   1.08 kB[0m
[36mn8n-editor-ui:build: [0m[2mdist/[0m[2massets/[0m[36minsights.store-B6iAc157.js                              [39m[2m[1m     3.20 kB[0m[0m[2m │ gzip:   0.95 kB[0m
[36mn8n-editor-ui:build: [0m[2mdist/[0m[2massets/[0m[36museResizablePanel-DP0ebwCM.js                           [39m[2m[1m     3.23 kB[0m[0m[2m │ gzip:   1.04 kB[0m
[36mn8n-editor-ui:build: [0m[2mdist/[0m[2massets/[0m[36mCopyInput-CGssjMuU.js                                   [39m[2m[1m     3.24 kB[0m[0m[2m │ gzip:   1.25 kB[0m
[36mn8n-editor-ui:build: [0m[2mdist/[0m[2massets/[0m[36mSetupView-WJmsFqsk.js                                   [39m[2m[1m     3.25 kB[0m[0m[2m │ gzip:   1.18 kB[0m
[36mn8n-editor-ui:build: [0m[2mdist/[0m[2massets/[0m[36mMcpAccessToggle-CT6YqtbL.js                             [39m[2m[1m     3.26 kB[0m[0m[2m │ gzip:   1.19 kB[0m
[36mn8n-editor-ui:build: [0m[2mdist/[0m[2massets/[0m[36mTemplatesView-zu2P7a-v.js                               [39m[2m[1m     3.29 kB[0m[0m[2m │ gzip:   1.09 kB[0m
[36mn8n-editor-ui:build: [0m[2mdist/[0m[2massets/[0m[36museExecutionHelpers-1LGbYNVv.js                         [39m[2m[1m     3.31 kB[0m[0m[2m │ gzip:   1.10 kB[0m
[36mn8n-editor-ui:build: [0m[2mdist/[0m[2massets/[0m[36mvalues-DvEd0pM7.js                                      [39m[2m[1m     3.34 kB[0m[0m[2m │ gzip:   1.16 kB[0m
[36mn8n-editor-ui:build: [0m[2mdist/[0m[2massets/[0m[36museSecretsProviderConnection.ee-pnp7Sfoo.js             [39m[2m[1m     3.36 kB[0m[0m[2m │ gzip:   0.93 kB[0m
[36mn8n-editor-ui:build: [0m[2mdist/[0m[2massets/[0m[36mTextWithHighlights-VskgT5CP.js                          [39m[2m[1m     3.40 kB[0m[0m[2m │ gzip:   1.29 kB[0m
[36mn8n-editor-ui:build: [0m[2mdist/[0m[2massets/[0m[36museCalloutHelpers-7SaBDP2r.js                           [39m[2m[1m     3.49 kB[0m[0m[2m │ gzip:   1.22 kB[0m
[36mn8n-editor-ui:build: [0m[2mdist/[0m[2massets/[0m[36memptyStateBuilderPrompt.store-B-oX0aI5.js               [39m[2m[1m     3.51 kB[0m[0m[2m │ gzip:   1.27 kB[0m
[36mn8n-editor-ui:build: [0m[2mdist/[0m[2massets/[0m[36museAgentTelemetry-y2umPhoq.js                           [39m[2m[1m     3.51 kB[0m[0m[2m │ gzip:   0.78 kB[0m
[36mn8n-editor-ui:build: [0m[2mdist/[0m[2massets/[0m[36mDemoDiffView-Dh_Pad6E.js                                [39m[2m[1m     3.52 kB[0m[0m[2m │ gzip:   1.36 kB[0m
[36mn8n-editor-ui:build: [0m[2mdist/[0m[2massets/[0m[36mNodeIcon-BQpeMWYw.js                                    [39m[2m[1m     3.68 kB[0m[0m[2m │ gzip:   1.27 kB[0m
[36mn8n-editor-ui:build: [0m[2mdist/[0m[2massets/[0m[36mBrowserUseSetupModal-CYSBkzGp.js                        [39m[2m[1m     3.71 kB[0m[0m[2m │ gzip:   1.38 kB[0m
[36mn8n-editor-ui:build: [0m[2mdist/[0m[2massets/[0m[36mtemplateActions-Bw-bUPeZ.js                             [39m[2m[1m     3.72 kB[0m[0m[2m │ gzip:   1.25 kB[0m
[36mn8n-editor-ui:build: [0m[2mdist/[0m[2massets/[0m[36mFileSaver.min-CHEZb4Hy.js                               [39m[2m[1m     3.77 kB[0m[0m[2m │ gzip:   1.62 kB[0m
[36mn8n-editor-ui:build: [0m[2mdist/[0m[2massets/[0m[36mAgentBuilderUnconfiguredEmptyState-CxCVAnOr.js          [39m[2m[1m     3.79 kB[0m[0m[2m │ gzip:   1.33 kB[0m
[36mn8n-editor-ui:build: [0m[2mdist/[0m[2massets/[0m[36mChatAgentAvatar---O4W7Ln.js                             [39m[2m[1m     3.80 kB[0m[0m[2m │ gzip:   1.44 kB[0m
[36mn8n-editor-ui:build: [0m[2mdist/[0m[2massets/[0m[36mCredentialIcon-18aAS8mm.js                              [39m[2m[1m     3.93 kB[0m[0m[2m │ gzip:   1.29 kB[0m
[36mn8n-editor-ui:build: [0m[2mdist/[0m[2massets/[0m[36mapiKeys.store-D3HyuEHD.js                               [39m[2m[1m     4.04 kB[0m[0m[2m │ gzip:   1.23 kB[0m
[36mn8n-editor-ui:build: [0m[2mdist/[0m[2massets/[0m[36mSignupView-CBqFEprF.js                                  [39m[2m[1m     4.05 kB[0m[0m[2m │ gzip:   1.45 kB[0m
[36mn8n-editor-ui:build: [0m[2mdist/[0m[2massets/[0m[36mProjectBreadcrumb-BJZYax5c.js                           [39m[2m[1m     4.06 kB[0m[0m[2m │ gzip:   1.40 kB[0m
[36mn8n-editor-ui:build: [0m[2mdist/[0m[2massets/[0m[36museAgentPublish-BZUn1iao.js                             [39m[2m[1m     4.09 kB[0m[0m[2m │ gzip:   1.13 kB[0m
[36mn8n-editor-ui:build: [0m[2mdist/[0m[2massets/[0m[36mtemplateTransforms-DKB-OSig.js                          [39m[2m[1m     4.14 kB[0m[0m[2m │ gzip:   1.36 kB[0m
[36mn8n-editor-ui:build: [0m[2mdist/[0m[2massets/[0m[36musePageRedirectionHelper-Cvnobv7-.js                    [39m[2m[1m     4.20 kB[0m[0m[2m │ gzip:   1.41 kB[0m
[36mn8n-editor-ui:build: [0m[2mdist/[0m[2massets/[0m[36musage.store-Cdc46dn8.js                                 [39m[2m[1m     4.28 kB[0m[0m[2m │ gzip:   1.31 kB[0m
[36mn8n-editor-ui:build: [0m[2mdist/[0m[2massets/[0m[36mToolSettingsModal-B-rxEqL4.js                           [39m[2m[1m     4.33 kB[0m[0m[2m │ gzip:   1.46 kB[0m
[36mn8n-editor-ui:build: [0m[2mdist/[0m[2massets/[0m[36museMoveResourceToProjectToast-CBVYX2zg.js               [39m[2m[1m     4.35 kB[0m[0m[2m │ gzip:   1.45 kB[0m
[36mn8n-editor-ui:build: [0m[2mdist/[0m[2massets/[0m[36mSetupWorkflowCredentialsButton-CM_iuEnf.js              [39m[2m[1m     4.38 kB[0m[0m[2m │ gzip:   1.47 kB[0m
[36mn8n-editor-ui:build: [0m[2mdist/[0m[2massets/[0m[36mchartjs.utils-CZ8Nb0o-.js                               [39m[2m[1m     4.39 kB[0m[0m[2m │ gzip:   1.12 kB[0m
[36mn8n-editor-ui:build: [0m[2mdist/[0m[2massets/[0m[36mworkers-eKy9_b6w.js                                     [39m[2m[1m     4.43 kB[0m[0m[2m │ gzip:   1.55 kB[0m
[36mn8n-editor-ui:build: [0m[2mdist/[0m[2massets/[0m[36mWorkflowExecutionsLandingPage-VbvMZLyd.js               [39m[2m[1m     4.45 kB[0m[0m[2m │ gzip:   1.46 kB[0m
[36mn8n-editor-ui:build: [0m[2mdist/[0m[2massets/[0m[36mModelByIdSelectorModal-VQsGMwEq.js                      [39m[2m[1m     4.63 kB[0m[0m[2m │ gzip:   1.59 kB[0m
[36mn8n-editor-ui:build: [0m[2mdist/[0m[2massets/[0m[36mresourceCenter.store-DHM9lJoB.js                        [39m[2m[1m     4.66 kB[0m[0m[2m │ gzip:   1.73 kB[0m
[36mn8n-editor-ui:build: [0m[2mdist/[0m[2massets/[0m[36mdist-Bx8gBGT6.js                                        [39m[2m[1m     4.73 kB[0m[0m[2m │ gzip:   1.60 kB[0m
[36mn8n-editor-ui:build: [0m[2mdist/[0m[2massets/[0m[36mAuthView-B4l7mpzZ.js                                    [39m[2m[1m     4.75 kB[0m[0m[2m │ gzip:   1.62 kB[0m
[36mn8n-editor-ui:build: [0m[2mdist/[0m[2massets/[0m[36mChangePasswordView-BNbBpKFs.js                          [39m[2m[1m     4.75 kB[0m[0m[2m │ gzip:   1.58 kB[0m
[36mn8n-editor-ui:build: [0m[2mdist/[0m[2massets/[0m[36mnodeIcon-BcdP1uC4.js                                    [39m[2m[1m     4.80 kB[0m[0m[2m │ gzip:   1.49 kB[0m
[36mn8n-editor-ui:build: [0m[2mdist/[0m[2massets/[0m[36msurfaceMcpToNewCloudUsers.store-Cf8cHdBh.js             [39m[2m[1m     4.91 kB[0m[0m[2m │ gzip:   1.26 kB[0m
[36mn8n-editor-ui:build: [0m[2mdist/[0m[2massets/[0m[36museKeybindings-DZo2WcC7.js                              [39m[2m[1m     4.93 kB[0m[0m[2m │ gzip:   1.84 kB[0m
[36mn8n-editor-ui:build: [0m[2mdist/[0m[2massets/[0m[36mDraggable-DWt0caC-.js                                   [39m[2m[1m     5.09 kB[0m[0m[2m │ gzip:   1.68 kB[0m
[36mn8n-editor-ui:build: [0m[2mdist/[0m[2massets/[0m[36mSettingsLayout-BBNRsMHd.js                              [39m[2m[1m     5.24 kB[0m[0m[2m │ gzip:   1.68 kB[0m
[36mn8n-editor-ui:build: [0m[2mdist/[0m[2massets/[0m[36mChatLayout-8r6XOIM1.js                                  [39m[2m[1m     5.32 kB[0m[0m[2m │ gzip:   2.00 kB[0m
[36mn8n-editor-ui:build: [0m[2mdist/[0m[2massets/[0m[36magentSessions.store-cwgXSMn9.js                         [39m[2m[1m     5.37 kB[0m[0m[2m │ gzip:   1.63 kB[0m
[36mn8n-editor-ui:build: [0m[2mdist/[0m[2massets/[0m[36mCredentialsDropdown-gURM_qMx.js                         [39m[2m[1m     5.37 kB[0m[0m[2m │ gzip:   1.82 kB[0m
[36mn8n-editor-ui:build: [0m[2mdist/[0m[2massets/[0m[36mDemoLayout-CW5RSc7j.js                                  [39m[2m[1m     5.41 kB[0m[0m[2m │ gzip:   1.96 kB[0m
[36mn8n-editor-ui:build: [0m[2mdist/[0m[2massets/[0m[36mChatFile-D3Jr_Es3.js                                    [39m[2m[1m     5.45 kB[0m[0m[2m │ gzip:   1.63 kB[0m
[36mn8n-editor-ui:build: [0m[2mdist/[0m[2massets/[0m[36mcol-BU3KKgAF.js                                         [39m[2m[1m     5.47 kB[0m[0m[2m │ gzip:   1.53 kB[0m
[36mn8n-editor-ui:build: [0m[2mdist/[0m[2massets/[0m[36museExecutionDebugging-w8PxaPkx.js                       [39m[2m[1m     5.47 kB[0m[0m[2m │ gzip:   1.86 kB[0m
[36mn8n-editor-ui:build: [0m[2mdist/[0m[2massets/[0m[36mRunDataSearch-Bvw9IqAt.js                               [39m[2m[1m     5.54 kB[0m[0m[2m │ gzip:   2.01 kB[0m
[36mn8n-editor-ui:build: [0m[2mdist/[0m[2massets/[0m[36mChatWorkflowAgentsView-Bp-GWKhW.js                      [39m[2m[1m     5.63 kB[0m[0m[2m │ gzip:   1.89 kB[0m
[36mn8n-editor-ui:build: [0m[2mdist/[0m[2massets/[0m[36mContactAdministratorToInstall-Bqd0UFE8.js               [39m[2m[1m     5.79 kB[0m[0m[2m │ gzip:   2.02 kB[0m
[36mn8n-editor-ui:build: [0m[2mdist/[0m[2massets/[0m[36mdateformat-9ZHpj92n.js                                  [39m[2m[1m     5.89 kB[0m[0m[2m │ gzip:   2.29 kB[0m
[36mn8n-editor-ui:build: [0m[2mdist/[0m[2massets/[0m[36msso.store-BA6R5mms.js                                   [39m[2m[1m     5.95 kB[0m[0m[2m │ gzip:   1.46 kB[0m
[36mn8n-editor-ui:build: [0m[2mdist/[0m[2massets/[0m[36mCredentialSelectorModal-CTxFD9B0.js                     [39m[2m[1m     5.98 kB[0m[0m[2m │ gzip:   1.77 kB[0m
[36mn8n-editor-ui:build: [0m[2mdist/[0m[2massets/[0m[36mevaluation.utils-DBGeSFKa.js                            [39m[2m[1m     6.09 kB[0m[0m[2m │ gzip:   2.02 kB[0m
[36mn8n-editor-ui:build: [0m[2mdist/[0m[2massets/[0m[36minsights.utils-DXahdE5D.js                              [39m[2m[1m     6.18 kB[0m[0m[2m │ gzip:   1.90 kB[0m
[36mn8n-editor-ui:build: [0m[2mdist/[0m[2massets/[0m[36mevaluation.constants-CJMubidw.js                        [39m[2m[1m     6.28 kB[0m[0m[2m │ gzip:   1.79 kB[0m
[36mn8n-editor-ui:build: [0m[2mdist/[0m[2massets/[0m[36museWorkflowActivate-Dd5e5_sk.js                         [39m[2m[1m     6.43 kB[0m[0m[2m │ gzip:   1.79 kB[0m
[36mn8n-editor-ui:build: [0m[2mdist/[0m[2massets/[0m[36mmcp.store-D-XvDDhq.js                                   [39m[2m[1m     6.49 kB[0m[0m[2m │ gzip:   1.86 kB[0m
[36mn8n-editor-ui:build: [0m[2mdist/[0m[2massets/[0m[36museCodeDiff-CEneIAmt.js                                 [39m[2m[1m     6.50 kB[0m[0m[2m │ gzip:   2.15 kB[0m
[36mn8n-editor-ui:build: [0m[2mdist/[0m[2massets/[0m[36mTimeAgo-Djov6vXh.js                                     [39m[2m[1m     6.57 kB[0m[0m[2m │ gzip:   2.33 kB[0m
[36mn8n-editor-ui:build: [0m[2mdist/[0m[2massets/[0m[36museQuickConnect-BnCOEpfI.js                             [39m[2m[1m     6.61 kB[0m[0m[2m │ gzip:   2.09 kB[0m
[36mn8n-editor-ui:build: [0m[2mdist/[0m[2massets/[0m[36mChatInputBase-D6aE3Fpa.js                               [39m[2m[1m     6.61 kB[0m[0m[2m │ gzip:   2.21 kB[0m
[36mn8n-editor-ui:build: [0m[2mdist/[0m[2massets/[0m[36mSettingsAIView-DApx0JEV.js                              [39m[2m[1m     6.73 kB[0m[0m[2m │ gzip:   1.91 kB[0m
[36mn8n-editor-ui:build: [0m[2mdist/[0m[2massets/[0m[36museSettingsItems-BY6QRY_F.js                            [39m[2m[1m     6.77 kB[0m[0m[2m │ gzip:   1.67 kB[0m
[36mn8n-editor-ui:build: [0m[2mdist/[0m[2massets/[0m[36mtoolDisplayName-Cb4D3kVV.js                             [39m[2m[1m     6.81 kB[0m[0m[2m │ gzip:   2.48 kB[0m
[36mn8n-editor-ui:build: [0m[2mdist/[0m[2massets/[0m[36mlogStreaming.store-CTETNV2b.js                          [39m[2m[1m     6.84 kB[0m[0m[2m │ gzip:   1.77 kB[0m
[36mn8n-editor-ui:build: [0m[2mdist/[0m[2massets/[0m[36museBugReporting-8omPs-uH.js                             [39m[2m[1m     6.85 kB[0m[0m[2m │ gzip:   2.63 kB[0m
[36mn8n-editor-ui:build: [0m[2mdist/[0m[2massets/[0m[36moverlay-BHWpwwF5.js                                     [39m[2m[1m     6.86 kB[0m[0m[2m │ gzip:   2.17 kB[0m
[36mn8n-editor-ui:build: [0m[2mdist/[0m[2massets/[0m[36mAgentSubAgentsModal-BN0xv5_c.js                         [39m[2m[1m     6.87 kB[0m[0m[2m │ gzip:   1.99 kB[0m
[36mn8n-editor-ui:build: [0m[2mdist/[0m[2massets/[0m[36mchatPanel.store-U0zUsQXI.js                             [39m[2m[1m     6.91 kB[0m[0m[2m │ gzip:   2.01 kB[0m
[36mn8n-editor-ui:build: [0m[2mdist/[0m[2massets/[0m[36mTemplatesWorkflowView-l9I0QvR1.js                       [39m[2m[1m     6.93 kB[0m[0m[2m │ gzip:   2.22 kB[0m
[36mn8n-editor-ui:build: [0m[2mdist/[0m[2massets/[0m[36m_initCloneObject-B9Pc_f0Y.js                            [39m[2m[1m     6.95 kB[0m[0m[2m │ gzip:   1.99 kB[0m
[36mn8n-editor-ui:build: [0m[2mdist/[0m[2massets/[0m[36mModal-Bqe44Z_A.js                                       [39m[2m[1m     7.23 kB[0m[0m[2m │ gzip:   2.33 kB[0m
[36mn8n-editor-ui:build: [0m[2mdist/[0m[2massets/[0m[36museCredentialResolvers-BW9P3c9n.js                      [39m[2m[1m     7.31 kB[0m[0m[2m │ gzip:   2.23 kB[0m
[36mn8n-editor-ui:build: [0m[2mdist/[0m[2massets/[0m[36mWorkflowLocation-BV-e3waM.js                            [39m[2m[1m     7.48 kB[0m[0m[2m │ gzip:   1.65 kB[0m
[36mn8n-editor-ui:build: [0m[2mdist/[0m[2massets/[0m[36men-hN6GCUz2.js                                          [39m[2m[1m     7.54 kB[0m[0m[2m │ gzip:   2.43 kB[0m
[36mn8n-editor-ui:build: [0m[2mdist/[0m[2massets/[0m[36mExternalSecretsProviderConnectionSwitch.ee--0Z4q62e.js  [39m[2m[1m     7.60 kB[0m[0m[2m │ gzip:   2.36 kB[0m
[36mn8n-editor-ui:build: [0m[2mdist/[0m[2massets/[0m[36mResourceFiltersDropdown-BfLNr6EY.js                     [39m[2m[1m     7.61 kB[0m[0m[2m │ gzip:   2.36 kB[0m
[36mn8n-editor-ui:build: [0m[2mdist/[0m[2massets/[0m[36m_baseOrderBy-Btx2MFFq.js                                [39m[2m[1m     7.62 kB[0m[0m[2m │ gzip:   2.03 kB[0m
[36mn8n-editor-ui:build: [0m[2mdist/[0m[2massets/[0m[36mbanners.store-cEWSUB16.js                               [39m[2m[1m     7.71 kB[0m[0m[2m │ gzip:   2.45 kB[0m
[36mn8n-editor-ui:build: [0m[2mdist/[0m[2massets/[0m[36mexecutions.store-DD09e0ft.js                            [39m[2m[1m     7.73 kB[0m[0m[2m │ gzip:   2.01 kB[0m
[36mn8n-editor-ui:build: [0m[2mdist/[0m[2massets/[0m[36mversions.store-BgSMiERh.js                              [39m[2m[1m     7.79 kB[0m[0m[2m │ gzip:   2.39 kB[0m
[36mn8n-editor-ui:build: [0m[2mdist/[0m[2massets/[0m[36mcloudPlan.store-Djkttdab.js                             [39m[2m[1m     7.80 kB[0m[0m[2m │ gzip:   2.31 kB[0m
[36mn8n-editor-ui:build: [0m[2mdist/[0m[2massets/[0m[36mChatPersonalAgentsView-DXVDYeD4.js                      [39m[2m[1m     7.83 kB[0m[0m[2m │ gzip:   2.36 kB[0m
[36mn8n-editor-ui:build: [0m[2mdist/[0m[2massets/[0m[36mRunDataParsedAiContent-BWJK12iX.js                      [39m[2m[1m     7.88 kB[0m[0m[2m │ gzip:   2.59 kB[0m
[36mn8n-editor-ui:build: [0m[2mdist/[0m[2massets/[0m[36museAgentApi-C6iunfMy.js                                 [39m[2m[1m     7.88 kB[0m[0m[2m │ gzip:   1.38 kB[0m
[36mn8n-editor-ui:build: [0m[2mdist/[0m[2massets/[0m[36mcomlink-h1hawfcO.js                                     [39m[2m[1m     8.18 kB[0m[0m[2m │ gzip:   2.56 kB[0m
[36mn8n-editor-ui:build: [0m[2mdist/[0m[2massets/[0m[36mexternalSecrets.ee.store-BMXMX6ud.js                    [39m[2m[1m     8.19 kB[0m[0m[2m │ gzip:   2.22 kB[0m
[36mn8n-editor-ui:build: [0m[2mdist/[0m[2massets/[0m[36mRedactedDataState-BnEH4bjm.js                           [39m[2m[1m     8.24 kB[0m[0m[2m │ gzip:   2.51 kB[0m
[36mn8n-editor-ui:build: [0m[2mdist/[0m[2massets/[0m[36mAiModelSelectorDropdown-D_X0m_m2.js                     [39m[2m[1m     8.28 kB[0m[0m[2m │ gzip:   2.35 kB[0m
[36mn8n-editor-ui:build: [0m[2mdist/[0m[2massets/[0m[36mSurfaceMcpFirstOpenIntroModal-DbYNiABo.js               [39m[2m[1m     8.29 kB[0m[0m[2m │ gzip:   2.31 kB[0m
[36mn8n-editor-ui:build: [0m[2mdist/[0m[2massets/[0m[36mTagsDropdown-y5RtXtAR.js                                [39m[2m[1m     8.30 kB[0m[0m[2m │ gzip:   2.69 kB[0m
[36mn8n-editor-ui:build: [0m[2mdist/[0m[2massets/[0m[36mInsightsSummary-CO_2feNf.js                             [39m[2m[1m     8.48 kB[0m[0m[2m │ gzip:   2.59 kB[0m
[36mn8n-editor-ui:build: [0m[2mdist/[0m[2massets/[0m[36mdist-D4cfhSH6.js                                        [39m[2m[1m     8.50 kB[0m[0m[2m │ gzip:   3.51 kB[0m
[36mn8n-editor-ui:build: [0m[2mdist/[0m[2massets/[0m[36mWorkflowExecutionsInfoAccordion-ExESLNTE.js             [39m[2m[1m     8.55 kB[0m[0m[2m │ gzip:   2.32 kB[0m
[36mn8n-editor-ui:build: [0m[2mdist/[0m[2massets/[0m[36mAgentJsonEditor-BzHevKg1.js                             [39m[2m[1m     8.59 kB[0m[0m[2m │ gzip:   2.90 kB[0m
[36mn8n-editor-ui:build: [0m[2mdist/[0m[2massets/[0m[36mCreditWarningBanner-_6MMB4i6.js                         [39m[2m[1m     8.96 kB[0m[0m[2m │ gzip:   2.33 kB[0m
[36mn8n-editor-ui:build: [0m[2mdist/[0m[2massets/[0m[36mfolders.store-BcxWNo1x.js                               [39m[2m[1m     9.04 kB[0m[0m[2m │ gzip:   2.54 kB[0m
[36mn8n-editor-ui:build: [0m[2mdist/[0m[2massets/[0m[36musePostMessageHandler-C9YKdbpq.js                       [39m[2m[1m     9.25 kB[0m[0m[2m │ gzip:   2.63 kB[0m
[36mn8n-editor-ui:build: [0m[2mdist/[0m[2massets/[0m[36mResolversView-DUC5s5oX.js                               [39m[2m[1m     9.29 kB[0m[0m[2m │ gzip:   2.58 kB[0m
[36mn8n-editor-ui:build: [0m[2mdist/[0m[2massets/[0m[36musePinnedData-DwfMd0Ao.js                               [39m[2m[1m     9.30 kB[0m[0m[2m │ gzip:   2.71 kB[0m
[36mn8n-editor-ui:build: [0m[2mdist/[0m[2massets/[0m[36mWorkflowPreview-ChlXQGFn.js                             [39m[2m[1m     9.31 kB[0m[0m[2m │ gzip:   2.57 kB[0m
[36mn8n-editor-ui:build: [0m[2mdist/[0m[2massets/[0m[36mfocusPanel.store-CHuLIFUj.js                            [39m[2m[1m     9.32 kB[0m[0m[2m │ gzip:   3.07 kB[0m
[36mn8n-editor-ui:build: [0m[2mdist/[0m[2massets/[0m[36mProjectCardBadge-n21w5JiB.js                            [39m[2m[1m     9.35 kB[0m[0m[2m │ gzip:   2.40 kB[0m
[36mn8n-editor-ui:build: [0m[2mdist/[0m[2massets/[0m[36mCredentialPicker-BBYpa7vk.js                            [39m[2m[1m     9.60 kB[0m[0m[2m │ gzip:   2.62 kB[0m
[36mn8n-editor-ui:build: [0m[2mdist/[0m[2massets/[0m[36mFolderBreadcrumbs-C4FOEl94.js                           [39m[2m[1m     9.65 kB[0m[0m[2m │ gzip:   2.85 kB[0m
[36mn8n-editor-ui:build: [0m[2mdist/[0m[2massets/[0m[36mAgentSessionsListView-D8XpWPgL.js                       [39m[2m[1m     9.79 kB[0m[0m[2m │ gzip:   2.81 kB[0m
[36mn8n-editor-ui:build: [0m[2mdist/[0m[2massets/[0m[36mRunDataJson-3fN8mbHm.js                                 [39m[2m[1m     9.85 kB[0m[0m[2m │ gzip:   3.26 kB[0m
[36mn8n-editor-ui:build: [0m[2mdist/[0m[2massets/[0m[36mSkeletonAgentCard-BE96ilSZ.js                           [39m[2m[1m     9.99 kB[0m[0m[2m │ gzip:   2.70 kB[0m
[36mn8n-editor-ui:build: [0m[2mdist/[0m[2massets/[0m[36mOAuthConsentView-CnrQkvSh.js                            [39m[2m[1m    10.03 kB[0m[0m[2m │ gzip:   2.59 kB[0m
[36mn8n-editor-ui:build: [0m[2mdist/[0m[2massets/[0m[36mDependencyPill-D8sx0LS6.js                              [39m[2m[1m    10.05 kB[0m[0m[2m │ gzip:   3.16 kB[0m
[36mn8n-editor-ui:build: [0m[2mdist/[0m[2massets/[0m[36mpushConnection.store-DXQtnxmq.js                        [39m[2m[1m    10.13 kB[0m[0m[2m │ gzip:   2.79 kB[0m
[36mn8n-editor-ui:build: [0m[2mdist/[0m[2massets/[0m[36museActions-Bx_Hmzys.js                                  [39m[2m[1m    10.18 kB[0m[0m[2m │ gzip:   3.06 kB[0m
[36mn8n-editor-ui:build: [0m[2mdist/[0m[2massets/[0m[36museDebounce-jCwg4fXB.js                                 [39m[2m[1m    10.29 kB[0m[0m[2m │ gzip:   3.36 kB[0m
[36mn8n-editor-ui:build: [0m[2mdist/[0m[2massets/[0m[36mInsightsTableWorkflows-pvP7xD2j.js                      [39m[2m[1m    10.30 kB[0m[0m[2m │ gzip:   3.42 kB[0m
[36mn8n-editor-ui:build: [0m[2mdist/[0m[2massets/[0m[36mCommunityNodeUpdateInfo-B12qfy15.js                     [39m[2m[1m    10.46 kB[0m[0m[2m │ gzip:   2.97 kB[0m
[36mn8n-editor-ui:build: [0m[2mdist/[0m[2massets/[0m[36museLoadingService-C__2ynxo.js                           [39m[2m[1m    10.47 kB[0m[0m[2m │ gzip:   3.24 kB[0m
[36mn8n-editor-ui:build: [0m[2mdist/[0m[2massets/[0m[36mSettingsExternalSecrets-C5g-3cnH.js                     [39m[2m[1m    10.53 kB[0m[0m[2m │ gzip:   2.91 kB[0m
[36mn8n-editor-ui:build: [0m[2mdist/[0m[2massets/[0m[36museLogsTreeExpand-Bi_5eqoA.js                           [39m[2m[1m    10.53 kB[0m[0m[2m │ gzip:   3.38 kB[0m
[36mn8n-editor-ui:build: [0m[2mdist/[0m[2massets/[0m[36mdataTable.store-CjHWy74T.js                             [39m[2m[1m    10.66 kB[0m[0m[2m │ gzip:   2.79 kB[0m
[36mn8n-editor-ui:build: [0m[2mdist/[0m[2massets/[0m[36mMCPConnectWorkflowsModal-HNozT0TP.js                    [39m[2m[1m    10.71 kB[0m[0m[2m │ gzip:   3.15 kB[0m
[36mn8n-editor-ui:build: [0m[2mdist/[0m[2massets/[0m[36mSettingsAiGatewayView-I56-WP9z.js                       [39m[2m[1m    11.25 kB[0m[0m[2m │ gzip:   3.09 kB[0m
[36mn8n-editor-ui:build: [0m[2mdist/[0m[2massets/[0m[36museMcpServerAdapter-Kcs7twbv.js                         [39m[2m[1m    11.28 kB[0m[0m[2m │ gzip:   3.41 kB[0m
[36mn8n-editor-ui:build: [0m[2mdist/[0m[2massets/[0m[36mtemplates.store-BvzoGuj_.js                             [39m[2m[1m    11.49 kB[0m[0m[2m │ gzip:   2.61 kB[0m
[36mn8n-editor-ui:build: [0m[2mdist/[0m[2massets/[0m[36mradio-BiRnIy9r.js                                       [39m[2m[1m    11.52 kB[0m[0m[2m │ gzip:   2.71 kB[0m
[36mn8n-editor-ui:build: [0m[2mdist/[0m[2massets/[0m[36mdist-Dt8yaDgk.js                                        [39m[2m[1m    11.66 kB[0m[0m[2m │ gzip:   4.19 kB[0m
[36mn8n-editor-ui:build: [0m[2mdist/[0m[2massets/[0m[36mMigrationRuleDetail-DkmkR9-u.js                         [39m[2m[1m    12.27 kB[0m[0m[2m │ gzip:   3.62 kB[0m
[36mn8n-editor-ui:build: [0m[2mdist/[0m[2massets/[0m[36mToolsSelector-pMjfd096.js                               [39m[2m[1m    12.36 kB[0m[0m[2m │ gzip:   3.60 kB[0m
[36mn8n-editor-ui:build: [0m[2mdist/[0m[2massets/[0m[36museCredentialOAuth-2-mlGOGe.js                          [39m[2m[1m    12.37 kB[0m[0m[2m │ gzip:   3.68 kB[0m
[36mn8n-editor-ui:build: [0m[2mdist/[0m[2massets/[0m[36mcollaboration.store-B5EChn1U.js                         [39m[2m[1m    12.42 kB[0m[0m[2m │ gzip:   3.05 kB[0m
[36mn8n-editor-ui:build: [0m[2mdist/[0m[2massets/[0m[36mone-password-CZnjwTTs.js                                [39m[2m[1m    12.59 kB[0m[0m[2m │ gzip:   6.65 kB[0m
[36mn8n-editor-ui:build: [0m[2mdist/[0m[2massets/[0m[36mSetupWorkflowFromTemplateView-CydgvwaY.js               [39m[2m[1m    12.84 kB[0m[0m[2m │ gzip:   3.59 kB[0m
[36mn8n-editor-ui:build: [0m[2mdist/[0m[2massets/[0m[36mSetupTemplateFormStep-DtbKn539.js                       [39m[2m[1m    13.01 kB[0m[0m[2m │ gzip:   3.64 kB[0m
[36mn8n-editor-ui:build: [0m[2mdist/[0m[2massets/[0m[36mTemplateList-BVNFfd3W.js                                [39m[2m[1m    13.18 kB[0m[0m[2m │ gzip:   3.19 kB[0m
[36mn8n-editor-ui:build: [0m[2mdist/[0m[2massets/[0m[36mSigninView-BQurYBcT.js                                  [39m[2m[1m    13.41 kB[0m[0m[2m │ gzip:   3.78 kB[0m
[36mn8n-editor-ui:build: [0m[2mdist/[0m[2massets/[0m[36mchat.utils-DSyHgVSo.js                                  [39m[2m[1m    13.59 kB[0m[0m[2m │ gzip:   4.03 kB[0m
[36mn8n-editor-ui:build: [0m[2mdist/[0m[2massets/[0m[36mTemplatesCollectionView-DEV9vp2c.js                     [39m[2m[1m    13.66 kB[0m[0m[2m │ gzip:   3.38 kB[0m
[36mn8n-editor-ui:build: [0m[2mdist/[0m[2massets/[0m[36mProjectRolesView-IhjV-QMU.js                            [39m[2m[1m    13.74 kB[0m[0m[2m │ gzip:   3.55 kB[0m
[36mn8n-editor-ui:build: [0m[2mdist/[0m[2massets/[0m[36mNodeCreation-Bcn0r8RG.js                                [39m[2m[1m    14.10 kB[0m[0m[2m │ gzip:   4.44 kB[0m
[36mn8n-editor-ui:build: [0m[2mdist/[0m[2massets/[0m[36mNodeToolSettingsContent-DefCgqZJ.js                     [39m[2m[1m    14.14 kB[0m[0m[2m │ gzip:   3.99 kB[0m
[36mn8n-editor-ui:build: [0m[2mdist/[0m[2massets/[0m[36mNewAgentView-yywYU4NI.js                                [39m[2m[1m    14.34 kB[0m[0m[2m │ gzip:   4.79 kB[0m
[36mn8n-editor-ui:build: [0m[2mdist/[0m[2massets/[0m[36mMigrationRules-01YlMZ5y.js                              [39m[2m[1m    14.35 kB[0m[0m[2m │ gzip:   3.10 kB[0m
[36mn8n-editor-ui:build: [0m[2mdist/[0m[2massets/[0m[36mSettingsAgentBuilderView-BA7ERqin.js                    [39m[2m[1m    14.36 kB[0m[0m[2m │ gzip:   3.85 kB[0m
[36mn8n-editor-ui:build: [0m[2mdist/[0m[2massets/[0m[36mProjectSharing--b2l-_1q.js                              [39m[2m[1m    14.42 kB[0m[0m[2m │ gzip:   3.77 kB[0m
[36mn8n-editor-ui:build: [0m[2mdist/[0m[2massets/[0m[36mshuffle-DMQzVSQB.js                                     [39m[2m[1m    14.51 kB[0m[0m[2m │ gzip:   3.87 kB[0m
[36mn8n-editor-ui:build: [0m[2mdist/[0m[2massets/[0m[36mDataTableDetailsView-k0YY6MFZ.js                        [39m[2m[1m    14.65 kB[0m[0m[2m │ gzip:   3.88 kB[0m
[36mn8n-editor-ui:build: [0m[2mdist/[0m[2massets/[0m[36mInstanceAiView-IDekwUhH.js                              [39m[2m[1m    14.82 kB[0m[0m[2m │ gzip:   4.13 kB[0m
[36mn8n-editor-ui:build: [0m[2mdist/[0m[2massets/[0m[36mProviderSettingsModal-CMbOJnZk.js                       [39m[2m[1m    14.98 kB[0m[0m[2m │ gzip:   3.39 kB[0m
[36mn8n-editor-ui:build: [0m[2mdist/[0m[2massets/[0m[36museGlobalEntityCreation-DlqBuALu.js                     [39m[2m[1m    15.02 kB[0m[0m[2m │ gzip:   3.06 kB[0m
[36mn8n-editor-ui:build: [0m[2mdist/[0m[2massets/[0m[36mDataTableView-B867OBnv.js                               [39m[2m[1m    15.05 kB[0m[0m[2m │ gzip:   4.06 kB[0m
[36mn8n-editor-ui:build: [0m[2mdist/[0m[2massets/[0m[36museToast-DtTUb0Dk.js                                    [39m[2m[1m    15.21 kB[0m[0m[2m │ gzip:   4.82 kB[0m
[36mn8n-editor-ui:build: [0m[2mdist/[0m[2massets/[0m[36mdialog-D2Y_jHZl.js                                      [39m[2m[1m    15.26 kB[0m[0m[2m │ gzip:   4.26 kB[0m
[36mn8n-editor-ui:build: [0m[2mdist/[0m[2massets/[0m[36mAgentSkillModal-D3N0coqF.js                             [39m[2m[1m    15.33 kB[0m[0m[2m │ gzip:   3.66 kB[0m
[36mn8n-editor-ui:build: [0m[2mdist/[0m[2massets/[0m[36mAgentsListView-CbtS2QmB.js                              [39m[2m[1m    15.57 kB[0m[0m[2m │ gzip:   4.48 kB[0m
[36mn8n-editor-ui:build: [0m[2mdist/[0m[2massets/[0m[36museCustomAgent-BP_fWAhg.js                              [39m[2m[1m    16.77 kB[0m[0m[2m │ gzip:   4.83 kB[0m
[36mn8n-editor-ui:build: [0m[2mdist/[0m[2massets/[0m[36mSettingsPersonalView-C60fpYcJ.js                        [39m[2m[1m    17.27 kB[0m[0m[2m │ gzip:   4.08 kB[0m
[36mn8n-editor-ui:build: [0m[2mdist/[0m[2massets/[0m[36mSettingsCommunityNodesView-D0rMVZ1p.js                  [39m[2m[1m    17.58 kB[0m[0m[2m │ gzip:   4.19 kB[0m
[36mn8n-editor-ui:build: [0m[2mdist/[0m[2massets/[0m[36mMainSidebarHeader-BMnub7qK.js                           [39m[2m[1m    17.64 kB[0m[0m[2m │ gzip:   4.07 kB[0m
[36mn8n-editor-ui:build: [0m[2mdist/[0m[2massets/[0m[36mworkflowsList.store-DfcnRIqL.js                         [39m[2m[1m    17.72 kB[0m[0m[2m │ gzip:   4.85 kB[0m
[36mn8n-editor-ui:build: [0m[2mdist/[0m[2massets/[0m[36mSettingsLogStreamingView-Dtfg08tS.js                    [39m[2m[1m    17.98 kB[0m[0m[2m │ gzip:   4.53 kB[0m
[36mn8n-editor-ui:build: [0m[2mdist/[0m[2massets/[0m[36mDataTableActions-xiuM5Vra.js                            [39m[2m[1m    18.40 kB[0m[0m[2m │ gzip:   4.10 kB[0m
[36mn8n-editor-ui:build: [0m[2mdist/[0m[2massets/[0m[36mSurfaceMcpBridgeGraphic-BQMJB3Vg.js                     [39m[2m[1m    18.69 kB[0m[0m[2m │ gzip:   6.61 kB[0m
[36mn8n-editor-ui:build: [0m[2mdist/[0m[2massets/[0m[36mSettingsUsageAndPlan-DE1rm2mc.js                        [39m[2m[1m    19.13 kB[0m[0m[2m │ gzip:   4.54 kB[0m
[36mn8n-editor-ui:build: [0m[2mdist/[0m[2massets/[0m[36mToolsManagerModal-BXtoaUJe.js                           [39m[2m[1m    19.29 kB[0m[0m[2m │ gzip:   4.62 kB[0m
[36mn8n-editor-ui:build: [0m[2mdist/[0m[2massets/[0m[36minstanceAiSettings.store-Dz3StTy3.js                    [39m[2m[1m    19.47 kB[0m[0m[2m │ gzip:   4.87 kB[0m
[36mn8n-editor-ui:build: [0m[2mdist/[0m[2massets/[0m[36massistant.store-k0GVdIGB.js                             [39m[2m[1m    19.51 kB[0m[0m[2m │ gzip:   4.50 kB[0m
[36mn8n-editor-ui:build: [0m[2mdist/[0m[2massets/[0m[36mComputerUseSetupContent-B6W2gphH.js                     [39m[2m[1m    19.62 kB[0m[0m[2m │ gzip:   6.55 kB[0m
[36mn8n-editor-ui:build: [0m[2mdist/[0m[2massets/[0m[36maiTemplatesStarterCollection.store-YXTaMasm.js          [39m[2m[1m    20.22 kB[0m[0m[2m │ gzip:   5.17 kB[0m
[36mn8n-editor-ui:build: [0m[2mdist/[0m[2massets/[0m[36mSettingsEncryptionKeys-C0uVEc-p.js                      [39m[2m[1m    20.34 kB[0m[0m[2m │ gzip:   5.28 kB[0m
[36mn8n-editor-ui:build: [0m[2mdist/[0m[2massets/[0m[36mProjectVariables-Bcua0L5U.js                            [39m[2m[1m    20.60 kB[0m[0m[2m │ gzip:   5.40 kB[0m
[36mn8n-editor-ui:build: [0m[2mdist/[0m[2massets/[0m[36museModelCatalog-CptZ6wbf.js                             [39m[2m[1m    20.75 kB[0m[0m[2m │ gzip:   5.71 kB[0m
[36mn8n-editor-ui:build: [0m[2mdist/[0m[2massets/[0m[36mAddDataTableModal-DYyLI5Kl.js                           [39m[2m[1m    20.79 kB[0m[0m[2m │ gzip:   4.91 kB[0m
[36mn8n-editor-ui:build: [0m[2mdist/[0m[2massets/[0m[36mChatLayout-BWBLX42U.js                                  [39m[2m[1m    23.15 kB[0m[0m[2m │ gzip:   5.85 kB[0m
[36mn8n-editor-ui:build: [0m[2mdist/[0m[2massets/[0m[36mInsightsDashboard-CLs3ck_b.js                           [39m[2m[1m    23.49 kB[0m[0m[2m │ gzip:   6.48 kB[0m
[36mn8n-editor-ui:build: [0m[2mdist/[0m[2massets/[0m[36mRecommendedTemplateCard-VjDb6V2i.js                     [39m[2m[1m    24.11 kB[0m[0m[2m │ gzip:   7.71 kB[0m
[36mn8n-editor-ui:build: [0m[2mdist/[0m[2massets/[0m[36museMessage-Bcge2hUF.js                                  [39m[2m[1m    24.21 kB[0m[0m[2m │ gzip:   6.34 kB[0m
[36mn8n-editor-ui:build: [0m[2mdist/[0m[2massets/[0m[36mbuttons.esm-CaJTbjdO.js                                 [39m[2m[1m    24.72 kB[0m[0m[2m │ gzip:   7.59 kB[0m
[36mn8n-editor-ui:build: [0m[2mdist/[0m[2massets/[0m[36mSettingsSourceControl-DSs_L3hS.js                       [39m[2m[1m    25.11 kB[0m[0m[2m │ gzip:   4.84 kB[0m
[36mn8n-editor-ui:build: [0m[2mdist/[0m[2massets/[0m[36mreadyToRun.store-Cg71JY93.js                            [39m[2m[1m    25.16 kB[0m[0m[2m │ gzip:   6.88 kB[0m
[36mn8n-editor-ui:build: [0m[2mdist/[0m[2massets/[0m[36mResourceCenterView-BlbgnG2w.js                          [39m[2m[1m    25.72 kB[0m[0m[2m │ gzip:   6.41 kB[0m
[36mn8n-editor-ui:build: [0m[2mdist/[0m[2massets/[0m[36m_MapCache-COyU4An-.js                                   [39m[2m[1m    27.61 kB[0m[0m[2m │ gzip:   5.00 kB[0m
[36mn8n-editor-ui:build: [0m[2mdist/[0m[2massets/[0m[36mWorkerView-D3HruDgb.js                                  [39m[2m[1m    27.85 kB[0m[0m[2m │ gzip:   5.82 kB[0m
[36mn8n-editor-ui:build: [0m[2mdist/[0m[2massets/[0m[36mCredentialsView-BoFXGZqp.js                             [39m[2m[1m    27.94 kB[0m[0m[2m │ gzip:   6.89 kB[0m
[36mn8n-editor-ui:build: [0m[2mdist/[0m[2massets/[0m[36mSettingsChatHubView-DaKGYD3n.js                         [39m[2m[1m    27.97 kB[0m[0m[2m │ gzip:   5.39 kB[0m
[36mn8n-editor-ui:build: [0m[2mdist/[0m[2massets/[0m[36mEvaluationsRootView-Dxbo32Eu.js                         [39m[2m[1m    28.01 kB[0m[0m[2m │ gzip:   5.32 kB[0m
[36mn8n-editor-ui:build: [0m[2mdist/[0m[2massets/[0m[36mSettingsApiView-Dg5QYcVC.js                             [39m[2m[1m    28.01 kB[0m[0m[2m │ gzip:   6.31 kB[0m
[36mn8n-editor-ui:build: [0m[2mdist/[0m[2massets/[0m[36mSettingsSecretsProviders.ee-DozV5iRr.js                 [39m[2m[1m    28.85 kB[0m[0m[2m │ gzip:   6.17 kB[0m
[36mn8n-editor-ui:build: [0m[2mdist/[0m[2massets/[0m[36mProjectHeader-DlH6GxXg.js                               [39m[2m[1m    29.03 kB[0m[0m[2m │ gzip:   6.73 kB[0m
[36mn8n-editor-ui:build: [0m[2mdist/[0m[2massets/[0m[36mResourcesListLayout-DmWU071S.js                         [39m[2m[1m    29.25 kB[0m[0m[2m │ gzip:   7.29 kB[0m
[36mn8n-editor-ui:build: [0m[2mdist/[0m[2massets/[0m[36museRunWorkflow-TDnFIB6K.js                              [39m[2m[1m    29.39 kB[0m[0m[2m │ gzip:   7.76 kB[0m
[36mn8n-editor-ui:build: [0m[2mdist/[0m[2massets/[0m[36mExecutionsTime-DNPIq2rx.js                              [39m[2m[1m    29.50 kB[0m[0m[2m │ gzip:   5.92 kB[0m
[36mn8n-editor-ui:build: [0m[2mdist/[0m[2massets/[0m[36mSecuritySettings-DVoRZ-xl.js                            [39m[2m[1m    30.33 kB[0m[0m[2m │ gzip:   4.63 kB[0m
[36mn8n-editor-ui:build: [0m[2mdist/[0m[2massets/[0m[36mWorkflowExecutionsPreview-D73pzcoC.js                   [39m[2m[1m    31.42 kB[0m[0m[2m │ gzip:   6.47 kB[0m
[36mn8n-editor-ui:build: [0m[2mdist/[0m[2massets/[0m[36mLogsOverviewRow-D5R7mKhA.js                             [39m[2m[1m    31.91 kB[0m[0m[2m │ gzip:   8.47 kB[0m
[36mn8n-editor-ui:build: [0m[2mdist/[0m[2massets/[0m[36mRunDataTable-IGXeTohi.js                                [39m[2m[1m    32.13 kB[0m[0m[2m │ gzip:   7.73 kB[0m
[36mn8n-editor-ui:build: [0m[2mdist/[0m[2massets/[0m[36mSettingsInstanceAiView-DcbOV__U.js                      [39m[2m[1m    32.59 kB[0m[0m[2m │ gzip:   5.00 kB[0m
[36mn8n-editor-ui:build: [0m[2mdist/[0m[2massets/[0m[36mSettingsUsersView-wySBFZ5Z.js                           [39m[2m[1m    32.69 kB[0m[0m[2m │ gzip:   7.13 kB[0m
[36mn8n-editor-ui:build: [0m[2mdist/[0m[2massets/[0m[36mProjectRoleView-Bjjnikwc.js                             [39m[2m[1m    32.79 kB[0m[0m[2m │ gzip:   6.94 kB[0m
[36mn8n-editor-ui:build: [0m[2mdist/[0m[2massets/[0m[36museNodeHelpers-BY3-NHzu.js                              [39m[2m[1m    33.17 kB[0m[0m[2m │ gzip:   7.63 kB[0m
[36mn8n-editor-ui:build: [0m[2mdist/[0m[2massets/[0m[36mMCPOnboardingModal-D1LQxmlZ.js                          [39m[2m[1m    33.71 kB[0m[0m[2m │ gzip:   8.48 kB[0m
[36mn8n-editor-ui:build: [0m[2mdist/[0m[2massets/[0m[36mWorkflowExecutionsView-nqCLxqRm.js                      [39m[2m[1m    33.85 kB[0m[0m[2m │ gzip:   7.52 kB[0m
[36mn8n-editor-ui:build: [0m[2mdist/[0m[2massets/[0m[36mvue-json-pretty-lbUXkTJi.js                             [39m[2m[1m    35.18 kB[0m[0m[2m │ gzip:  10.03 kB[0m
[36mn8n-editor-ui:build: [0m[2mdist/[0m[2massets/[0m[36mSettingsOpenTelemetryView-CvYzAIfb.js                   [39m[2m[1m    35.33 kB[0m[0m[2m │ gzip:   5.55 kB[0m
[36mn8n-editor-ui:build: [0m[2mdist/[0m[2massets/[0m[36mAppSidebar-DcVhKpxn.js                                  [39m[2m[1m    35.56 kB[0m[0m[2m │ gzip:   8.17 kB[0m
[36mn8n-editor-ui:build: [0m[2mdist/[0m[2massets/[0m[36mAgentEditorModal-DUh4cn4Y.js                            [39m[2m[1m    36.20 kB[0m[0m[2m │ gzip:   8.14 kB[0m
[36mn8n-editor-ui:build: [0m[2mdist/[0m[2massets/[0m[36musePushConnection-uBAAAxBP.js                           [39m[2m[1m    36.40 kB[0m[0m[2m │ gzip:   7.94 kB[0m
[36mn8n-editor-ui:build: [0m[2mdist/[0m[2massets/[0m[36mWorkflowBuilderUnavailableNotice-CBYxHozE.js            [39m[2m[1m    36.60 kB[0m[0m[2m │ gzip:   8.08 kB[0m
[36mn8n-editor-ui:build: [0m[2mdist/[0m[2massets/[0m[36mxml-G7RRZliW.js                                         [39m[2m[1m    38.17 kB[0m[0m[2m │ gzip:   7.98 kB[0m
[36mn8n-editor-ui:build: [0m[2mdist/[0m[2massets/[0m[36mNodeDetailsViewV2-Bmd-LzVr.js                           [39m[2m[1m    38.53 kB[0m[0m[2m │ gzip:   9.22 kB[0m
[36mn8n-editor-ui:build: [0m[2mdist/[0m[2massets/[0m[36mAgentToolConfigModal-Bv2MjiSF.js                        [39m[2m[1m    38.78 kB[0m[0m[2m │ gzip:   7.75 kB[0m
[36mn8n-editor-ui:build: [0m[2mdist/[0m[2massets/[0m[36mTestRunDetailView-Cjxmxnaz.js                           [39m[2m[1m    39.26 kB[0m[0m[2m │ gzip:   8.23 kB[0m
[36mn8n-editor-ui:build: [0m[2mdist/[0m[2massets/[0m[36mreadyToRunWorkflows.store-B388Z5ey.js                   [39m[2m[1m    40.85 kB[0m[0m[2m │ gzip:  10.36 kB[0m
[36mn8n-editor-ui:build: [0m[2mdist/[0m[2massets/[0m[36mCalendarDate-DaCb8yxn.js                                [39m[2m[1m    42.02 kB[0m[0m[2m │ gzip:   8.71 kB[0m
[36mn8n-editor-ui:build: [0m[2mdist/[0m[2massets/[0m[36mNodeDetailsView-Cknj94OI.js                             [39m[2m[1m    43.25 kB[0m[0m[2m │ gzip:   9.72 kB[0m
[36mn8n-editor-ui:build: [0m[2mdist/[0m[2massets/[0m[36mAgentToolsModal-CwDIqw_u.js                             [39m[2m[1m    46.43 kB[0m[0m[2m │ gzip:   9.67 kB[0m
[36mn8n-editor-ui:build: [0m[2mdist/[0m[2massets/[0m[36mExecutionsView-BIDTdjJG.js                              [39m[2m[1m    46.57 kB[0m[0m[2m │ gzip:   9.56 kB[0m
[36mn8n-editor-ui:build: [0m[2mdist/[0m[2massets/[0m[36mWorkflowLayout-BR-z1CL-.js                              [39m[2m[1m    46.80 kB[0m[0m[2m │ gzip:  10.46 kB[0m
[36mn8n-editor-ui:build: [0m[2mdist/[0m[2massets/[0m[36mmerge-Bd4bKMHU.js                                       [39m[2m[1m    47.34 kB[0m[0m[2m │ gzip:   8.99 kB[0m
[36mn8n-editor-ui:build: [0m[2mdist/[0m[2massets/[0m[36mTemplatesSearchView-CgjXvuuN.js                         [39m[2m[1m    47.37 kB[0m[0m[2m │ gzip:  11.38 kB[0m
[36mn8n-editor-ui:build: [0m[2mdist/[0m[2massets/[0m[36mchat.store-CPkFDJ8k.js                                  [39m[2m[1m    49.93 kB[0m[0m[2m │ gzip:  10.84 kB[0m
[36mn8n-editor-ui:build: [0m[2mdist/[0m[2massets/[0m[36mcanvas.eventBus-BCpopVlI.js                             [39m[2m[1m    50.12 kB[0m[0m[2m │ gzip:  12.15 kB[0m
[36mn8n-editor-ui:build: [0m[2mdist/[0m[2massets/[0m[36mSettingsMCPView-BS9Q1Ex9.js                             [39m[2m[1m    51.65 kB[0m[0m[2m │ gzip:   9.92 kB[0m
[36mn8n-editor-ui:build: [0m[2mdist/[0m[2massets/[0m[36msemver-Cq7QdiQ5.js                                      [39m[2m[1m    52.01 kB[0m[0m[2m │ gzip:  10.28 kB[0m
[36mn8n-editor-ui:build: [0m[2mdist/[0m[2massets/[0m[36mupload-DuDoGhKj.js                                      [39m[2m[1m    52.29 kB[0m[0m[2m │ gzip:  12.00 kB[0m
[36mn8n-editor-ui:build: [0m[2mdist/[0m[2massets/[0m[36mget-B_c23hAM.js                                         [39m[2m[1m    55.95 kB[0m[0m[2m │ gzip:  12.74 kB[0m
[36mn8n-editor-ui:build: [0m[2mdist/[0m[2massets/[0m[36mNodeCredentials-BWcFBpX3.js                             [39m[2m[1m    56.41 kB[0m[0m[2m │ gzip:  14.03 kB[0m
[36mn8n-editor-ui:build: [0m[2mdist/[0m[2massets/[0m[36mcore-CN_JHrHp.js                                        [39m[2m[1m    56.70 kB[0m[0m[2m │ gzip:  16.13 kB[0m
[36mn8n-editor-ui:build: [0m[2mdist/[0m[2massets/[0m[36mcore-Dyx5zQy6.js                                        [39m[2m[1m    57.59 kB[0m[0m[2m │ gzip:  14.36 kB[0m
[36mn8n-editor-ui:build: [0m[2mdist/[0m[2massets/[0m[36mChatView-DBbLF4Jp.js                                    [39m[2m[1m    58.98 kB[0m[0m[2m │ gzip:  13.05 kB[0m
[36mn8n-editor-ui:build: [0m[2mdist/[0m[2massets/[0m[36mRunDataJsonActions-CEEQzc-s.js                          [39m[2m[1m    59.49 kB[0m[0m[2m │ gzip:  16.26 kB[0m
[36mn8n-editor-ui:build: [0m[2mdist/[0m[2massets/[0m[36mTriggerPanel-Crbbensc.js                                [39m[2m[1m    60.00 kB[0m[0m[2m │ gzip:  12.74 kB[0m
[36mn8n-editor-ui:build: [0m[2mdist/[0m[2massets/[0m[36mEvaluationsView-BtftOMjK.js                             [39m[2m[1m    65.14 kB[0m[0m[2m │ gzip:  15.08 kB[0m
[36mn8n-editor-ui:build: [0m[2mdist/[0m[2massets/[0m[36minstanceAi.store-DkCXKfTT.js                            [39m[2m[1m    65.18 kB[0m[0m[2m │ gzip:  15.48 kB[0m
[36mn8n-editor-ui:build: [0m[2mdist/[0m[2massets/[0m[36mChatGreetings-BGofRbYp.js                               [39m[2m[1m    65.77 kB[0m[0m[2m │ gzip:  12.55 kB[0m
[36mn8n-editor-ui:build: [0m[2mdist/[0m[2massets/[0m[36musers.store-D0gmYFeF.js                                 [39m[2m[1m    68.29 kB[0m[0m[2m │ gzip:  17.75 kB[0m
[36mn8n-editor-ui:build: [0m[2mdist/[0m[2massets/[0m[36mnode-icons-CeqYbrOz.js                                  [39m[2m[1m    70.46 kB[0m[0m[2m │ gzip:  10.01 kB[0m
[36mn8n-editor-ui:build: [0m[2mdist/[0m[2massets/[0m[36m_virtual_node-popularity-data-DuKVLcUS.js               [39m[2m[1m    71.58 kB[0m[0m[2m │ gzip:  11.94 kB[0m
[36mn8n-editor-ui:build: [0m[2mdist/[0m[2massets/[0m[36mFixedCollectionParameter-C5vRFPTl.js                    [39m[2m[1m    73.83 kB[0m[0m[2m │ gzip:  13.17 kB[0m
[36mn8n-editor-ui:build: [0m[2mdist/[0m[2massets/[0m[36msettings.store-wbdidm_M.js                              [39m[2m[1m    82.63 kB[0m[0m[2m │ gzip:  16.19 kB[0m
[36mn8n-editor-ui:build: [0m[2mdist/[0m[2massets/[0m[36mProjectSettings-CR3JtGlP.js                             [39m[2m[1m    83.83 kB[0m[0m[2m │ gzip:  15.66 kB[0m
[36mn8n-editor-ui:build: [0m[2mdist/[0m[2massets/[0m[36mWorkflowHistory-D5pTjqFW.js                             [39m[2m[1m    85.29 kB[0m[0m[2m │ gzip:  17.07 kB[0m
[36mn8n-editor-ui:build: [0m[2mdist/[0m[2massets/[0m[36mCanvasRunWorkflowButton-BQyebT5m.js                     [39m[2m[1m    85.88 kB[0m[0m[2m │ gzip:  22.21 kB[0m
[36mn8n-editor-ui:build: [0m[2mdist/[0m[2massets/[0m[36mNodeSettings-xCW-ZSAk.js                                [39m[2m[1m    86.53 kB[0m[0m[2m │ gzip:  18.66 kB[0m
[36mn8n-editor-ui:build: [0m[2mdist/[0m[2massets/[0m[36mvuedraggable-BQ-Z6QI_.js                                [39m[2m[1m    89.16 kB[0m[0m[2m │ gzip:  22.50 kB[0m
[36mn8n-editor-ui:build: [0m[2mdist/[0m[2massets/[0m[36mMainHeader-DZdyZ6c4.js                                  [39m[2m[1m    92.74 kB[0m[0m[2m │ gzip:  20.14 kB[0m
[36mn8n-editor-ui:build: [0m[2mdist/[0m[2massets/[0m[36mVirtualSchema-BHISoWRm.js                               [39m[2m[1m    95.13 kB[0m[0m[2m │ gzip:  24.81 kB[0m
[36mn8n-editor-ui:build: [0m[2mdist/[0m[2massets/[0m[36mAgentSessionTimelineView-52yhK9Kc.js                    [39m[2m[1m    96.02 kB[0m[0m[2m │ gzip:  20.23 kB[0m
[36mn8n-editor-ui:build: [0m[2mdist/[0m[2massets/[0m[36mempty-BCH9i2kC.js                                       [39m[2m[1m   100.54 kB[0m[0m[2m │ gzip:  21.45 kB[0m
[36mn8n-editor-ui:build: [0m[2mdist/[0m[2massets/[0m[36mbuilder.store-CQHPX_Zs.js                               [39m[2m[1m   102.85 kB[0m[0m[2m │ gzip:  24.69 kB[0m
[36mn8n-editor-ui:build: [0m[2mdist/[0m[2massets/[0m[36mNodeCreator-BWByPEAk.js                                 [39m[2m[1m   105.40 kB[0m[0m[2m │ gzip:  21.22 kB[0m
[36mn8n-editor-ui:build: [0m[2mdist/[0m[2massets/[0m[36mSettingsSso-DbSBsIIH.js                                 [39m[2m[1m   110.64 kB[0m[0m[2m │ gzip:  20.64 kB[0m
[36mn8n-editor-ui:build: [0m[2mdist/[0m[2massets/[0m[36museCanvasOperations-1diLvNNi.js                         [39m[2m[1m   126.68 kB[0m[0m[2m │ gzip:  28.90 kB[0m
[36mn8n-editor-ui:build: [0m[2mdist/[0m[2massets/[0m[36mexports-Cj01kEB2.js                                     [39m[2m[1m   135.92 kB[0m[0m[2m │ gzip:  36.48 kB[0m
[36mn8n-editor-ui:build: [0m[2mdist/[0m[2massets/[0m[36museWorkflowInitialization-DqbEdR83.js                   [39m[2m[1m   136.07 kB[0m[0m[2m │ gzip:  31.04 kB[0m
[36mn8n-editor-ui:build: [0m[2mdist/[0m[2massets/[0m[36museRootStore-BlyVCQi5.js                                [39m[2m[1m   143.05 kB[0m[0m[2m │ gzip:  39.78 kB[0m
[36mn8n-editor-ui:build: [0m[2mdist/[0m[2massets/[0m[36mexpressions-GFLrUCSY.js                                 [39m[2m[1m   161.59 kB[0m[0m[2m │ gzip:  54.79 kB[0m
[36mn8n-editor-ui:build: [0m[2mdist/[0m[2massets/[0m[36mrouter-BphDP7jM.js                                      [39m[2m[1m   162.23 kB[0m[0m[2m │ gzip:  35.53 kB[0m
[36mn8n-editor-ui:build: [0m[2mdist/[0m[2massets/[0m[36mdate-picker-Ljel9Xkx.js                                 [39m[2m[1m   164.52 kB[0m[0m[2m │ gzip:  32.57 kB[0m
[36mn8n-editor-ui:build: [0m[2mdist/[0m[2massets/[0m[36mtable-PYJwrjjj.js                                       [39m[2m[1m   178.64 kB[0m[0m[2m │ gzip:  40.58 kB[0m
[36mn8n-editor-ui:build: [0m[2mdist/[0m[2massets/[0m[36mWorkflowDiffView-tCtdPJXk.js                            [39m[2m[1m   209.28 kB[0m[0m[2m │ gzip:  53.61 kB[0m
[36mn8n-editor-ui:build: [0m[2mdist/[0m[2massets/[0m[36mSettingsLdapView-C5J83Hse.js                            [39m[2m[1m   230.39 kB[0m[0m[2m │ gzip:  54.12 kB[0m
[36mn8n-editor-ui:build: [0m[2mdist/[0m[2massets/[0m[36mInstanceAiEmptyView-C_I3yqgi.js                         [39m[2m[1m   235.57 kB[0m[0m[2m │ gzip:  65.00 kB[0m
[36mn8n-editor-ui:build: [0m[2mdist/[0m[2massets/[0m[36mWorkflowsView-Cb2PJ8-J.js                               [39m[2m[1m   235.80 kB[0m[0m[2m │ gzip:  47.99 kB[0m
[36mn8n-editor-ui:build: [0m[2mdist/[0m[2massets/[0m[36mNodeView-BgTeUgXW.js                                    [39m[2m[1m   255.41 kB[0m[0m[2m │ gzip:  52.64 kB[0m
[36mn8n-editor-ui:build: [0m[2mdist/[0m[2massets/[0m[36mAgentTaskModal-Dbp0NIUz.js                              [39m[2m[1m   280.32 kB[0m[0m[2m │ gzip:  62.84 kB[0m
[36mn8n-editor-ui:build: [0m[2mdist/[0m[2massets/[0m[36mvue.runtime.esm-bundler-Sv8I0n7h.js                     [39m[2m[1m   282.57 kB[0m[0m[2m │ gzip:  71.02 kB[0m
[36mn8n-editor-ui:build: [0m[2mdist/[0m[2massets/[0m[36mlanguageModules-CkoY--xp.js                             [39m[2m[1m   307.68 kB[0m[0m[2m │ gzip:  84.83 kB[0m
[36mn8n-editor-ui:build: [0m[2mdist/[0m[2massets/[0m[36museImportCurlCommand-D3DAeyte.js                        [39m[2m[1m   324.66 kB[0m[0m[2m │ gzip:  65.10 kB[0m
[36mn8n-editor-ui:build: [0m[2mdist/[0m[2massets/[0m[36mRunData-ES5tYW_Z.js                                     [39m[2m[1m   335.73 kB[0m[0m[2m │ gzip:  71.28 kB[0m
[36mn8n-editor-ui:build: [0m[2mdist/[0m[2massets/[0m[36mchart-DlNHVH43.js                                       [39m[2m[1m   359.05 kB[0m[0m[2m │ gzip:  89.95 kB[0m
[36mn8n-editor-ui:build: [0m[2mdist/[0m[2massets/[0m[36mInstanceAiThreadView-BJrrO9m5.js                        [39m[2m[1m   365.38 kB[0m[0m[2m │ gzip:  73.79 kB[0m
[36mn8n-editor-ui:build: [0m[2mdist/[0m[2massets/[0m[36msanitize-html-Di0tPLvw.js                               [39m[2m[1m   423.45 kB[0m[0m[2m │ gzip: 107.41 kB[0m
[36mn8n-editor-ui:build: [0m[2mdist/[0m[2massets/[0m[36museWorkflowDocumentRenderData-Buq0a-Wo.js               [39m[33m[1m   513.50 kB[0m[39m[2m │ gzip: 116.39 kB[0m
[36mn8n-editor-ui:build: [0m[2mdist/[0m[2massets/[0m[36mAgentBuilderView-DMzBmfO7.js                            [39m[33m[1m   584.15 kB[0m[39m[2m │ gzip: 139.26 kB[0m
[36mn8n-editor-ui:build: [0m[2mdist/[0m[2massets/[0m[36mChatMarkdownChunk-Qk2p5p5K.js                           [39m[33m[1m   620.11 kB[0m[39m[2m │ gzip: 120.23 kB[0m
[36mn8n-editor-ui:build: [0m[2mdist/[0m[2massets/[0m[36mcompact-BcOmWQQq.js                                     [39m[33m[1m   660.38 kB[0m[39m[2m │ gzip:  87.48 kB[0m
[36mn8n-editor-ui:build: [0m[2mdist/[0m[2massets/[0m[36msrc-D4lKZq-x.js                                         [39m[33m[1m   676.17 kB[0m[39m[2m │ gzip: 149.78 kB[0m
[36mn8n-editor-ui:build: [0m[2mdist/[0m[2massets/[0m[36mdist-Bl5soI2R.js                                        [39m[33m[1m   715.53 kB[0m[39m[2m │ gzip: 189.46 kB[0m
[36mn8n-editor-ui:build: [0m[2mdist/[0m[2massets/[0m[36mNDVEmptyState-HjO-OtKj.js                               [39m[33m[1m   737.05 kB[0m[39m[2m │ gzip: 185.35 kB[0m
[36mn8n-editor-ui:build: [0m[2mdist/[0m[2massets/[0m[36mworkflows.store-yjZG-IGi.js                             [39m[33m[1m   806.17 kB[0m[39m[2m │ gzip: 189.68 kB[0m
[36mn8n-editor-ui:build: [0m[2mdist/[0m[2massets/[0m[36mes-Dm1ZtqJS.js                                          [39m[33m[1m 1,216.40 kB[0m[39m[2m │ gzip: 328.44 kB[0m
[36mn8n-editor-ui:build: [0m[2mdist/[0m[2massets/[0m[36mParameterInputList-BVMoDa9Y.js                          [39m[33m[1m 1,243.06 kB[0m[39m[2m │ gzip: 312.03 kB[0m
[36mn8n-editor-ui:build: [0m[2mdist/[0m[2massets/[0m[36mindex-BV-HsenF.js                                       [39m[33m[1m 1,369.61 kB[0m[39m[2m │ gzip: 271.11 kB[0m
[36mn8n-editor-ui:build: [0m[2mdist/[0m[2massets/[0m[36mDataTableTable-CDX5-zmV.js                              [39m[33m[1m 1,608.13 kB[0m[39m[2m │ gzip: 363.28 kB[0m
[36mn8n-editor-ui:build: [0m[2mdist/[0m[2massets/[0m[36mconstants-CZ_I0nuM.js                                   [39m[33m[1m 3,183.07 kB[0m[39m[2m │ gzip: 628.86 kB[0m
[36mn8n-editor-ui:build: [0m[2mdist/[0m[2massets/[0m[36msrc-DPA1TwLl.js                                         [39m[33m[1m 3,456.39 kB[0m[39m[2m │ gzip: 755.50 kB[0m
[36mn8n-editor-ui:build: [0m
[36mn8n-editor-ui:build: [0m[33m[EVAL] Warning:[0m Use of direct `eval` function is strongly discouraged as it poses security risks and may cause issues with minification.
[36mn8n-editor-ui:build: [0m      [38;5;246m╭[0m[38;5;246m─[0m[38;5;246m[[0m ../../../node_modules/.pnpm/web-tree-sitter@0.24.3/node_modules/web-tree-sitter/tree-sitter.js:1195:37 [38;5;246m][0m
[36mn8n-editor-ui:build: [0m      [38;5;246m│[0m
[36mn8n-editor-ui:build: [0m [38;5;246m1195 │[0m [38;5;249m [0m[38;5;249m [0m[38;5;249m [0m[38;5;249m [0m[38;5;249m [0m[38;5;249m [0m[38;5;249m [0m[38;5;249m [0m[38;5;249m [0m[38;5;249m [0m[38;5;249m [0m[38;5;249m [0m[38;5;249m [0m[38;5;249m [0m[38;5;249m [0m[38;5;249m [0m[38;5;249mA[0m[38;5;249mS[0m[38;5;249mM[0m[38;5;249m_[0m[38;5;249mC[0m[38;5;249mO[0m[38;5;249mN[0m[38;5;249mS[0m[38;5;249mT[0m[38;5;249mS[0m[38;5;249m[[0m[38;5;249ms[0m[38;5;249mt[0m[38;5;249ma[0m[38;5;249mr[0m[38;5;249mt[0m[38;5;249m][0m[38;5;249m [0m[38;5;249m=[0m[38;5;249m [0meval[38;5;249m([0m[38;5;249mf[0m[38;5;249mu[0m[38;5;249mn[0m[38;5;249mc[0m[38;5;249m)[0m[38;5;249m;[0m
[36mn8n-editor-ui:build: [0m [38;5;240m     │[0m                                     ──┬─  
[36mn8n-editor-ui:build: [0m [38;5;240m     │[0m                                       ╰─── Use of direct `eval` here.
[36mn8n-editor-ui:build: [0m [38;5;240m     │[0m 
[36mn8n-editor-ui:build: [0m [38;5;240m     │[0m [38;5;115mHelp[0m: Consider using indirect eval. For more information, check the documentation: https://rolldown.rs/guide/troubleshooting#avoiding-direct-eval
[36mn8n-editor-ui:build: [0m[38;5;246m──────╯[0m
[36mn8n-editor-ui:build: [0m
[36mn8n-editor-ui:build: [0m[33m[EVAL] Warning:[0m Use of direct `eval` function is strongly discouraged as it poses security risks and may cause issues with minification.
[36mn8n-editor-ui:build: [0m      [38;5;246m╭[0m[38;5;246m─[0m[38;5;246m[[0m ../../../node_modules/.pnpm/web-tree-sitter@0.24.3/node_modules/web-tree-sitter/tree-sitter.js:1221:39 [38;5;246m][0m
[36mn8n-editor-ui:build: [0m      [38;5;246m│[0m
[36mn8n-editor-ui:build: [0m [38;5;246m1221 │[0m [38;5;249m [0m[38;5;249m [0m[38;5;249m [0m[38;5;249m [0m[38;5;249m [0m[38;5;249m [0m[38;5;249m [0m[38;5;249m [0m[38;5;249m [0m[38;5;249m [0m[38;5;249m [0m[38;5;249m [0m[38;5;249m [0m[38;5;249m [0m[38;5;249m [0m[38;5;249m [0m[38;5;249mm[0m[38;5;249mo[0m[38;5;249md[0m[38;5;249mu[0m[38;5;249ml[0m[38;5;249me[0m[38;5;249mE[0m[38;5;249mx[0m[38;5;249mp[0m[38;5;249mo[0m[38;5;249mr[0m[38;5;249mt[0m[38;5;249ms[0m[38;5;249m[[0m[38;5;249mn[0m[38;5;249ma[0m[38;5;249mm[0m[38;5;249me[0m[38;5;249m][0m[38;5;249m [0m[38;5;249m=[0m[38;5;249m [0meval[38;5;249m([0m[38;5;249mf[0m[38;5;249mu[0m[38;5;249mn[0m[38;5;249mc[0m[38;5;249m)[0m[38;5;249m;[0m
[36mn8n-editor-ui:build: [0m [38;5;240m     │[0m                                       ──┬─  
[36mn8n-editor-ui:build: [0m [38;5;240m     │[0m                                         ╰─── Use of direct `eval` here.
[36mn8n-editor-ui:build: [0m [38;5;240m     │[0m 
[36mn8n-editor-ui:build: [0m [38;5;240m     │[0m [38;5;115mHelp[0m: Consider using indirect eval. For more information, check the documentation: https://rolldown.rs/guide/troubleshooting#avoiding-direct-eval
[36mn8n-editor-ui:build: [0m[38;5;246m──────╯[0m
[36mn8n-editor-ui:build: [0m
[36mn8n-editor-ui:build: [0m[33m[INEFFECTIVE_DYNAMIC_IMPORT] Warning:[0m src/features/ndv/parameters/components/Collection/CollectionParameter.vue is dynamically imported by src/features/ndv/parameters/components/ParameterInputList.vue?vue&type=script&setup=true&lang.ts but also statically imported by src/features/ndv/parameters/components/MultipleParameter.vue?vue&type=script&setup=true&lang.ts, dynamic import will not move module into another chunk.
[36mn8n-editor-ui:build: [0m
[36mn8n-editor-ui:build: [0m✓ built in 9.17s
[35mn8n:build: [0mcache miss, executing [2mba67b1a391e23c7a[0m
[35mn8n:build: [0m(node:82730) Warning: The 'NO_COLOR' env is ignored due to the 'FORCE_COLOR' env being set.
[35mn8n:build: [0m(Use `node --trace-warnings ...` to show where the warning was created)
[35mn8n:build: [0m
[35mn8n:build: [0m> n8n@2.26.0 build /Users/baivab/Workspace/Personal/n8n_forked/n8n/packages/cli
[35mn8n:build: [0m> tsc -p tsconfig.build.json && tsc-alias -p tsconfig.build.json && pnpm run build:data && pnpm run build:agent-library
[35mn8n:build: [0m
[35mn8n:build: [0m(node:82858) Warning: The 'NO_COLOR' env is ignored due to the 'FORCE_COLOR' env being set.
[35mn8n:build: [0m(Use `node --trace-warnings ...` to show where the warning was created)
[35mn8n:build: [0m../@n8n/tournament                       | [43m[30m WARN [39m[49m The field "pnpm.overrides" was found in /Users/baivab/Workspace/Personal/n8n_forked/n8n/packages/@n8n/tournament/package.json. This will not take effect. You should configure "pnpm.overrides" at the root of the workspace instead.
[35mn8n:build: [0m
[35mn8n:build: [0m> n8n@2.26.0 build:data /Users/baivab/Workspace/Personal/n8n_forked/n8n/packages/cli
[35mn8n:build: [0m> node scripts/build.mjs
[35mn8n:build: [0m
[35mn8n:build: [0m(node:82890) Warning: The 'NO_COLOR' env is ignored due to the 'FORCE_COLOR' env being set.
[35mn8n:build: [0m(Use `node --trace-warnings ...` to show where the warning was created)
[35mn8n:build: [0m../@n8n/tournament                       | [43m[30m WARN [39m[49m The field "pnpm.overrides" was found in /Users/baivab/Workspace/Personal/n8n_forked/n8n/packages/@n8n/tournament/package.json. This will not take effect. You should configure "pnpm.overrides" at the root of the workspace instead.
[35mn8n:build: [0m../@n8n/tournament                       | [43m[30m WARN [39m[49m The field "pnpm.overrides" was found in /Users/baivab/Workspace/Personal/n8n_forked/n8n/packages/@n8n/tournament/package.json. This will not take effect. You should configure "pnpm.overrides" at the root of the workspace instead.
[35mn8n:build: [0m(node:82902) Warning: The 'NO_COLOR' env is ignored due to the 'FORCE_COLOR' env being set.
[35mn8n:build: [0m(Use `node --trace-warnings ...` to show where the warning was created)
[35mn8n:build: [0m(node:82915) Warning: The 'NO_COLOR' env is ignored due to the 'FORCE_COLOR' env being set.
[35mn8n:build: [0m(Use `node --trace-warnings ...` to show where the warning was created)
[35mn8n:build: [0m../@n8n/tournament                       | [43m[30m WARN [39m[49m The field "pnpm.overrides" was found in /Users/baivab/Workspace/Personal/n8n_forked/n8n/packages/@n8n/tournament/package.json. This will not take effect. You should configure "pnpm.overrides" at the root of the workspace instead.
[35mn8n:build: [0m../@n8n/tournament                       | [43m[30m WARN [39m[49m The field "pnpm.overrides" was found in /Users/baivab/Workspace/Personal/n8n_forked/n8n/packages/@n8n/tournament/package.json. This will not take effect. You should configure "pnpm.overrides" at the root of the workspace instead.
[35mn8n:build: [0m(node:82939) Warning: The 'NO_COLOR' env is ignored due to the 'FORCE_COLOR' env being set.
[35mn8n:build: [0m(Use `node --trace-warnings ...` to show where the warning was created)
[35mn8n:build: [0m(node:82949) Warning: The 'NO_COLOR' env is ignored due to the 'FORCE_COLOR' env being set.
[35mn8n:build: [0m(Use `node --trace-warnings ...` to show where the warning was created)
[35mn8n:build: [0m../@n8n/tournament                       | [43m[30m WARN [39m[49m The field "pnpm.overrides" was found in /Users/baivab/Workspace/Personal/n8n_forked/n8n/packages/@n8n/tournament/package.json. This will not take effect. You should configure "pnpm.overrides" at the root of the workspace instead.
[35mn8n:build: [0m../@n8n/tournament                       | [43m[30m WARN [39m[49m The field "pnpm.overrides" was found in /Users/baivab/Workspace/Personal/n8n_forked/n8n/packages/@n8n/tournament/package.json. This will not take effect. You should configure "pnpm.overrides" at the root of the workspace instead.
[35mn8n:build: [0m(node:82963) Warning: The 'NO_COLOR' env is ignored due to the 'FORCE_COLOR' env being set.
[35mn8n:build: [0m(Use `node --trace-warnings ...` to show where the warning was created)
[35mn8n:build: [0m(node:83024) Warning: The 'NO_COLOR' env is ignored due to the 'FORCE_COLOR' env being set.
[35mn8n:build: [0m(Use `node --trace-warnings ...` to show where the warning was created)
[35mn8n:build: [0m../@n8n/tournament                       | [43m[30m WARN [39m[49m The field "pnpm.overrides" was found in /Users/baivab/Workspace/Personal/n8n_forked/n8n/packages/@n8n/tournament/package.json. This will not take effect. You should configure "pnpm.overrides" at the root of the workspace instead.
[35mn8n:build: [0m../@n8n/tournament                       | [43m[30m WARN [39m[49m The field "pnpm.overrides" was found in /Users/baivab/Workspace/Personal/n8n_forked/n8n/packages/@n8n/tournament/package.json. This will not take effect. You should configure "pnpm.overrides" at the root of the workspace instead.
[35mn8n:build: [0m(node:83032) Warning: The 'NO_COLOR' env is ignored due to the 'FORCE_COLOR' env being set.
[35mn8n:build: [0m(Use `node --trace-warnings ...` to show where the warning was created)
[35mn8n:build: [0m(node:83040) Warning: The 'NO_COLOR' env is ignored due to the 'FORCE_COLOR' env being set.
[35mn8n:build: [0m(Use `node --trace-warnings ...` to show where the warning was created)
[35mn8n:build: [0m../@n8n/tournament                       | [43m[30m WARN [39m[49m The field "pnpm.overrides" was found in /Users/baivab/Workspace/Personal/n8n_forked/n8n/packages/@n8n/tournament/package.json. This will not take effect. You should configure "pnpm.overrides" at the root of the workspace instead.
[35mn8n:build: [0m../@n8n/tournament                       | [43m[30m WARN [39m[49m The field "pnpm.overrides" was found in /Users/baivab/Workspace/Personal/n8n_forked/n8n/packages/@n8n/tournament/package.json. This will not take effect. You should configure "pnpm.overrides" at the root of the workspace instead.
[35mn8n:build: [0m(node:83049) Warning: The 'NO_COLOR' env is ignored due to the 'FORCE_COLOR' env being set.
[35mn8n:build: [0m(Use `node --trace-warnings ...` to show where the warning was created)
[35mn8n:build: [0m(node:83062) Warning: The 'NO_COLOR' env is ignored due to the 'FORCE_COLOR' env being set.
[35mn8n:build: [0m(Use `node --trace-warnings ...` to show where the warning was created)
[35mn8n:build: [0m../@n8n/tournament                       | [43m[30m WARN [39m[49m The field "pnpm.overrides" was found in /Users/baivab/Workspace/Personal/n8n_forked/n8n/packages/@n8n/tournament/package.json. This will not take effect. You should configure "pnpm.overrides" at the root of the workspace instead.
[35mn8n:build: [0m../@n8n/tournament                       | [43m[30m WARN [39m[49m The field "pnpm.overrides" was found in /Users/baivab/Workspace/Personal/n8n_forked/n8n/packages/@n8n/tournament/package.json. This will not take effect. You should configure "pnpm.overrides" at the root of the workspace instead.
[35mn8n:build: [0m(node:83069) Warning: The 'NO_COLOR' env is ignored due to the 'FORCE_COLOR' env being set.
[35mn8n:build: [0m(Use `node --trace-warnings ...` to show where the warning was created)
[35mn8n:build: [0m(node:83076) Warning: The 'NO_COLOR' env is ignored due to the 'FORCE_COLOR' env being set.
[35mn8n:build: [0m(Use `node --trace-warnings ...` to show where the warning was created)
[35mn8n:build: [0m../@n8n/tournament                       | [43m[30m WARN [39m[49m The field "pnpm.overrides" was found in /Users/baivab/Workspace/Personal/n8n_forked/n8n/packages/@n8n/tournament/package.json. This will not take effect. You should configure "pnpm.overrides" at the root of the workspace instead.
[35mn8n:build: [0m../@n8n/tournament                       | [43m[30m WARN [39m[49m The field "pnpm.overrides" was found in /Users/baivab/Workspace/Personal/n8n_forked/n8n/packages/@n8n/tournament/package.json. This will not take effect. You should configure "pnpm.overrides" at the root of the workspace instead.
[35mn8n:build: [0m(node:83082) Warning: The 'NO_COLOR' env is ignored due to the 'FORCE_COLOR' env being set.
[35mn8n:build: [0m(Use `node --trace-warnings ...` to show where the warning was created)
[35mn8n:build: [0m(node:83091) Warning: The 'NO_COLOR' env is ignored due to the 'FORCE_COLOR' env being set.
[35mn8n:build: [0m(Use `node --trace-warnings ...` to show where the warning was created)
[35mn8n:build: [0m../@n8n/tournament                       | [43m[30m WARN [39m[49m The field "pnpm.overrides" was found in /Users/baivab/Workspace/Personal/n8n_forked/n8n/packages/@n8n/tournament/package.json. This will not take effect. You should configure "pnpm.overrides" at the root of the workspace instead.
[35mn8n:build: [0m../@n8n/tournament                       | [43m[30m WARN [39m[49m The field "pnpm.overrides" was found in /Users/baivab/Workspace/Personal/n8n_forked/n8n/packages/@n8n/tournament/package.json. This will not take effect. You should configure "pnpm.overrides" at the root of the workspace instead.
[35mn8n:build: [0m(node:83097) Warning: The 'NO_COLOR' env is ignored due to the 'FORCE_COLOR' env being set.
[35mn8n:build: [0m(Use `node --trace-warnings ...` to show where the warning was created)
[35mn8n:build: [0m(node:82888) Warning: The 'NO_COLOR' env is ignored due to the 'FORCE_COLOR' env being set.
[35mn8n:build: [0m(Use `node --trace-warnings ...` to show where the warning was created)
[35mn8n:build: [0m(node:83131) Warning: The 'NO_COLOR' env is ignored due to the 'FORCE_COLOR' env being set.
[35mn8n:build: [0m(Use `node --trace-warnings ...` to show where the warning was created)
[35mn8n:build: [0m../@n8n/tournament                       | [43m[30m WARN [39m[49m The field "pnpm.overrides" was found in /Users/baivab/Workspace/Personal/n8n_forked/n8n/packages/@n8n/tournament/package.json. This will not take effect. You should configure "pnpm.overrides" at the root of the workspace instead.
[35mn8n:build: [0m
[35mn8n:build: [0m> n8n@2.26.0 build:agent-library /Users/baivab/Workspace/Personal/n8n_forked/n8n/packages/cli
[35mn8n:build: [0m> node scripts/bundle-agent-library.mjs
[35mn8n:build: [0m
[35mn8n:build: [0m[bundle-agent-library] Wrote dist/agent-library-bundle.js — 220.2 KB (0.22 MB)

[1m  Tasks:    [32m[1m62 successful[0m, 62 total[0m
[1m Cached:    [1m0 cached[0m, 62 total[0m
[1m   Time:    [1m1m18.408s[0m [0m
[1mSummary:    /Users/baivab/Workspace/Personal/n8n_forked/n8n/.turbo/runs/3F9bJ4zcYGqSnVmih6U2TY4icEF.json[0m

✅ pnpm install and build completed
✅ Package build completed in 1m 21s
-----------------------------------------------
INFO: Performing pre-deploy cleanup on package.json files...
$ cd /Users/baivab/Workspace/Personal/n8n_forked/n8n && find . -name "package.json" -not -path "./node_modules/*" -not -path "*/node_modules/*" -not -path "./compiled/*" -type f
./package.json
./packages/core/package.json
./packages/frontend/editor-ui/package.json
./packages/frontend/@n8n/storybook/package.json
./packages/frontend/@n8n/composables/package.json
./packages/frontend/@n8n/chat/package.json
./packages/frontend/@n8n/stores/package.json
./packages/frontend/@n8n/rest-api-client/package.json
./packages/frontend/@n8n/i18n/package.json
./packages/frontend/@n8n/design-system/package.json
./packages/cli/package.json
./packages/extensions/insights/package.json
./packages/nodes-base/package.json
./packages/testing/rules-engine/package.json
./packages/testing/test-impact/package.json
./packages/testing/playwright/package.json
./packages/testing/janitor/package.json
./packages/testing/code-health/package.json
./packages/testing/containers/package.json
./packages/testing/performance/package.json
./packages/workflow/package.json
./packages/@n8n/benchmark/package.json
./packages/@n8n/backend-test-utils/package.json
./packages/@n8n/crdt/package.json
./packages/@n8n/backend-common/package.json
./packages/@n8n/di/package.json
./packages/@n8n/imap/package.json
./packages/@n8n/ai-utilities/package.json
./packages/@n8n/config/package.json
./packages/@n8n/decorators/package.json
./packages/@n8n/nodes-langchain/package.json
./packages/@n8n/codemirror-lang-html/package.json
./packages/@n8n/constants/package.json
./packages/@n8n/ai-workflow-builder.ee/package.json
./packages/@n8n/tournament/package.json
./packages/@n8n/node-cli/dist/template/templates/programmatic/example/template/package.json
./packages/@n8n/node-cli/dist/template/templates/programmatic/ai/memory-custom/template/package.json
./packages/@n8n/node-cli/dist/template/templates/programmatic/ai/model-openai-compatible/template/package.json
./packages/@n8n/node-cli/dist/template/templates/programmatic/ai/model-ai-custom-example/template/package.json
./packages/@n8n/node-cli/dist/template/templates/programmatic/ai/model-ai-custom/template/package.json
./packages/@n8n/node-cli/dist/template/templates/declarative/github-issues/template/package.json
./packages/@n8n/node-cli/dist/template/templates/declarative/custom/template/package.json
./packages/@n8n/node-cli/package.json
./packages/@n8n/node-cli/src/template/templates/programmatic/example/template/package.json
./packages/@n8n/node-cli/src/template/templates/programmatic/ai/memory-custom/template/package.json
./packages/@n8n/node-cli/src/template/templates/programmatic/ai/model-openai-compatible/template/package.json
./packages/@n8n/node-cli/src/template/templates/programmatic/ai/model-ai-custom-example/template/package.json
./packages/@n8n/node-cli/src/template/templates/programmatic/ai/model-ai-custom/template/package.json
./packages/@n8n/node-cli/src/template/templates/declarative/github-issues/template/package.json
./packages/@n8n/node-cli/src/template/templates/declarative/custom/template/package.json
./packages/@n8n/syslog-client/package.json
./packages/@n8n/vitest-config/package.json
./packages/@n8n/agents/package.json
./packages/@n8n/scan-community-package/package.json
./packages/@n8n/json-schema-to-zod/dist/esm/package.json
./packages/@n8n/json-schema-to-zod/dist/cjs/package.json
./packages/@n8n/json-schema-to-zod/package.json
./packages/@n8n/codemirror-lang-sql/package.json
./packages/@n8n/utils/package.json
./packages/@n8n/cli/package.json
./packages/@n8n/permissions/package.json
./packages/@n8n/eslint-plugin-community-nodes/package.json
./packages/@n8n/stylelint-config/package.json
./packages/@n8n/expression-runtime/package.json
./packages/@n8n/chat-hub/package.json
./packages/@n8n/mcp-apps/package.json
./packages/@n8n/ai-node-sdk/package.json
./packages/@n8n/eslint-config/package.json
./packages/@n8n/task-runner/package.json
./packages/@n8n/codemirror-lang/package.json
./packages/@n8n/api-types/package.json
./packages/@n8n/mcp-browser/package.json
./packages/@n8n/client-oauth2/package.json
./packages/@n8n/db/package.json
./packages/@n8n/typescript-config/package.json
./packages/@n8n/create-node/package.json
./packages/@n8n/errors/package.json
./packages/@n8n/computer-use/package.json
./packages/@n8n/workflow-sdk/package.json
./packages/@n8n/engine/package.json
./packages/@n8n/extension-sdk/package.json
./packages/@n8n/backend-network/package.json
./packages/@n8n/instance-ai/package.json
./packages/@n8n/mcp-browser-extension/package.json
./packages/@n8n/local-gateway/package.json
./packages/node-dev/package.json
$ cd /Users/baivab/Workspace/Personal/n8n_forked/n8n && node .github/scripts/trim-fe-packageJson.js
INFO: Performing selective patch cleanup...
✅ Kept backend patches: pdfjs-dist, pkce-challenge, bull
Removed FE/dev patches that are not in the list of backend patches to keep: pdfjs-dist, pkce-challenge, bull
INFO: Creating pruned production deployment in '/Users/baivab/Workspace/Personal/n8n_forked/n8n/compiled'...
$ cd /Users/baivab/Workspace/Personal/n8n_forked/n8n && NODE_ENV=production DOCKER_BUILD=true pnpm --config.strict-peer-dependencies=false --filter=n8n --prod --legacy deploy --no-optional ./compiled
(node:83237) Warning: The 'NO_COLOR' env is ignored due to the 'FORCE_COLOR' env being set.
(Use `node --trace-warnings ...` to show where the warning was created)
packages/@n8n/tournament                 | [43m[30m WARN [39m[49m The field "pnpm.overrides" was found in /Users/baivab/Workspace/Personal/n8n_forked/n8n/packages/@n8n/tournament/package.json. This will not take effect. You should configure "pnpm.overrides" at the root of the workspace instead.
[43m[30m WARN [39m[49m Shared workspace lockfile detected but configuration forces legacy deploy implementation.
(node:83237) Warning: The 'NO_COLOR' env is ignored due to the 'FORCE_COLOR' env being set.
(Use `node --trace-warnings ...` to show where the warning was created)
(node:83237) Warning: The 'NO_COLOR' env is ignored due to the 'FORCE_COLOR' env being set.
(Use `node --trace-warnings ...` to show where the warning was created)
(node:83237) Warning: The 'NO_COLOR' env is ignored due to the 'FORCE_COLOR' env being set.
(Use `node --trace-warnings ...` to show where the warning was created)
(node:83237) Warning: The 'NO_COLOR' env is ignored due to the 'FORCE_COLOR' env being set.
(Use `node --trace-warnings ...` to show where the warning was created)
(node:83237) Warning: The 'NO_COLOR' env is ignored due to the 'FORCE_COLOR' env being set.
(Use `node --trace-warnings ...` to show where the warning was created)
(node:83237) Warning: The 'NO_COLOR' env is ignored due to the 'FORCE_COLOR' env being set.
(Use `node --trace-warnings ...` to show where the warning was created)
(node:83237) Warning: The 'NO_COLOR' env is ignored due to the 'FORCE_COLOR' env being set.
(Use `node --trace-warnings ...` to show where the warning was created)
(node:83237) Warning: The 'NO_COLOR' env is ignored due to the 'FORCE_COLOR' env being set.
(Use `node --trace-warnings ...` to show where the warning was created)
(node:83237) Warning: The 'NO_COLOR' env is ignored due to the 'FORCE_COLOR' env being set.
(Use `node --trace-warnings ...` to show where the warning was created)
packages/cli                             | [43m[30m WARN [39m[49m [31mdeprecated[39m @types/uuid@11.0.0
.                                        | [43m[30m WARN [39m[49m [31mdeprecated[39m supertest@7.1.1
packages/testing/janitor                 | [43m[30m WARN [39m[49m [31mdeprecated[39m glob@10.5.0
packages/nodes-base                      | [43m[30m WARN [39m[49m [31mdeprecated[39m gm@1.25.1
packages/@n8n/nodes-langchain            | [43m[30m WARN [39m[49m [31mdeprecated[39m @xata.io/client@0.28.4
packages/@n8n/ai-utilities               | [43m[30m WARN [39m[49m [31mdeprecated[39m @langchain/community@1.1.27
[43m[30m WARN [39m[49m [31m28 deprecated subdependencies found:[39m @aws-sdk/middleware-websocket@3.936.0, @aws-sdk/protocol-http@3.374.0, @aws-sdk/signature-v4@3.374.0, @npmcli/move-file@1.1.2, @otplib/plugin-crypto@12.0.1, @otplib/plugin-thirty-two@12.0.1, @otplib/preset-default@12.0.1, abab@2.0.6, are-we-there-yet@3.0.1, boolean@3.2.0, domexception@4.0.0, gauge@4.0.4, glob@11.1.0, glob@7.2.3, glob@8.1.0, inflight@1.0.6, lodash.get@4.4.2, node-domexception@1.0.0, npmlog@6.0.2, prebuild-install@7.1.3, q@2.0.3, rimraf@2.6.3, rimraf@3.0.2, sourcemap-codec@1.4.8, superagent@10.2.1, whatwg-encoding@2.0.0, whatwg-encoding@3.1.1, yaeti@0.0.6
[43m[30m WARN [39m[49m Issues with peer dependencies found
[0mpackages/@n8n/agents[0m
├─┬ vitest [90m4.1.1[39m
│ ├── [31m✕ missing peer[39m vite@"^6.0.0 || ^7.0.0 || ^8.0.0"
│ └─┬ @vitest/mocker [90m4.1.1[39m
│   └── [31m✕ missing peer[39m vite@"^6.0.0 || ^7.0.0 || ^8.0.0"
├─┬ @n8n/vitest-config [90m1.14.0[39m
│ └── [31m✕ missing peer[39m vite@catalog:
├─┬ @browserbasehq/stagehand [90m1.14.0[39m
│ ├── [93m✕ unmet peer[39m dotenv@^16.4.5: found 17.4.2
│ └── [93m✕ unmet peer[39m openai@^4.62.1: found 6.34.0
└─┬ @n8n/ai-utilities [90m0.19.0[39m
  └─┬ @langchain/community [90m1.1.27[39m
    └── [93m✕ unmet peer[39m @aws-sdk/client-s3@^3.1001.0: found 3.808.0
[31m✕ Conflicting peer dependencies:[39m
[31m  vite[39m

[0mpackages/@n8n/ai-node-sdk[0m
├─┬ vitest [90m4.1.1[39m
│ ├── [31m✕ missing peer[39m vite@"^6.0.0 || ^7.0.0 || ^8.0.0"
│ └─┬ @vitest/mocker [90m4.1.1[39m
│   └── [31m✕ missing peer[39m vite@"^6.0.0 || ^7.0.0 || ^8.0.0"
├─┬ @n8n/vitest-config [90m1.14.0[39m
│ └── [31m✕ missing peer[39m vite@catalog:
└─┬ @browserbasehq/stagehand [90m1.14.0[39m
  ├── [93m✕ unmet peer[39m dotenv@^16.4.5: found 17.4.2
  └── [93m✕ unmet peer[39m openai@^4.62.1: found 6.34.0
[31m✕ Conflicting peer dependencies:[39m
[31m  vite[39m

[0mpackages/@n8n/ai-utilities[0m
├─┬ vitest [90m4.1.1[39m
│ ├── [31m✕ missing peer[39m vite@"^6.0.0 || ^7.0.0 || ^8.0.0"
│ └─┬ @vitest/mocker [90m4.1.1[39m
│   └── [31m✕ missing peer[39m vite@"^6.0.0 || ^7.0.0 || ^8.0.0"
├─┬ @n8n/vitest-config [90m1.14.0[39m
│ └── [31m✕ missing peer[39m vite@catalog:
├─┬ @browserbasehq/stagehand [90m1.14.0[39m
│ ├── [93m✕ unmet peer[39m dotenv@^16.4.5: found 17.4.2
│ └── [93m✕ unmet peer[39m openai@^4.62.1: found 6.34.0
└─┬ @getzep/zep-cloud [90m1.0.6[39m
  ├── [93m✕ unmet peer[39m @langchain/core@~0.1.29: found 1.1.41
  └── [93m✕ unmet peer[39m langchain@~0.1.19: found 1.2.30
[31m✕ Conflicting peer dependencies:[39m
[31m  vite[39m

[0mpackages/@n8n/ai-workflow-builder.ee[0m
├─┬ vitest [90m4.1.1[39m
│ └── [31m✕ missing peer[39m vite@"^6.0.0 || ^7.0.0 || ^8.0.0"
├─┬ @n8n/vitest-config [90m1.14.0[39m
│ └── [31m✕ missing peer[39m vite@catalog:
├─┬ @browserbasehq/stagehand [90m1.14.0[39m
│ ├── [93m✕ unmet peer[39m dotenv@^16.4.5: found 17.4.2
│ └── [93m✕ unmet peer[39m openai@^4.62.1: found 6.34.0
└─┬ @getzep/zep-cloud [90m1.0.6[39m
  ├── [93m✕ unmet peer[39m @langchain/core@~0.1.29: found 1.1.41
  └── [93m✕ unmet peer[39m langchain@~0.1.19: found 1.2.30
[31m✕ Conflicting peer dependencies:[39m
[31m  vite[39m

[0mpackages/@n8n/api-types[0m
├─┬ vitest [90m4.1.1[39m
│ ├── [31m✕ missing peer[39m vite@"^6.0.0 || ^7.0.0 || ^8.0.0"
│ └─┬ @vitest/mocker [90m4.1.1[39m
│   └── [31m✕ missing peer[39m vite@"^6.0.0 || ^7.0.0 || ^8.0.0"
└─┬ @n8n/vitest-config [90m1.14.0[39m
  └── [31m✕ missing peer[39m vite@catalog:
[31m✕ Conflicting peer dependencies:[39m
[31m  vite[39m

[0mpackages/@n8n/backend-common[0m
├─┬ vitest [90m4.1.1[39m
│ ├── [31m✕ missing peer[39m vite@"^6.0.0 || ^7.0.0 || ^8.0.0"
│ └─┬ @vitest/mocker [90m4.1.1[39m
│   └── [31m✕ missing peer[39m vite@"^6.0.0 || ^7.0.0 || ^8.0.0"
└─┬ @n8n/vitest-config [90m1.14.0[39m
  └── [31m✕ missing peer[39m vite@catalog:
[31m✕ Conflicting peer dependencies:[39m
[31m  vite[39m

[0mpackages/@n8n/backend-network[0m
├─┬ vitest [90m4.1.1[39m
│ ├── [31m✕ missing peer[39m vite@"^6.0.0 || ^7.0.0 || ^8.0.0"
│ └─┬ @vitest/mocker [90m4.1.1[39m
│   └── [31m✕ missing peer[39m vite@"^6.0.0 || ^7.0.0 || ^8.0.0"
└─┬ @n8n/vitest-config [90m1.14.0[39m
  └── [31m✕ missing peer[39m vite@catalog:
[31m✕ Conflicting peer dependencies:[39m
[31m  vite[39m

[0mpackages/@n8n/chat-hub[0m
├─┬ vitest [90m4.1.1[39m
│ ├── [31m✕ missing peer[39m vite@"^6.0.0 || ^7.0.0 || ^8.0.0"
│ └─┬ @vitest/mocker [90m4.1.1[39m
│   └── [31m✕ missing peer[39m vite@"^6.0.0 || ^7.0.0 || ^8.0.0"
└─┬ @n8n/vitest-config [90m1.14.0[39m
  └── [31m✕ missing peer[39m vite@catalog:
[31m✕ Conflicting peer dependencies:[39m
[31m  vite[39m

[0mpackages/@n8n/cli[0m
├─┬ vitest [90m4.1.1[39m
│ ├── [31m✕ missing peer[39m vite@"^6.0.0 || ^7.0.0 || ^8.0.0"
│ └─┬ @vitest/mocker [90m4.1.1[39m
│   └── [31m✕ missing peer[39m vite@"^6.0.0 || ^7.0.0 || ^8.0.0"
└─┬ @n8n/vitest-config [90m1.14.0[39m
  └── [31m✕ missing peer[39m vite@catalog:
[31m✕ Conflicting peer dependencies:[39m
[31m  vite[39m

[0mpackages/@n8n/client-oauth2[0m
├─┬ vitest [90m4.1.1[39m
│ ├── [31m✕ missing peer[39m vite@"^6.0.0 || ^7.0.0 || ^8.0.0"
│ └─┬ @vitest/mocker [90m4.1.1[39m
│   └── [31m✕ missing peer[39m vite@"^6.0.0 || ^7.0.0 || ^8.0.0"
└─┬ @n8n/vitest-config [90m1.14.0[39m
  └── [31m✕ missing peer[39m vite@catalog:
[31m✕ Conflicting peer dependencies:[39m
[31m  vite[39m

[0mpackages/@n8n/codemirror-lang[0m
├─┬ vitest [90m4.1.1[39m
│ ├── [31m✕ missing peer[39m vite@"^6.0.0 || ^7.0.0 || ^8.0.0"
│ └─┬ @vitest/mocker [90m4.1.1[39m
│   └── [31m✕ missing peer[39m vite@"^6.0.0 || ^7.0.0 || ^8.0.0"
└─┬ @n8n/vitest-config [90m1.14.0[39m
  └── [31m✕ missing peer[39m vite@catalog:
[31m✕ Conflicting peer dependencies:[39m
[31m  vite[39m

[0mpackages/@n8n/codemirror-lang-html[0m
├─┬ vitest [90m4.1.1[39m
│ ├── [31m✕ missing peer[39m vite@"^6.0.0 || ^7.0.0 || ^8.0.0"
│ └─┬ @vitest/mocker [90m4.1.1[39m
│   └── [31m✕ missing peer[39m vite@"^6.0.0 || ^7.0.0 || ^8.0.0"
└─┬ @n8n/vitest-config [90m1.14.0[39m
  └── [31m✕ missing peer[39m vite@catalog:
[31m✕ Conflicting peer dependencies:[39m
[31m  vite[39m

[0mpackages/@n8n/codemirror-lang-sql[0m
├─┬ vitest [90m4.1.1[39m
│ ├── [31m✕ missing peer[39m vite@"^6.0.0 || ^7.0.0 || ^8.0.0"
│ └─┬ @vitest/mocker [90m4.1.1[39m
│   └── [31m✕ missing peer[39m vite@"^6.0.0 || ^7.0.0 || ^8.0.0"
├─┬ @n8n/vitest-config [90m1.14.0[39m
│ └── [31m✕ missing peer[39m vite@catalog:
└─┬ @n8n/codemirror-lang [90m0.7.0[39m
  ├── [93m✕ unmet peer[39m @codemirror/language@catalog:: found 6.12.1
  ├── [93m✕ unmet peer[39m @lezer/highlight@catalog:: found 1.2.3
  └── [93m✕ unmet peer[39m @lezer/lr@catalog:: found 1.4.5
[31m✕ Conflicting peer dependencies:[39m
[31m  vite[39m

[0mpackages/@n8n/computer-use[0m
├─┬ vitest [90m4.1.1[39m
│ ├── [31m✕ missing peer[39m vite@"^6.0.0 || ^7.0.0 || ^8.0.0"
│ └─┬ @vitest/mocker [90m4.1.1[39m
│   └── [31m✕ missing peer[39m vite@"^6.0.0 || ^7.0.0 || ^8.0.0"
└─┬ @n8n/vitest-config [90m1.14.0[39m
  └── [31m✕ missing peer[39m vite@catalog:
[31m✕ Conflicting peer dependencies:[39m
[31m  vite[39m

[0mpackages/@n8n/config[0m
├─┬ vitest [90m4.1.1[39m
│ ├── [31m✕ missing peer[39m vite@"^6.0.0 || ^7.0.0 || ^8.0.0"
│ └─┬ @vitest/mocker [90m4.1.1[39m
│   └── [31m✕ missing peer[39m vite@"^6.0.0 || ^7.0.0 || ^8.0.0"
└─┬ @n8n/vitest-config [90m1.14.0[39m
  └── [31m✕ missing peer[39m vite@catalog:
[31m✕ Conflicting peer dependencies:[39m
[31m  vite[39m

[0mpackages/@n8n/crdt[0m
├─┬ vitest [90m4.1.1[39m
│ ├── [31m✕ missing peer[39m vite@"^6.0.0 || ^7.0.0 || ^8.0.0"
│ └─┬ @vitest/mocker [90m4.1.1[39m
│   └── [31m✕ missing peer[39m vite@"^6.0.0 || ^7.0.0 || ^8.0.0"
└─┬ @n8n/vitest-config [90m1.14.0[39m
  └── [31m✕ missing peer[39m vite@catalog:
[31m✕ Conflicting peer dependencies:[39m
[31m  vite[39m

[0mpackages/@n8n/create-node[0m
└─┬ @n8n/node-cli [90m0.35.0[39m
  └─┬ @n8n/ai-node-sdk [90m0.16.0[39m
    └─┬ @n8n/ai-utilities [90m0.19.0[39m
      ├─┬ @langchain/core [90m1.1.41[39m
      │ └─┬ langsmith [90m0.6.0[39m
      │   └── [31m✕ missing peer[39m openai@"*"
      ├─┬ langchain [90m1.2.30[39m
      │ └─┬ langsmith [90m0.6.0[39m
      │   └── [31m✕ missing peer[39m openai@"*"
      ├─┬ @langchain/classic [90m1.0.27[39m
      │ └─┬ langsmith [90m0.6.0[39m
      │   └── [31m✕ missing peer[39m openai@"*"
      └─┬ @langchain/community [90m1.1.27[39m
        ├── [31m✕ missing peer[39m openai@"*"
        ├── [31m✕ missing peer[39m @browserbasehq/stagehand@^1.0.0
        ├── [31m✕ missing peer[39m @ibm-cloud/watsonx-ai@"*"
        ├── [31m✕ missing peer[39m ibm-cloud-sdk-core@"*"
        ├─┬ langsmith [90m0.6.0[39m
        │ └── [31m✕ missing peer[39m openai@"*"
        └─┬ @langchain/classic [90m1.0.27[39m
          └── [31m✕ missing peer[39m openai@"*"
Peer dependencies that should be installed:
  @browserbasehq/stagehand@^1.0.0
  @ibm-cloud/watsonx-ai@"*"
  ibm-cloud-sdk-core@"*"
  openai@"*"

[0mpackages/@n8n/db[0m
├─┬ vitest [90m4.1.1[39m
│ ├── [31m✕ missing peer[39m vite@"^6.0.0 || ^7.0.0 || ^8.0.0"
│ └─┬ @vitest/mocker [90m4.1.1[39m
│   └── [31m✕ missing peer[39m vite@"^6.0.0 || ^7.0.0 || ^8.0.0"
└─┬ @n8n/vitest-config [90m1.14.0[39m
  └── [31m✕ missing peer[39m vite@catalog:
[31m✕ Conflicting peer dependencies:[39m
[31m  vite[39m

[0mpackages/@n8n/decorators[0m
├─┬ vitest [90m4.1.1[39m
│ ├── [31m✕ missing peer[39m vite@"^6.0.0 || ^7.0.0 || ^8.0.0"
│ └─┬ @vitest/mocker [90m4.1.1[39m
│   └── [31m✕ missing peer[39m vite@"^6.0.0 || ^7.0.0 || ^8.0.0"
└─┬ @n8n/vitest-config [90m1.14.0[39m
  └── [31m✕ missing peer[39m vite@catalog:
[31m✕ Conflicting peer dependencies:[39m
[31m  vite[39m

[0mpackages/@n8n/di[0m
├─┬ vitest [90m4.1.1[39m
│ ├── [31m✕ missing peer[39m vite@"^6.0.0 || ^7.0.0 || ^8.0.0"
│ └─┬ @vitest/mocker [90m4.1.1[39m
│   └── [31m✕ missing peer[39m vite@"^6.0.0 || ^7.0.0 || ^8.0.0"
└─┬ @n8n/vitest-config [90m1.14.0[39m
  └── [31m✕ missing peer[39m vite@catalog:
[31m✕ Conflicting peer dependencies:[39m
[31m  vite[39m

[0mpackages/@n8n/engine[0m
├─┬ vitest [90m4.1.1[39m
│ ├── [31m✕ missing peer[39m vite@"^6.0.0 || ^7.0.0 || ^8.0.0"
│ └─┬ @vitest/mocker [90m4.1.1[39m
│   └── [31m✕ missing peer[39m vite@"^6.0.0 || ^7.0.0 || ^8.0.0"
└─┬ @n8n/vitest-config [90m1.14.0[39m
  └── [31m✕ missing peer[39m vite@catalog:
[31m✕ Conflicting peer dependencies:[39m
[31m  vite[39m

[0mpackages/@n8n/eslint-config[0m
├─┬ vitest [90m4.1.1[39m
│ ├── [31m✕ missing peer[39m vite@"^6.0.0 || ^7.0.0 || ^8.0.0"
│ └─┬ @vitest/mocker [90m4.1.1[39m
│   └── [31m✕ missing peer[39m vite@"^6.0.0 || ^7.0.0 || ^8.0.0"
└─┬ @n8n/vitest-config [90m1.14.0[39m
  └── [31m✕ missing peer[39m vite@catalog:
[31m✕ Conflicting peer dependencies:[39m
[31m  vite[39m

[0mpackages/@n8n/eslint-plugin-community-nodes[0m
├─┬ vitest [90m4.1.1[39m
│ ├── [31m✕ missing peer[39m vite@"^6.0.0 || ^7.0.0 || ^8.0.0"
│ └─┬ @vitest/mocker [90m4.1.1[39m
│   └── [31m✕ missing peer[39m vite@"^6.0.0 || ^7.0.0 || ^8.0.0"
└─┬ @n8n/vitest-config [90m1.14.0[39m
  └── [31m✕ missing peer[39m vite@catalog:
[31m✕ Conflicting peer dependencies:[39m
[31m  vite[39m

[0mpackages/@n8n/expression-runtime[0m
├─┬ vitest [90m4.1.1[39m
│ ├── [31m✕ missing peer[39m vite@"^6.0.0 || ^7.0.0 || ^8.0.0"
│ └─┬ @vitest/mocker [90m4.1.1[39m
│   └── [31m✕ missing peer[39m vite@"^6.0.0 || ^7.0.0 || ^8.0.0"
└─┬ @n8n/vitest-config [90m1.14.0[39m
  └── [31m✕ missing peer[39m vite@catalog:
[31m✕ Conflicting peer dependencies:[39m
[31m  vite[39m

[0mpackages/@n8n/imap[0m
├─┬ @n8n/vitest-config [90m1.14.0[39m
│ ├── [31m✕ missing peer[39m vite@catalog:
│ └── [31m✕ missing peer[39m vitest@catalog:
└─┬ vitest-mock-extended [90m3.1.0[39m
  └── [31m✕ missing peer[39m vitest@>=3.0.0
[31m✕ Conflicting peer dependencies:[39m
[31m  vitest[39m
Peer dependencies that should be installed:
  vite@catalog:

[0mpackages/@n8n/instance-ai[0m
├─┬ vitest [90m4.1.1[39m
│ ├── [31m✕ missing peer[39m vite@"^6.0.0 || ^7.0.0 || ^8.0.0"
│ └─┬ @vitest/mocker [90m4.1.1[39m
│   └── [31m✕ missing peer[39m vite@"^6.0.0 || ^7.0.0 || ^8.0.0"
├─┬ @n8n/vitest-config [90m1.14.0[39m
│ └── [31m✕ missing peer[39m vite@catalog:
├─┬ @n8n/agents [90m0.11.0[39m
│ └─┬ @n8n/ai-utilities [90m0.19.0[39m
│   └─┬ @langchain/community [90m1.1.27[39m
│     ├── [31m✕ missing peer[39m @browserbasehq/stagehand@^1.0.0
│     ├── [31m✕ missing peer[39m @ibm-cloud/watsonx-ai@"*"
│     └── [31m✕ missing peer[39m ibm-cloud-sdk-core@"*"
└─┬ @n8n/ai-workflow-builder [90m1.26.0[39m
  └─┬ @n8n/ai-utilities [90m0.19.0[39m
    └─┬ @langchain/community [90m1.1.27[39m
      ├── [31m✕ missing peer[39m @browserbasehq/stagehand@^1.0.0
      ├── [31m✕ missing peer[39m @ibm-cloud/watsonx-ai@"*"
      └── [31m✕ missing peer[39m ibm-cloud-sdk-core@"*"
[31m✕ Conflicting peer dependencies:[39m
[31m  vite[39m
Peer dependencies that should be installed:
  @browserbasehq/stagehand@">=1.0.0 <2.0.0-0"
  @ibm-cloud/watsonx-ai@"*"
  ibm-cloud-sdk-core@"*"

[0mpackages/@n8n/json-schema-to-zod[0m
├─┬ vitest [90m4.1.1[39m
│ ├── [31m✕ missing peer[39m vite@"^6.0.0 || ^7.0.0 || ^8.0.0"
│ └─┬ @vitest/mocker [90m4.1.1[39m
│   └── [31m✕ missing peer[39m vite@"^6.0.0 || ^7.0.0 || ^8.0.0"
└─┬ @n8n/vitest-config [90m1.14.0[39m
  └── [31m✕ missing peer[39m vite@catalog:
[31m✕ Conflicting peer dependencies:[39m
[31m  vite[39m

[0mpackages/@n8n/local-gateway[0m
├─┬ vitest [90m4.1.1[39m
│ ├── [31m✕ missing peer[39m vite@"^6.0.0 || ^7.0.0 || ^8.0.0"
│ └─┬ @vitest/mocker [90m4.1.1[39m
│   └── [31m✕ missing peer[39m vite@"^6.0.0 || ^7.0.0 || ^8.0.0"
└─┬ @n8n/vitest-config [90m1.14.0[39m
  └── [31m✕ missing peer[39m vite@catalog:
[31m✕ Conflicting peer dependencies:[39m
[31m  vite[39m

[0mpackages/@n8n/mcp-browser[0m
├─┬ vitest [90m4.1.1[39m
│ └── [31m✕ missing peer[39m vite@"^6.0.0 || ^7.0.0 || ^8.0.0"
└─┬ @n8n/vitest-config [90m1.14.0[39m
  └── [31m✕ missing peer[39m vite@catalog:
[31m✕ Conflicting peer dependencies:[39m
[31m  vite[39m

[0mpackages/@n8n/node-cli[0m
├─┬ vitest [90m4.1.1[39m
│ ├── [31m✕ missing peer[39m vite@"^6.0.0 || ^7.0.0 || ^8.0.0"
│ └─┬ @vitest/mocker [90m4.1.1[39m
│   └── [31m✕ missing peer[39m vite@"^6.0.0 || ^7.0.0 || ^8.0.0"
├─┬ @n8n/vitest-config [90m1.14.0[39m
│ └── [31m✕ missing peer[39m vite@catalog:
└─┬ @n8n/ai-node-sdk [90m0.16.0[39m
  └─┬ @n8n/ai-utilities [90m0.19.0[39m
    ├─┬ @langchain/core [90m1.1.41[39m
    │ └─┬ langsmith [90m0.6.0[39m
    │   └── [31m✕ missing peer[39m openai@"*"
    ├─┬ langchain [90m1.2.30[39m
    │ └─┬ langsmith [90m0.6.0[39m
    │   └── [31m✕ missing peer[39m openai@"*"
    ├─┬ @langchain/classic [90m1.0.27[39m
    │ └─┬ langsmith [90m0.6.0[39m
    │   └── [31m✕ missing peer[39m openai@"*"
    └─┬ @langchain/community [90m1.1.27[39m
      ├── [31m✕ missing peer[39m openai@"*"
      ├── [31m✕ missing peer[39m @browserbasehq/stagehand@^1.0.0
      ├── [31m✕ missing peer[39m @ibm-cloud/watsonx-ai@"*"
      ├── [31m✕ missing peer[39m ibm-cloud-sdk-core@"*"
      ├─┬ langsmith [90m0.6.0[39m
      │ └── [31m✕ missing peer[39m openai@"*"
      └─┬ @langchain/classic [90m1.0.27[39m
        └── [31m✕ missing peer[39m openai@"*"
[31m✕ Conflicting peer dependencies:[39m
[31m  vite[39m
Peer dependencies that should be installed:
  @browserbasehq/stagehand@^1.0.0
  @ibm-cloud/watsonx-ai@"*"
  ibm-cloud-sdk-core@"*"
  openai@"*"

[0mpackages/@n8n/nodes-langchain[0m
├─┬ vitest [90m4.1.1[39m
│ └── [31m✕ missing peer[39m vite@"^6.0.0 || ^7.0.0 || ^8.0.0"
├─┬ @n8n/vitest-config [90m1.14.0[39m
│ └── [31m✕ missing peer[39m vite@catalog:
├─┬ @getzep/zep-cloud [90m1.0.6[39m
│ ├── [93m✕ unmet peer[39m @langchain/core@~0.1.29: found 1.1.41
│ └── [93m✕ unmet peer[39m langchain@~0.1.19: found 1.2.30
├─┬ @browserbasehq/stagehand [90m1.14.0[39m
│ ├── [93m✕ unmet peer[39m dotenv@^16.4.5: found 17.4.2
│ └── [93m✕ unmet peer[39m openai@^4.62.1: found 6.34.0
└─┬ @langchain/community [90m1.1.27[39m
  ├── [93m✕ unmet peer[39m @azure/search-documents@^12.2.0: found 12.1.0
  ├── [93m✕ unmet peer[39m @getzep/zep-js@^2.0.2: found 0.9.0
  ├── [93m✕ unmet peer[39m @huggingface/inference@^4.13.14: found 4.0.5
  ├── [93m✕ unmet peer[39m @xata.io/client@^0.30.1: found 0.28.4
  ├── [93m✕ unmet peer[39m cheerio@^1.2.0: found 1.0.0
  ├── [93m✕ unmet peer[39m d3-dsv@^3.0.1: found 2.0.0
  ├── [93m✕ unmet peer[39m ignore@^7.0.5: found 5.3.2
  └── [93m✕ unmet peer[39m mysql2@^3.19.1: found 3.17.0
[31m✕ Conflicting peer dependencies:[39m
[31m  vite[39m

[0mpackages/@n8n/permissions[0m
├─┬ vitest [90m4.1.1[39m
│ ├── [31m✕ missing peer[39m vite@"^6.0.0 || ^7.0.0 || ^8.0.0"
│ └─┬ @vitest/mocker [90m4.1.1[39m
│   └── [31m✕ missing peer[39m vite@"^6.0.0 || ^7.0.0 || ^8.0.0"
└─┬ @n8n/vitest-config [90m1.14.0[39m
  └── [31m✕ missing peer[39m vite@catalog:
[31m✕ Conflicting peer dependencies:[39m
[31m  vite[39m

[0mpackages/@n8n/scan-community-package[0m
├─┬ vitest [90m4.1.1[39m
│ ├── [31m✕ missing peer[39m vite@"^6.0.0 || ^7.0.0 || ^8.0.0"
│ └─┬ @vitest/mocker [90m4.1.1[39m
│   └── [31m✕ missing peer[39m vite@"^6.0.0 || ^7.0.0 || ^8.0.0"
└─┬ @n8n/vitest-config [90m1.14.0[39m
  └── [31m✕ missing peer[39m vite@catalog:
[31m✕ Conflicting peer dependencies:[39m
[31m  vite[39m

[0mpackages/@n8n/stylelint-config[0m
├─┬ vitest [90m4.1.1[39m
│ ├── [31m✕ missing peer[39m vite@"^6.0.0 || ^7.0.0 || ^8.0.0"
│ └─┬ @vitest/mocker [90m4.1.1[39m
│   └── [31m✕ missing peer[39m vite@"^6.0.0 || ^7.0.0 || ^8.0.0"
└─┬ @n8n/vitest-config [90m1.14.0[39m
  └── [31m✕ missing peer[39m vite@catalog:
[31m✕ Conflicting peer dependencies:[39m
[31m  vite[39m

[0mpackages/@n8n/syslog-client[0m
├─┬ vitest [90m4.1.1[39m
│ ├── [31m✕ missing peer[39m vite@"^6.0.0 || ^7.0.0 || ^8.0.0"
│ └─┬ @vitest/mocker [90m4.1.1[39m
│   └── [31m✕ missing peer[39m vite@"^6.0.0 || ^7.0.0 || ^8.0.0"
└─┬ @n8n/vitest-config [90m1.14.0[39m
  └── [31m✕ missing peer[39m vite@catalog:
[31m✕ Conflicting peer dependencies:[39m
[31m  vite[39m

[0mpackages/@n8n/task-runner[0m
├─┬ vitest [90m4.1.1[39m
│ ├── [31m✕ missing peer[39m vite@"^6.0.0 || ^7.0.0 || ^8.0.0"
│ └─┬ @vitest/mocker [90m4.1.1[39m
│   └── [31m✕ missing peer[39m vite@"^6.0.0 || ^7.0.0 || ^8.0.0"
└─┬ @n8n/vitest-config [90m1.14.0[39m
  └── [31m✕ missing peer[39m vite@catalog:
[31m✕ Conflicting peer dependencies:[39m
[31m  vite[39m

[0mpackages/@n8n/tournament[0m
├─┬ vitest [90m4.1.1[39m
│ ├── [31m✕ missing peer[39m vite@"^6.0.0 || ^7.0.0 || ^8.0.0"
│ └─┬ @vitest/mocker [90m4.1.1[39m
│   └── [31m✕ missing peer[39m vite@"^6.0.0 || ^7.0.0 || ^8.0.0"
└─┬ @n8n/vitest-config [90m1.14.0[39m
  └── [31m✕ missing peer[39m vite@catalog:
[31m✕ Conflicting peer dependencies:[39m
[31m  vite[39m

[0mpackages/@n8n/workflow-sdk[0m
├─┬ vitest [90m4.1.1[39m
│ ├── [31m✕ missing peer[39m vite@"^6.0.0 || ^7.0.0 || ^8.0.0"
│ └─┬ @vitest/mocker [90m4.1.1[39m
│   └── [31m✕ missing peer[39m vite@"^6.0.0 || ^7.0.0 || ^8.0.0"
└─┬ @n8n/vitest-config [90m1.14.0[39m
  └── [31m✕ missing peer[39m vite@catalog:
[31m✕ Conflicting peer dependencies:[39m
[31m  vite[39m

[0mpackages/cli[0m
├─┬ @getzep/zep-cloud [90m1.0.6[39m
│ ├── [93m✕ unmet peer[39m @langchain/core@~0.1.29: found 1.1.41
│ └── [93m✕ unmet peer[39m langchain@~0.1.19: found 1.2.30
├─┬ @browserbasehq/stagehand [90m1.14.0[39m
│ ├── [93m✕ unmet peer[39m dotenv@^16.4.5: found 17.2.3
│ └── [93m✕ unmet peer[39m openai@^4.62.1: found 6.19.0
├─┬ @n8n/agents [90m0.11.0[39m
│ ├─┬ @n8n/ai-utilities [90m0.19.0[39m
│ │ └─┬ @langchain/community [90m1.1.27[39m
│ │   ├── [93m✕ unmet peer[39m @azure/search-documents@^12.2.0: found 12.1.0
│ │   ├── [93m✕ unmet peer[39m @getzep/zep-js@^2.0.2: found 0.9.0
│ │   ├── [93m✕ unmet peer[39m @huggingface/inference@^4.13.14: found 4.0.5
│ │   ├── [93m✕ unmet peer[39m @xata.io/client@^0.30.1: found 0.28.4
│ │   ├── [93m✕ unmet peer[39m cheerio@^1.2.0: found 1.0.0
│ │   ├── [93m✕ unmet peer[39m d3-dsv@^3.0.1: found 2.0.0
│ │   ├── [93m✕ unmet peer[39m ignore@^7.0.5: found 5.3.2
│ │   └── [93m✕ unmet peer[39m mysql2@^3.19.1: found 3.17.0
│ └─┬ @daytonaio/sdk [90m0.175.0[39m
│   └─┬ @aws-sdk/lib-storage [90m3.1019.0[39m
│     └── ✕ unmet peer @aws-sdk/client-s3@^3.1019.0: found 3.808.0 in @daytonaio/sdk
├─┬ @n8n/n8n-nodes-langchain [90m2.26.0[39m
│ └─┬ @n8n/ai-utilities [90m0.19.0[39m
│   └─┬ @langchain/community [90m1.1.27[39m
│     ├── [93m✕ unmet peer[39m @azure/search-documents@^12.2.0: found 12.1.0
│     ├── [93m✕ unmet peer[39m @getzep/zep-js@^2.0.2: found 0.9.0
│     ├── [93m✕ unmet peer[39m @huggingface/inference@^4.13.14: found 4.0.5
│     ├── [93m✕ unmet peer[39m @xata.io/client@^0.30.1: found 0.28.4
│     ├── [93m✕ unmet peer[39m cheerio@^1.2.0: found 1.0.0
│     ├── [93m✕ unmet peer[39m d3-dsv@^3.0.1: found 2.0.0
│     ├── [93m✕ unmet peer[39m ignore@^7.0.5: found 5.3.2
│     └── [93m✕ unmet peer[39m mysql2@^3.19.1: found 3.17.0
└─┬ @n8n/mcp-apps [90m0.3.0[39m
  └── [93m✕ unmet peer[39m @modelcontextprotocol/sdk@catalog:: found 1.26.0
Peer dependencies that should be installed:
  ts-morph@catalog:

[0mpackages/core[0m
├─┬ vitest [90m4.1.1[39m
│ ├── [31m✕ missing peer[39m vite@"^6.0.0 || ^7.0.0 || ^8.0.0"
│ └─┬ @vitest/mocker [90m4.1.1[39m
│   └── [31m✕ missing peer[39m vite@"^6.0.0 || ^7.0.0 || ^8.0.0"
└─┬ @n8n/vitest-config [90m1.14.0[39m
  └── [31m✕ missing peer[39m vite@catalog:
[31m✕ Conflicting peer dependencies:[39m
[31m  vite[39m
Peer dependencies that should be installed:
  ts-morph@catalog:

[0mpackages/extensions/insights[0m
└─┬ @n8n/extension-sdk [90m0.11.0[39m
  └── [93m✕ unmet peer[39m vue-router@catalog:frontend: found 4.5.0

[0mpackages/frontend/@n8n/rest-api-client[0m
└─┬ @n8n/i18n [90m2.26.0[39m
  ├── [31m✕ missing peer[39m vue@catalog:frontend
  └─┬ vue-i18n [90m11.4.5[39m
    └── [31m✕ missing peer[39m vue@^3.0.0
[31m✕ Conflicting peer dependencies:[39m
[31m  vue[39m
Peer dependencies that should be installed:
  ts-morph@catalog:

[0mpackages/frontend/@n8n/storybook[0m
├─┬ vitest [90m4.1.1[39m
│ └── [93m✕ unmet peer[39m @vitest/browser-playwright@4.1.1: found 4.0.16
└─┬ @n8n/stores [90m2.26.0[39m
  └── [93m✕ unmet peer[39m pinia@catalog:frontend: found 2.2.4
[31m✕ Conflicting peer dependencies:[39m
[31m  @vueuse/core[39m

[0mpackages/nodes-base[0m
├─┬ vitest [90m4.1.1[39m
│ └── [31m✕ missing peer[39m vite@"^6.0.0 || ^7.0.0 || ^8.0.0"
└─┬ @n8n/vitest-config [90m1.14.0[39m
  └── [31m✕ missing peer[39m vite@catalog:
[31m✕ Conflicting peer dependencies:[39m
[31m  vite[39m
Peer dependencies that should be installed:
  ts-morph@catalog:

[0mpackages/testing/code-health[0m
├─┬ vitest [90m4.1.1[39m
│ ├── [31m✕ missing peer[39m vite@"^6.0.0 || ^7.0.0 || ^8.0.0"
│ └─┬ @vitest/mocker [90m4.1.1[39m
│   └── [31m✕ missing peer[39m vite@"^6.0.0 || ^7.0.0 || ^8.0.0"
└─┬ @n8n/vitest-config [90m1.14.0[39m
  └── [31m✕ missing peer[39m vite@catalog:
[31m✕ Conflicting peer dependencies:[39m
[31m  vite[39m

[0mpackages/testing/playwright[0m
├─┬ @getzep/zep-cloud [90m1.0.6[39m
│ └── [31m✕ missing peer[39m @langchain/core@~0.1.29
├─┬ @langchain/langgraph [90m1.2.2[39m
│ ├── [31m✕ missing peer[39m @langchain/core@^1.1.16
│ ├─┬ @langchain/langgraph-checkpoint [90m1.0.0[39m
│ │ └── [31m✕ missing peer[39m @langchain/core@^1.0.1
│ └─┬ @langchain/langgraph-sdk [90m1.7.2[39m
│   └── [31m✕ missing peer[39m @langchain/core@^1.1.16
├─┬ n8n [90m2.26.0[39m
│ ├─┬ @n8n/n8n-nodes-langchain [90m2.26.0[39m
│ │ ├─┬ n8n-nodes-base [90m2.26.0[39m
│ │ │ ├─┬ promise-ftp [90m1.3.5[39m
│ │ │ │ └── [31m✕ missing peer[39m promise-ftp-common@^1.1.5
│ │ │ ├─┬ snowflake-sdk [90m2.1.0[39m
│ │ │ │ ├── [31m✕ missing peer[39m asn1.js@^5.4.1
│ │ │ │ └─┬ asn1.js-rfc2560 [90m5.0.1[39m
│ │ │ │   └── [31m✕ missing peer[39m asn1.js@^5.0.0
│ │ │ └─┬ ts-ics [90m1.2.2[39m
│ │ │   ├── [31m✕ missing peer[39m date-fns@2.30.0
│ │ │   └─┬ date-fns-tz [90m2.0.0[39m
│ │ │     └── [31m✕ missing peer[39m date-fns@2.30.0
│ │ ├─┬ @getzep/zep-cloud [90m1.0.6[39m
│ │ │ ├── ✕ unmet peer @langchain/core@~0.1.29: found 1.1.41 in @n8n/n8n-nodes-langchain
│ │ │ └── ✕ unmet peer langchain@~0.1.19: found 1.2.30 in @n8n/n8n-nodes-langchain
│ │ └─┬ @n8n/ai-utilities [90m0.19.0[39m
│ │   └─┬ @langchain/community [90m1.1.27[39m
│ │     ├── ✕ unmet peer @azure/search-documents@^12.2.0: found 12.1.0 in @n8n/n8n-nodes-langchain
│ │     ├── ✕ unmet peer @getzep/zep-js@^2.0.2: found 0.9.0 in @n8n/n8n-nodes-langchain
│ │     ├── ✕ unmet peer @huggingface/inference@^4.13.14: found 4.0.5 in @n8n/n8n-nodes-langchain
│ │     ├── ✕ unmet peer @xata.io/client@^0.30.1: found 0.28.4 in @n8n/n8n-nodes-langchain
│ │     ├── ✕ unmet peer cheerio@^1.2.0: found 1.0.0 in @n8n/n8n-nodes-langchain
│ │     ├── ✕ unmet peer d3-dsv@^3.0.1: found 2.0.0 in @n8n/n8n-nodes-langchain
│ │     ├── ✕ unmet peer ignore@^7.0.5: found 5.3.2 in @n8n/n8n-nodes-langchain
│ │     └── ✕ unmet peer mysql2@^3.19.1: found 3.17.0 in @n8n/n8n-nodes-langchain
│ ├─┬ n8n-nodes-base [90m2.26.0[39m
│ │ ├── [31m✕ missing peer[39m promise-ftp-common@^1.1.5
│ │ ├── [31m✕ missing peer[39m asn1.js@^5.4.1
│ │ └── [31m✕ missing peer[39m date-fns@2.30.0
│ └─┬ @chat-adapter/linear [90m4.28.1[39m
│   └─┬ @linear/sdk [90m76.0.0[39m
│     └─┬ @graphql-typed-document-node/core [90m3.2.0[39m
│       └── [31m✕ missing peer[39m graphql@"^0.8.0 || ^0.9.0 || ^0.10.0 || ^0.11.0 || ^0.12.0 || ^0.13.0 || ^14.0.0 || ^15.0.0 || ^16.0.0 || ^17.0.0"
└─┬ @n8n/playwright-janitor [90m0.1.0[39m
  └── [93m✕ unmet peer[39m ts-morph@catalog:: found 27.0.2
[31m✕ Conflicting peer dependencies:[39m
[31m  @langchain/core[39m
Peer dependencies that should be installed:
  asn1.js@">=5.4.1 <6.0.0-0"
  date-fns@2.30.0
  graphql@"^0.8.0 || ^0.9.0 || ^0.10.0 || ^0.11.0 || ^0.12.0 || ^0.13.0 || ^14.0.0 || ^15.0.0 || ^16.0.0 || ^17.0.0"
  promise-ftp-common@">=1.1.5 <2.0.0-0"

[0mpackages/testing/rules-engine[0m
├─┬ vitest [90m4.1.1[39m
│ ├── [31m✕ missing peer[39m vite@"^6.0.0 || ^7.0.0 || ^8.0.0"
│ └─┬ @vitest/mocker [90m4.1.1[39m
│   └── [31m✕ missing peer[39m vite@"^6.0.0 || ^7.0.0 || ^8.0.0"
└─┬ @n8n/vitest-config [90m1.14.0[39m
  └── [31m✕ missing peer[39m vite@catalog:
[31m✕ Conflicting peer dependencies:[39m
[31m  vite[39m

[0mpackages/workflow[0m
├─┬ vitest [90m4.1.1[39m
│ ├── [31m✕ missing peer[39m vite@"^6.0.0 || ^7.0.0 || ^8.0.0"
│ └─┬ @vitest/mocker [90m4.1.1[39m
│   └── [31m✕ missing peer[39m vite@"^6.0.0 || ^7.0.0 || ^8.0.0"
└─┬ @n8n/vitest-config [90m1.14.0[39m
  └── [31m✕ missing peer[39m vite@catalog:
[31m✕ Conflicting peer dependencies:[39m
[31m  vite[39m
Peer dependencies that should be installed:
  ts-morph@catalog:
INFO: Stripping test/example/benchmark dirs from production closure...
$ find /Users/baivab/Workspace/Personal/n8n_forked/n8n/compiled/node_modules/.pnpm -type d -path "*/$'resolve/*/test'" -exec rm -rf {} + 2>/dev/null || true
$ find /Users/baivab/Workspace/Personal/n8n_forked/n8n/compiled/node_modules/.pnpm -type d -path "*/$'import-in-the-middle/*/test'" -exec rm -rf {} + 2>/dev/null || true
$ find /Users/baivab/Workspace/Personal/n8n_forked/n8n/compiled/node_modules/.pnpm -type d -path "*/$'github-from-package/*/example'" -exec rm -rf {} + 2>/dev/null || true
$ find /Users/baivab/Workspace/Personal/n8n_forked/n8n/compiled/node_modules/.pnpm -type d -path "*/$'tedious/*/benchmarks'" -exec rm -rf {} + 2>/dev/null || true
✅ Phantom dirs stripped
INFO: Creating JavaScript task runner deployment in '/Users/baivab/Workspace/Personal/n8n_forked/n8n/dist/task-runner-javascript'...
$ cd /Users/baivab/Workspace/Personal/n8n_forked/n8n && NODE_ENV=production DOCKER_BUILD=true pnpm --config.strict-peer-dependencies=false --filter=@n8n/task-runner --prod --legacy deploy --no-optional ./dist/task-runner-javascript
(node:83581) Warning: The 'NO_COLOR' env is ignored due to the 'FORCE_COLOR' env being set.
(Use `node --trace-warnings ...` to show where the warning was created)
packages/@n8n/tournament                 | [43m[30m WARN [39m[49m The field "pnpm.overrides" was found in /Users/baivab/Workspace/Personal/n8n_forked/n8n/packages/@n8n/tournament/package.json. This will not take effect. You should configure "pnpm.overrides" at the root of the workspace instead.
[43m[30m WARN [39m[49m Shared workspace lockfile detected but configuration forces legacy deploy implementation.
(node:83581) Warning: The 'NO_COLOR' env is ignored due to the 'FORCE_COLOR' env being set.
(Use `node --trace-warnings ...` to show where the warning was created)
(node:83581) Warning: The 'NO_COLOR' env is ignored due to the 'FORCE_COLOR' env being set.
(Use `node --trace-warnings ...` to show where the warning was created)
(node:83581) Warning: The 'NO_COLOR' env is ignored due to the 'FORCE_COLOR' env being set.
(Use `node --trace-warnings ...` to show where the warning was created)
(node:83581) Warning: The 'NO_COLOR' env is ignored due to the 'FORCE_COLOR' env being set.
(Use `node --trace-warnings ...` to show where the warning was created)
(node:83581) Warning: The 'NO_COLOR' env is ignored due to the 'FORCE_COLOR' env being set.
(Use `node --trace-warnings ...` to show where the warning was created)
(node:83581) Warning: The 'NO_COLOR' env is ignored due to the 'FORCE_COLOR' env being set.
(Use `node --trace-warnings ...` to show where the warning was created)
(node:83581) Warning: The 'NO_COLOR' env is ignored due to the 'FORCE_COLOR' env being set.
(Use `node --trace-warnings ...` to show where the warning was created)
(node:83581) Warning: The 'NO_COLOR' env is ignored due to the 'FORCE_COLOR' env being set.
(Use `node --trace-warnings ...` to show where the warning was created)
(node:83581) Warning: The 'NO_COLOR' env is ignored due to the 'FORCE_COLOR' env being set.
(Use `node --trace-warnings ...` to show where the warning was created)
.                                        | [43m[30m WARN [39m[49m [31mdeprecated[39m supertest@7.1.1
packages/testing/janitor                 | [43m[30m WARN [39m[49m [31mdeprecated[39m glob@10.5.0
packages/core                            | [43m[30m WARN [39m[49m [31mdeprecated[39m @types/uuid@11.0.0
packages/nodes-base                      | [43m[30m WARN [39m[49m [31mdeprecated[39m gm@1.25.1
packages/@n8n/ai-utilities               | [43m[30m WARN [39m[49m [31mdeprecated[39m @langchain/community@1.1.27
packages/@n8n/nodes-langchain            | [43m[30m WARN [39m[49m [31mdeprecated[39m @xata.io/client@0.28.4
[43m[30m WARN [39m[49m [31m28 deprecated subdependencies found:[39m @aws-sdk/middleware-websocket@3.936.0, @aws-sdk/protocol-http@3.374.0, @aws-sdk/signature-v4@3.374.0, @npmcli/move-file@1.1.2, @otplib/plugin-crypto@12.0.1, @otplib/plugin-thirty-two@12.0.1, @otplib/preset-default@12.0.1, abab@2.0.6, are-we-there-yet@3.0.1, boolean@3.2.0, domexception@4.0.0, gauge@4.0.4, glob@11.1.0, glob@7.2.3, glob@8.1.0, inflight@1.0.6, lodash.get@4.4.2, node-domexception@1.0.0, npmlog@6.0.2, prebuild-install@7.1.3, q@2.0.3, rimraf@2.6.3, rimraf@3.0.2, sourcemap-codec@1.4.8, superagent@10.2.1, whatwg-encoding@2.0.0, whatwg-encoding@3.1.1, yaeti@0.0.6
[43m[30m WARN [39m[49m Issues with peer dependencies found
[0mpackages/@n8n/agents[0m
├─┬ vitest [90m4.1.1[39m
│ ├── [31m✕ missing peer[39m vite@"^6.0.0 || ^7.0.0 || ^8.0.0"
│ └─┬ @vitest/mocker [90m4.1.1[39m
│   └── [31m✕ missing peer[39m vite@"^6.0.0 || ^7.0.0 || ^8.0.0"
├─┬ @n8n/vitest-config [90m1.14.0[39m
│ └── [31m✕ missing peer[39m vite@catalog:
├─┬ @browserbasehq/stagehand [90m1.14.0[39m
│ ├── [93m✕ unmet peer[39m dotenv@^16.4.5: found 17.4.2
│ └── [93m✕ unmet peer[39m openai@^4.62.1: found 6.34.0
├─┬ @getzep/zep-cloud [90m1.0.6[39m
│ └── [93m✕ unmet peer[39m @langchain/core@~0.1.29: found 1.1.41
├─┬ @daytonaio/sdk [90m0.175.0[39m
│ └─┬ @aws-sdk/lib-storage [90m3.1019.0[39m
│   └── [93m✕ unmet peer[39m @aws-sdk/client-s3@^3.1019.0: found 3.808.0
└─┬ @n8n/ai-utilities [90m0.19.0[39m
  └─┬ @langchain/community [90m1.1.27[39m
    └── [93m✕ unmet peer[39m @aws-sdk/client-s3@^3.1001.0: found 3.808.0
[31m✕ Conflicting peer dependencies:[39m
[31m  vite[39m

[0mpackages/@n8n/ai-node-sdk[0m
├─┬ vitest [90m4.1.1[39m
│ ├── [31m✕ missing peer[39m vite@"^6.0.0 || ^7.0.0 || ^8.0.0"
│ └─┬ @vitest/mocker [90m4.1.1[39m
│   └── [31m✕ missing peer[39m vite@"^6.0.0 || ^7.0.0 || ^8.0.0"
├─┬ @n8n/vitest-config [90m1.14.0[39m
│ └── [31m✕ missing peer[39m vite@catalog:
└─┬ @browserbasehq/stagehand [90m1.14.0[39m
  ├── [93m✕ unmet peer[39m dotenv@^16.4.5: found 17.4.2
  └── [93m✕ unmet peer[39m openai@^4.62.1: found 6.34.0
[31m✕ Conflicting peer dependencies:[39m
[31m  vite[39m

[0mpackages/@n8n/ai-utilities[0m
├─┬ vitest [90m4.1.1[39m
│ ├── [31m✕ missing peer[39m vite@"^6.0.0 || ^7.0.0 || ^8.0.0"
│ └─┬ @vitest/mocker [90m4.1.1[39m
│   └── [31m✕ missing peer[39m vite@"^6.0.0 || ^7.0.0 || ^8.0.0"
├─┬ @n8n/vitest-config [90m1.14.0[39m
│ └── [31m✕ missing peer[39m vite@catalog:
├─┬ @browserbasehq/stagehand [90m1.14.0[39m
│ ├── [93m✕ unmet peer[39m dotenv@^16.4.5: found 17.4.2
│ └── [93m✕ unmet peer[39m openai@^4.62.1: found 6.34.0
└─┬ @getzep/zep-cloud [90m1.0.6[39m
  ├── [93m✕ unmet peer[39m @langchain/core@~0.1.29: found 1.1.41
  └── [93m✕ unmet peer[39m langchain@~0.1.19: found 1.2.30
[31m✕ Conflicting peer dependencies:[39m
[31m  vite[39m

[0mpackages/@n8n/ai-workflow-builder.ee[0m
├─┬ vitest [90m4.1.1[39m
│ └── [31m✕ missing peer[39m vite@"^6.0.0 || ^7.0.0 || ^8.0.0"
├─┬ @n8n/vitest-config [90m1.14.0[39m
│ └── [31m✕ missing peer[39m vite@catalog:
├─┬ @browserbasehq/stagehand [90m1.14.0[39m
│ ├── [93m✕ unmet peer[39m dotenv@^16.4.5: found 17.4.2
│ └── [93m✕ unmet peer[39m openai@^4.62.1: found 6.34.0
└─┬ @getzep/zep-cloud [90m1.0.6[39m
  ├── [93m✕ unmet peer[39m @langchain/core@~0.1.29: found 1.1.41
  └── [93m✕ unmet peer[39m langchain@~0.1.19: found 1.2.30
[31m✕ Conflicting peer dependencies:[39m
[31m  vite[39m

[0mpackages/@n8n/api-types[0m
├─┬ vitest [90m4.1.1[39m
│ ├── [31m✕ missing peer[39m vite@"^6.0.0 || ^7.0.0 || ^8.0.0"
│ └─┬ @vitest/mocker [90m4.1.1[39m
│   └── [31m✕ missing peer[39m vite@"^6.0.0 || ^7.0.0 || ^8.0.0"
└─┬ @n8n/vitest-config [90m1.14.0[39m
  └── [31m✕ missing peer[39m vite@catalog:
[31m✕ Conflicting peer dependencies:[39m
[31m  vite[39m

[0mpackages/@n8n/backend-common[0m
├─┬ vitest [90m4.1.1[39m
│ ├── [31m✕ missing peer[39m vite@"^6.0.0 || ^7.0.0 || ^8.0.0"
│ └─┬ @vitest/mocker [90m4.1.1[39m
│   └── [31m✕ missing peer[39m vite@"^6.0.0 || ^7.0.0 || ^8.0.0"
└─┬ @n8n/vitest-config [90m1.14.0[39m
  └── [31m✕ missing peer[39m vite@catalog:
[31m✕ Conflicting peer dependencies:[39m
[31m  vite[39m

[0mpackages/@n8n/backend-network[0m
├─┬ vitest [90m4.1.1[39m
│ ├── [31m✕ missing peer[39m vite@"^6.0.0 || ^7.0.0 || ^8.0.0"
│ └─┬ @vitest/mocker [90m4.1.1[39m
│   └── [31m✕ missing peer[39m vite@"^6.0.0 || ^7.0.0 || ^8.0.0"
└─┬ @n8n/vitest-config [90m1.14.0[39m
  └── [31m✕ missing peer[39m vite@catalog:
[31m✕ Conflicting peer dependencies:[39m
[31m  vite[39m

[0mpackages/@n8n/chat-hub[0m
├─┬ vitest [90m4.1.1[39m
│ ├── [31m✕ missing peer[39m vite@"^6.0.0 || ^7.0.0 || ^8.0.0"
│ └─┬ @vitest/mocker [90m4.1.1[39m
│   └── [31m✕ missing peer[39m vite@"^6.0.0 || ^7.0.0 || ^8.0.0"
└─┬ @n8n/vitest-config [90m1.14.0[39m
  └── [31m✕ missing peer[39m vite@catalog:
[31m✕ Conflicting peer dependencies:[39m
[31m  vite[39m

[0mpackages/@n8n/cli[0m
├─┬ vitest [90m4.1.1[39m
│ ├── [31m✕ missing peer[39m vite@"^6.0.0 || ^7.0.0 || ^8.0.0"
│ └─┬ @vitest/mocker [90m4.1.1[39m
│   └── [31m✕ missing peer[39m vite@"^6.0.0 || ^7.0.0 || ^8.0.0"
└─┬ @n8n/vitest-config [90m1.14.0[39m
  └── [31m✕ missing peer[39m vite@catalog:
[31m✕ Conflicting peer dependencies:[39m
[31m  vite[39m

[0mpackages/@n8n/client-oauth2[0m
├─┬ vitest [90m4.1.1[39m
│ ├── [31m✕ missing peer[39m vite@"^6.0.0 || ^7.0.0 || ^8.0.0"
│ └─┬ @vitest/mocker [90m4.1.1[39m
│   └── [31m✕ missing peer[39m vite@"^6.0.0 || ^7.0.0 || ^8.0.0"
└─┬ @n8n/vitest-config [90m1.14.0[39m
  └── [31m✕ missing peer[39m vite@catalog:
[31m✕ Conflicting peer dependencies:[39m
[31m  vite[39m

[0mpackages/@n8n/codemirror-lang[0m
├─┬ vitest [90m4.1.1[39m
│ ├── [31m✕ missing peer[39m vite@"^6.0.0 || ^7.0.0 || ^8.0.0"
│ └─┬ @vitest/mocker [90m4.1.1[39m
│   └── [31m✕ missing peer[39m vite@"^6.0.0 || ^7.0.0 || ^8.0.0"
└─┬ @n8n/vitest-config [90m1.14.0[39m
  └── [31m✕ missing peer[39m vite@catalog:
[31m✕ Conflicting peer dependencies:[39m
[31m  vite[39m

[0mpackages/@n8n/codemirror-lang-html[0m
├─┬ vitest [90m4.1.1[39m
│ ├── [31m✕ missing peer[39m vite@"^6.0.0 || ^7.0.0 || ^8.0.0"
│ └─┬ @vitest/mocker [90m4.1.1[39m
│   └── [31m✕ missing peer[39m vite@"^6.0.0 || ^7.0.0 || ^8.0.0"
└─┬ @n8n/vitest-config [90m1.14.0[39m
  └── [31m✕ missing peer[39m vite@catalog:
[31m✕ Conflicting peer dependencies:[39m
[31m  vite[39m

[0mpackages/@n8n/codemirror-lang-sql[0m
├─┬ vitest [90m4.1.1[39m
│ ├── [31m✕ missing peer[39m vite@"^6.0.0 || ^7.0.0 || ^8.0.0"
│ └─┬ @vitest/mocker [90m4.1.1[39m
│   └── [31m✕ missing peer[39m vite@"^6.0.0 || ^7.0.0 || ^8.0.0"
├─┬ @n8n/vitest-config [90m1.14.0[39m
│ └── [31m✕ missing peer[39m vite@catalog:
└─┬ @n8n/codemirror-lang [90m0.7.0[39m
  ├── [93m✕ unmet peer[39m @codemirror/language@catalog:: found 6.12.1
  ├── [93m✕ unmet peer[39m @lezer/highlight@catalog:: found 1.2.3
  └── [93m✕ unmet peer[39m @lezer/lr@catalog:: found 1.4.5
[31m✕ Conflicting peer dependencies:[39m
[31m  vite[39m

[0mpackages/@n8n/computer-use[0m
├─┬ vitest [90m4.1.1[39m
│ ├── [31m✕ missing peer[39m vite@"^6.0.0 || ^7.0.0 || ^8.0.0"
│ └─┬ @vitest/mocker [90m4.1.1[39m
│   └── [31m✕ missing peer[39m vite@"^6.0.0 || ^7.0.0 || ^8.0.0"
└─┬ @n8n/vitest-config [90m1.14.0[39m
  └── [31m✕ missing peer[39m vite@catalog:
[31m✕ Conflicting peer dependencies:[39m
[31m  vite[39m

[0mpackages/@n8n/config[0m
├─┬ vitest [90m4.1.1[39m
│ ├── [31m✕ missing peer[39m vite@"^6.0.0 || ^7.0.0 || ^8.0.0"
│ └─┬ @vitest/mocker [90m4.1.1[39m
│   └── [31m✕ missing peer[39m vite@"^6.0.0 || ^7.0.0 || ^8.0.0"
└─┬ @n8n/vitest-config [90m1.14.0[39m
  └── [31m✕ missing peer[39m vite@catalog:
[31m✕ Conflicting peer dependencies:[39m
[31m  vite[39m

[0mpackages/@n8n/crdt[0m
├─┬ vitest [90m4.1.1[39m
│ ├── [31m✕ missing peer[39m vite@"^6.0.0 || ^7.0.0 || ^8.0.0"
│ └─┬ @vitest/mocker [90m4.1.1[39m
│   └── [31m✕ missing peer[39m vite@"^6.0.0 || ^7.0.0 || ^8.0.0"
└─┬ @n8n/vitest-config [90m1.14.0[39m
  └── [31m✕ missing peer[39m vite@catalog:
[31m✕ Conflicting peer dependencies:[39m
[31m  vite[39m

[0mpackages/@n8n/create-node[0m
└─┬ @n8n/node-cli [90m0.35.0[39m
  └─┬ @n8n/ai-node-sdk [90m0.16.0[39m
    └─┬ @n8n/ai-utilities [90m0.19.0[39m
      ├─┬ @langchain/core [90m1.1.41[39m
      │ └─┬ langsmith [90m0.6.0[39m
      │   └── [31m✕ missing peer[39m openai@"*"
      ├─┬ langchain [90m1.2.30[39m
      │ └─┬ langsmith [90m0.6.0[39m
      │   └── [31m✕ missing peer[39m openai@"*"
      ├─┬ @langchain/classic [90m1.0.27[39m
      │ └─┬ langsmith [90m0.6.0[39m
      │   └── [31m✕ missing peer[39m openai@"*"
      └─┬ @langchain/community [90m1.1.27[39m
        ├── [31m✕ missing peer[39m openai@"*"
        ├── [31m✕ missing peer[39m @browserbasehq/stagehand@^1.0.0
        ├── [31m✕ missing peer[39m @ibm-cloud/watsonx-ai@"*"
        ├── [31m✕ missing peer[39m ibm-cloud-sdk-core@"*"
        ├─┬ langsmith [90m0.6.0[39m
        │ └── [31m✕ missing peer[39m openai@"*"
        └─┬ @langchain/classic [90m1.0.27[39m
          └── [31m✕ missing peer[39m openai@"*"
Peer dependencies that should be installed:
  @browserbasehq/stagehand@^1.0.0
  @ibm-cloud/watsonx-ai@"*"
  ibm-cloud-sdk-core@"*"
  openai@"*"

[0mpackages/@n8n/db[0m
├─┬ vitest [90m4.1.1[39m
│ ├── [31m✕ missing peer[39m vite@"^6.0.0 || ^7.0.0 || ^8.0.0"
│ └─┬ @vitest/mocker [90m4.1.1[39m
│   └── [31m✕ missing peer[39m vite@"^6.0.0 || ^7.0.0 || ^8.0.0"
└─┬ @n8n/vitest-config [90m1.14.0[39m
  └── [31m✕ missing peer[39m vite@catalog:
[31m✕ Conflicting peer dependencies:[39m
[31m  vite[39m

[0mpackages/@n8n/decorators[0m
├─┬ vitest [90m4.1.1[39m
│ ├── [31m✕ missing peer[39m vite@"^6.0.0 || ^7.0.0 || ^8.0.0"
│ └─┬ @vitest/mocker [90m4.1.1[39m
│   └── [31m✕ missing peer[39m vite@"^6.0.0 || ^7.0.0 || ^8.0.0"
└─┬ @n8n/vitest-config [90m1.14.0[39m
  └── [31m✕ missing peer[39m vite@catalog:
[31m✕ Conflicting peer dependencies:[39m
[31m  vite[39m

[0mpackages/@n8n/di[0m
├─┬ vitest [90m4.1.1[39m
│ ├── [31m✕ missing peer[39m vite@"^6.0.0 || ^7.0.0 || ^8.0.0"
│ └─┬ @vitest/mocker [90m4.1.1[39m
│   └── [31m✕ missing peer[39m vite@"^6.0.0 || ^7.0.0 || ^8.0.0"
└─┬ @n8n/vitest-config [90m1.14.0[39m
  └── [31m✕ missing peer[39m vite@catalog:
[31m✕ Conflicting peer dependencies:[39m
[31m  vite[39m

[0mpackages/@n8n/engine[0m
├─┬ vitest [90m4.1.1[39m
│ ├── [31m✕ missing peer[39m vite@"^6.0.0 || ^7.0.0 || ^8.0.0"
│ └─┬ @vitest/mocker [90m4.1.1[39m
│   └── [31m✕ missing peer[39m vite@"^6.0.0 || ^7.0.0 || ^8.0.0"
└─┬ @n8n/vitest-config [90m1.14.0[39m
  └── [31m✕ missing peer[39m vite@catalog:
[31m✕ Conflicting peer dependencies:[39m
[31m  vite[39m

[0mpackages/@n8n/eslint-config[0m
├─┬ vitest [90m4.1.1[39m
│ ├── [31m✕ missing peer[39m vite@"^6.0.0 || ^7.0.0 || ^8.0.0"
│ └─┬ @vitest/mocker [90m4.1.1[39m
│   └── [31m✕ missing peer[39m vite@"^6.0.0 || ^7.0.0 || ^8.0.0"
└─┬ @n8n/vitest-config [90m1.14.0[39m
  └── [31m✕ missing peer[39m vite@catalog:
[31m✕ Conflicting peer dependencies:[39m
[31m  vite[39m

[0mpackages/@n8n/eslint-plugin-community-nodes[0m
├─┬ vitest [90m4.1.1[39m
│ ├── [31m✕ missing peer[39m vite@"^6.0.0 || ^7.0.0 || ^8.0.0"
│ └─┬ @vitest/mocker [90m4.1.1[39m
│   └── [31m✕ missing peer[39m vite@"^6.0.0 || ^7.0.0 || ^8.0.0"
└─┬ @n8n/vitest-config [90m1.14.0[39m
  └── [31m✕ missing peer[39m vite@catalog:
[31m✕ Conflicting peer dependencies:[39m
[31m  vite[39m

[0mpackages/@n8n/expression-runtime[0m
├─┬ vitest [90m4.1.1[39m
│ ├── [31m✕ missing peer[39m vite@"^6.0.0 || ^7.0.0 || ^8.0.0"
│ └─┬ @vitest/mocker [90m4.1.1[39m
│   └── [31m✕ missing peer[39m vite@"^6.0.0 || ^7.0.0 || ^8.0.0"
└─┬ @n8n/vitest-config [90m1.14.0[39m
  └── [31m✕ missing peer[39m vite@catalog:
[31m✕ Conflicting peer dependencies:[39m
[31m  vite[39m

[0mpackages/@n8n/imap[0m
├─┬ @n8n/vitest-config [90m1.14.0[39m
│ ├── [31m✕ missing peer[39m vite@catalog:
│ └── [31m✕ missing peer[39m vitest@catalog:
└─┬ vitest-mock-extended [90m3.1.0[39m
  └── [31m✕ missing peer[39m vitest@>=3.0.0
[31m✕ Conflicting peer dependencies:[39m
[31m  vitest[39m
Peer dependencies that should be installed:
  vite@catalog:

[0mpackages/@n8n/instance-ai[0m
├─┬ vitest [90m4.1.1[39m
│ ├── [31m✕ missing peer[39m vite@"^6.0.0 || ^7.0.0 || ^8.0.0"
│ └─┬ @vitest/mocker [90m4.1.1[39m
│   └── [31m✕ missing peer[39m vite@"^6.0.0 || ^7.0.0 || ^8.0.0"
├─┬ @n8n/vitest-config [90m1.14.0[39m
│ └── [31m✕ missing peer[39m vite@catalog:
├─┬ @n8n/agents [90m0.11.0[39m
│ └─┬ @n8n/ai-utilities [90m0.19.0[39m
│   └─┬ @langchain/community [90m1.1.27[39m
│     ├── [31m✕ missing peer[39m @browserbasehq/stagehand@^1.0.0
│     ├── [31m✕ missing peer[39m @ibm-cloud/watsonx-ai@"*"
│     └── [31m✕ missing peer[39m ibm-cloud-sdk-core@"*"
└─┬ @n8n/ai-workflow-builder [90m1.26.0[39m
  └─┬ @n8n/ai-utilities [90m0.19.0[39m
    └─┬ @langchain/community [90m1.1.27[39m
      ├── [31m✕ missing peer[39m @browserbasehq/stagehand@^1.0.0
      ├── [31m✕ missing peer[39m @ibm-cloud/watsonx-ai@"*"
      └── [31m✕ missing peer[39m ibm-cloud-sdk-core@"*"
[31m✕ Conflicting peer dependencies:[39m
[31m  vite[39m
Peer dependencies that should be installed:
  @browserbasehq/stagehand@">=1.0.0 <2.0.0-0"
  @ibm-cloud/watsonx-ai@"*"
  ibm-cloud-sdk-core@"*"

[0mpackages/@n8n/json-schema-to-zod[0m
├─┬ vitest [90m4.1.1[39m
│ ├── [31m✕ missing peer[39m vite@"^6.0.0 || ^7.0.0 || ^8.0.0"
│ └─┬ @vitest/mocker [90m4.1.1[39m
│   └── [31m✕ missing peer[39m vite@"^6.0.0 || ^7.0.0 || ^8.0.0"
└─┬ @n8n/vitest-config [90m1.14.0[39m
  └── [31m✕ missing peer[39m vite@catalog:
[31m✕ Conflicting peer dependencies:[39m
[31m  vite[39m

[0mpackages/@n8n/local-gateway[0m
├─┬ vitest [90m4.1.1[39m
│ ├── [31m✕ missing peer[39m vite@"^6.0.0 || ^7.0.0 || ^8.0.0"
│ └─┬ @vitest/mocker [90m4.1.1[39m
│   └── [31m✕ missing peer[39m vite@"^6.0.0 || ^7.0.0 || ^8.0.0"
└─┬ @n8n/vitest-config [90m1.14.0[39m
  └── [31m✕ missing peer[39m vite@catalog:
[31m✕ Conflicting peer dependencies:[39m
[31m  vite[39m

[0mpackages/@n8n/mcp-browser[0m
├─┬ vitest [90m4.1.1[39m
│ └── [31m✕ missing peer[39m vite@"^6.0.0 || ^7.0.0 || ^8.0.0"
└─┬ @n8n/vitest-config [90m1.14.0[39m
  └── [31m✕ missing peer[39m vite@catalog:
[31m✕ Conflicting peer dependencies:[39m
[31m  vite[39m

[0mpackages/@n8n/node-cli[0m
├─┬ vitest [90m4.1.1[39m
│ ├── [31m✕ missing peer[39m vite@"^6.0.0 || ^7.0.0 || ^8.0.0"
│ └─┬ @vitest/mocker [90m4.1.1[39m
│   └── [31m✕ missing peer[39m vite@"^6.0.0 || ^7.0.0 || ^8.0.0"
├─┬ @n8n/vitest-config [90m1.14.0[39m
│ └── [31m✕ missing peer[39m vite@catalog:
└─┬ @n8n/ai-node-sdk [90m0.16.0[39m
  └─┬ @n8n/ai-utilities [90m0.19.0[39m
    ├─┬ @langchain/core [90m1.1.41[39m
    │ └─┬ langsmith [90m0.6.0[39m
    │   └── [31m✕ missing peer[39m openai@"*"
    ├─┬ langchain [90m1.2.30[39m
    │ └─┬ langsmith [90m0.6.0[39m
    │   └── [31m✕ missing peer[39m openai@"*"
    ├─┬ @langchain/classic [90m1.0.27[39m
    │ └─┬ langsmith [90m0.6.0[39m
    │   └── [31m✕ missing peer[39m openai@"*"
    └─┬ @langchain/community [90m1.1.27[39m
      ├── [31m✕ missing peer[39m openai@"*"
      ├── [31m✕ missing peer[39m @browserbasehq/stagehand@^1.0.0
      ├── [31m✕ missing peer[39m @ibm-cloud/watsonx-ai@"*"
      ├── [31m✕ missing peer[39m ibm-cloud-sdk-core@"*"
      ├─┬ langsmith [90m0.6.0[39m
      │ └── [31m✕ missing peer[39m openai@"*"
      └─┬ @langchain/classic [90m1.0.27[39m
        └── [31m✕ missing peer[39m openai@"*"
[31m✕ Conflicting peer dependencies:[39m
[31m  vite[39m
Peer dependencies that should be installed:
  @browserbasehq/stagehand@^1.0.0
  @ibm-cloud/watsonx-ai@"*"
  ibm-cloud-sdk-core@"*"
  openai@"*"

[0mpackages/@n8n/nodes-langchain[0m
├─┬ vitest [90m4.1.1[39m
│ └── [31m✕ missing peer[39m vite@"^6.0.0 || ^7.0.0 || ^8.0.0"
├─┬ @n8n/vitest-config [90m1.14.0[39m
│ └── [31m✕ missing peer[39m vite@catalog:
├─┬ @getzep/zep-cloud [90m1.0.6[39m
│ ├── [93m✕ unmet peer[39m @langchain/core@~0.1.29: found 1.1.41
│ └── [93m✕ unmet peer[39m langchain@~0.1.19: found 1.2.30
├─┬ @browserbasehq/stagehand [90m1.14.0[39m
│ ├── [93m✕ unmet peer[39m dotenv@^16.4.5: found 17.4.2
│ └── [93m✕ unmet peer[39m openai@^4.62.1: found 6.34.0
└─┬ @langchain/community [90m1.1.27[39m
  ├── [93m✕ unmet peer[39m @azure/search-documents@^12.2.0: found 12.1.0
  ├── [93m✕ unmet peer[39m @getzep/zep-js@^2.0.2: found 0.9.0
  ├── [93m✕ unmet peer[39m @huggingface/inference@^4.13.14: found 4.0.5
  ├── [93m✕ unmet peer[39m @xata.io/client@^0.30.1: found 0.28.4
  ├── [93m✕ unmet peer[39m cheerio@^1.2.0: found 1.0.0
  ├── [93m✕ unmet peer[39m d3-dsv@^3.0.1: found 2.0.0
  ├── [93m✕ unmet peer[39m ignore@^7.0.5: found 5.3.2
  └── [93m✕ unmet peer[39m mysql2@^3.19.1: found 3.17.0
[31m✕ Conflicting peer dependencies:[39m
[31m  vite[39m

[0mpackages/@n8n/permissions[0m
├─┬ vitest [90m4.1.1[39m
│ ├── [31m✕ missing peer[39m vite@"^6.0.0 || ^7.0.0 || ^8.0.0"
│ └─┬ @vitest/mocker [90m4.1.1[39m
│   └── [31m✕ missing peer[39m vite@"^6.0.0 || ^7.0.0 || ^8.0.0"
└─┬ @n8n/vitest-config [90m1.14.0[39m
  └── [31m✕ missing peer[39m vite@catalog:
[31m✕ Conflicting peer dependencies:[39m
[31m  vite[39m

[0mpackages/@n8n/scan-community-package[0m
├─┬ vitest [90m4.1.1[39m
│ ├── [31m✕ missing peer[39m vite@"^6.0.0 || ^7.0.0 || ^8.0.0"
│ └─┬ @vitest/mocker [90m4.1.1[39m
│   └── [31m✕ missing peer[39m vite@"^6.0.0 || ^7.0.0 || ^8.0.0"
└─┬ @n8n/vitest-config [90m1.14.0[39m
  └── [31m✕ missing peer[39m vite@catalog:
[31m✕ Conflicting peer dependencies:[39m
[31m  vite[39m

[0mpackages/@n8n/stylelint-config[0m
├─┬ vitest [90m4.1.1[39m
│ ├── [31m✕ missing peer[39m vite@"^6.0.0 || ^7.0.0 || ^8.0.0"
│ └─┬ @vitest/mocker [90m4.1.1[39m
│   └── [31m✕ missing peer[39m vite@"^6.0.0 || ^7.0.0 || ^8.0.0"
└─┬ @n8n/vitest-config [90m1.14.0[39m
  └── [31m✕ missing peer[39m vite@catalog:
[31m✕ Conflicting peer dependencies:[39m
[31m  vite[39m

[0mpackages/@n8n/syslog-client[0m
├─┬ vitest [90m4.1.1[39m
│ ├── [31m✕ missing peer[39m vite@"^6.0.0 || ^7.0.0 || ^8.0.0"
│ └─┬ @vitest/mocker [90m4.1.1[39m
│   └── [31m✕ missing peer[39m vite@"^6.0.0 || ^7.0.0 || ^8.0.0"
└─┬ @n8n/vitest-config [90m1.14.0[39m
  └── [31m✕ missing peer[39m vite@catalog:
[31m✕ Conflicting peer dependencies:[39m
[31m  vite[39m

[0mpackages/@n8n/task-runner[0m
├─┬ vitest [90m4.1.1[39m
│ ├── [31m✕ missing peer[39m vite@"^6.0.0 || ^7.0.0 || ^8.0.0"
│ └─┬ @vitest/mocker [90m4.1.1[39m
│   └── [31m✕ missing peer[39m vite@"^6.0.0 || ^7.0.0 || ^8.0.0"
└─┬ @n8n/vitest-config [90m1.14.0[39m
  └── [31m✕ missing peer[39m vite@catalog:
[31m✕ Conflicting peer dependencies:[39m
[31m  vite[39m

[0mpackages/@n8n/tournament[0m
├─┬ vitest [90m4.1.1[39m
│ ├── [31m✕ missing peer[39m vite@"^6.0.0 || ^7.0.0 || ^8.0.0"
│ └─┬ @vitest/mocker [90m4.1.1[39m
│   └── [31m✕ missing peer[39m vite@"^6.0.0 || ^7.0.0 || ^8.0.0"
└─┬ @n8n/vitest-config [90m1.14.0[39m
  └── [31m✕ missing peer[39m vite@catalog:
[31m✕ Conflicting peer dependencies:[39m
[31m  vite[39m

[0mpackages/@n8n/workflow-sdk[0m
├─┬ vitest [90m4.1.1[39m
│ ├── [31m✕ missing peer[39m vite@"^6.0.0 || ^7.0.0 || ^8.0.0"
│ └─┬ @vitest/mocker [90m4.1.1[39m
│   └── [31m✕ missing peer[39m vite@"^6.0.0 || ^7.0.0 || ^8.0.0"
└─┬ @n8n/vitest-config [90m1.14.0[39m
  └── [31m✕ missing peer[39m vite@catalog:
[31m✕ Conflicting peer dependencies:[39m
[31m  vite[39m

[0mpackages/cli[0m
├─┬ @getzep/zep-cloud [90m1.0.6[39m
│ ├── [93m✕ unmet peer[39m @langchain/core@~0.1.29: found 1.1.41
│ └── [93m✕ unmet peer[39m langchain@~0.1.19: found 1.2.30
├─┬ @browserbasehq/stagehand [90m1.14.0[39m
│ ├── [93m✕ unmet peer[39m dotenv@^16.4.5: found 17.2.3
│ └── [93m✕ unmet peer[39m openai@^4.62.1: found 6.19.0
├─┬ @n8n/agents [90m0.11.0[39m
│ └─┬ @n8n/ai-utilities [90m0.19.0[39m
│   └─┬ @langchain/community [90m1.1.27[39m
│     ├── [93m✕ unmet peer[39m @azure/search-documents@^12.2.0: found 12.1.0
│     ├── [93m✕ unmet peer[39m @getzep/zep-js@^2.0.2: found 0.9.0
│     ├── [93m✕ unmet peer[39m @huggingface/inference@^4.13.14: found 4.0.5
│     ├── [93m✕ unmet peer[39m @xata.io/client@^0.30.1: found 0.28.4
│     ├── [93m✕ unmet peer[39m cheerio@^1.2.0: found 1.0.0
│     ├── [93m✕ unmet peer[39m d3-dsv@^3.0.1: found 2.0.0
│     ├── [93m✕ unmet peer[39m ignore@^7.0.5: found 5.3.2
│     └── [93m✕ unmet peer[39m mysql2@^3.19.1: found 3.17.0
├─┬ @n8n/n8n-nodes-langchain [90m2.26.0[39m
│ └─┬ @n8n/ai-utilities [90m0.19.0[39m
│   └─┬ @langchain/community [90m1.1.27[39m
│     ├── [93m✕ unmet peer[39m @azure/search-documents@^12.2.0: found 12.1.0
│     ├── [93m✕ unmet peer[39m @getzep/zep-js@^2.0.2: found 0.9.0
│     ├── [93m✕ unmet peer[39m @huggingface/inference@^4.13.14: found 4.0.5
│     ├── [93m✕ unmet peer[39m @xata.io/client@^0.30.1: found 0.28.4
│     ├── [93m✕ unmet peer[39m cheerio@^1.2.0: found 1.0.0
│     ├── [93m✕ unmet peer[39m d3-dsv@^3.0.1: found 2.0.0
│     ├── [93m✕ unmet peer[39m ignore@^7.0.5: found 5.3.2
│     └── [93m✕ unmet peer[39m mysql2@^3.19.1: found 3.17.0
└─┬ @n8n/mcp-apps [90m0.3.0[39m
  └── [93m✕ unmet peer[39m @modelcontextprotocol/sdk@catalog:: found 1.26.0
Peer dependencies that should be installed:
  ts-morph@catalog:

[0mpackages/core[0m
├─┬ vitest [90m4.1.1[39m
│ ├── [31m✕ missing peer[39m vite@"^6.0.0 || ^7.0.0 || ^8.0.0"
│ └─┬ @vitest/mocker [90m4.1.1[39m
│   └── [31m✕ missing peer[39m vite@"^6.0.0 || ^7.0.0 || ^8.0.0"
└─┬ @n8n/vitest-config [90m1.14.0[39m
  └── [31m✕ missing peer[39m vite@catalog:
[31m✕ Conflicting peer dependencies:[39m
[31m  vite[39m
Peer dependencies that should be installed:
  ts-morph@catalog:

[0mpackages/extensions/insights[0m
└─┬ @n8n/extension-sdk [90m0.11.0[39m
  └── [93m✕ unmet peer[39m vue-router@catalog:frontend: found 4.5.0

[0mpackages/frontend/@n8n/rest-api-client[0m
└─┬ @n8n/i18n [90m2.26.0[39m
  ├── [31m✕ missing peer[39m vue@catalog:frontend
  └─┬ vue-i18n [90m11.4.5[39m
    └── [31m✕ missing peer[39m vue@^3.0.0
[31m✕ Conflicting peer dependencies:[39m
[31m  vue[39m
Peer dependencies that should be installed:
  ts-morph@catalog:

[0mpackages/frontend/@n8n/storybook[0m
├─┬ vitest [90m4.1.1[39m
│ └── [93m✕ unmet peer[39m @vitest/browser-playwright@4.1.1: found 4.0.16
└─┬ @n8n/stores [90m2.26.0[39m
  └── [93m✕ unmet peer[39m pinia@catalog:frontend: found 2.2.4
[31m✕ Conflicting peer dependencies:[39m
[31m  @vueuse/core[39m

[0mpackages/nodes-base[0m
├─┬ vitest [90m4.1.1[39m
│ └── [31m✕ missing peer[39m vite@"^6.0.0 || ^7.0.0 || ^8.0.0"
└─┬ @n8n/vitest-config [90m1.14.0[39m
  └── [31m✕ missing peer[39m vite@catalog:
[31m✕ Conflicting peer dependencies:[39m
[31m  vite[39m
Peer dependencies that should be installed:
  ts-morph@catalog:

[0mpackages/testing/code-health[0m
├─┬ vitest [90m4.1.1[39m
│ ├── [31m✕ missing peer[39m vite@"^6.0.0 || ^7.0.0 || ^8.0.0"
│ └─┬ @vitest/mocker [90m4.1.1[39m
│   └── [31m✕ missing peer[39m vite@"^6.0.0 || ^7.0.0 || ^8.0.0"
└─┬ @n8n/vitest-config [90m1.14.0[39m
  └── [31m✕ missing peer[39m vite@catalog:
[31m✕ Conflicting peer dependencies:[39m
[31m  vite[39m

[0mpackages/testing/playwright[0m
├─┬ n8n [90m2.26.0[39m
│ ├─┬ @n8n/n8n-nodes-langchain [90m2.26.0[39m
│ │ ├─┬ @microsoft/agents-a365-tooling-extensions-langchain [90m0.1.0-preview.113[39m
│ │ │ ├── [31m✕ missing peer[39m @langchain/langgraph@^1.0.0
│ │ │ └─┬ @langchain/mcp-adapters [90m1.1.2[39m
│ │ │   └── [31m✕ missing peer[39m @langchain/langgraph@^1.0.0
│ │ ├─┬ @oracle/langchain-oracledb [90m0.2.0[39m
│ │ │ └── [31m✕ missing peer[39m oracledb@^6.10.0
│ │ ├─┬ n8n-nodes-base [90m2.26.0[39m
│ │ │ ├─┬ promise-ftp [90m1.3.5[39m
│ │ │ │ └── [31m✕ missing peer[39m promise-ftp-common@^1.1.5
│ │ │ ├─┬ snowflake-sdk [90m2.1.0[39m
│ │ │ │ ├── [31m✕ missing peer[39m asn1.js@^5.4.1
│ │ │ │ └─┬ asn1.js-rfc2560 [90m5.0.1[39m
│ │ │ │   └── [31m✕ missing peer[39m asn1.js@^5.0.0
│ │ │ └─┬ ts-ics [90m1.2.2[39m
│ │ │   ├── [31m✕ missing peer[39m date-fns@2.30.0
│ │ │   └─┬ date-fns-tz [90m2.0.0[39m
│ │ │     └── [31m✕ missing peer[39m date-fns@2.30.0
│ │ ├─┬ @getzep/zep-cloud [90m1.0.6[39m
│ │ │ ├── ✕ unmet peer @langchain/core@~0.1.29: found 1.1.41 in @n8n/n8n-nodes-langchain
│ │ │ └── ✕ unmet peer langchain@~0.1.19: found 1.2.30 in @n8n/n8n-nodes-langchain
│ │ └─┬ @n8n/ai-utilities [90m0.19.0[39m
│ │   └─┬ @langchain/community [90m1.1.27[39m
│ │     ├── ✕ unmet peer @azure/search-documents@^12.2.0: found 12.1.0 in @n8n/n8n-nodes-langchain
│ │     ├── ✕ unmet peer @getzep/zep-js@^2.0.2: found 0.9.0 in @n8n/n8n-nodes-langchain
│ │     ├── ✕ unmet peer @huggingface/inference@^4.13.14: found 4.0.5 in @n8n/n8n-nodes-langchain
│ │     ├── ✕ unmet peer @xata.io/client@^0.30.1: found 0.28.4 in @n8n/n8n-nodes-langchain
│ │     ├── ✕ unmet peer cheerio@^1.2.0: found 1.0.0 in @n8n/n8n-nodes-langchain
│ │     ├── ✕ unmet peer d3-dsv@^3.0.1: found 2.0.0 in @n8n/n8n-nodes-langchain
│ │     ├── ✕ unmet peer ignore@^7.0.5: found 5.3.2 in @n8n/n8n-nodes-langchain
│ │     └── ✕ unmet peer mysql2@^3.19.1: found 3.17.0 in @n8n/n8n-nodes-langchain
│ ├─┬ n8n-nodes-base [90m2.26.0[39m
│ │ ├─┬ promise-ftp [90m1.3.5[39m
│ │ │ └── [31m✕ missing peer[39m promise-ftp-common@^1.1.5
│ │ ├─┬ snowflake-sdk [90m2.1.0[39m
│ │ │ └── [31m✕ missing peer[39m asn1.js@^5.4.1
│ │ └─┬ ts-ics [90m1.2.2[39m
│ │   └── [31m✕ missing peer[39m date-fns@2.30.0
│ └─┬ @chat-adapter/linear [90m4.28.1[39m
│   └─┬ @linear/sdk [90m76.0.0[39m
│     └─┬ @graphql-typed-document-node/core [90m3.2.0[39m
│       └── [31m✕ missing peer[39m graphql@"^0.8.0 || ^0.9.0 || ^0.10.0 || ^0.11.0 || ^0.12.0 || ^0.13.0 || ^14.0.0 || ^15.0.0 || ^16.0.0 || ^17.0.0"
└─┬ @n8n/playwright-janitor [90m0.1.0[39m
  └── [93m✕ unmet peer[39m ts-morph@catalog:: found 27.0.2
Peer dependencies that should be installed:
  @langchain/langgraph@">=1.0.0 <2.0.0-0"
  asn1.js@">=5.4.1 <6.0.0-0"
  date-fns@2.30.0
  graphql@"^0.8.0 || ^0.9.0 || ^0.10.0 || ^0.11.0 || ^0.12.0 || ^0.13.0 || ^14.0.0 || ^15.0.0 || ^16.0.0 || ^17.0.0"
  oracledb@^6.10.0
  promise-ftp-common@">=1.1.5 <2.0.0-0"

[0mpackages/testing/rules-engine[0m
├─┬ vitest [90m4.1.1[39m
│ ├── [31m✕ missing peer[39m vite@"^6.0.0 || ^7.0.0 || ^8.0.0"
│ └─┬ @vitest/mocker [90m4.1.1[39m
│   └── [31m✕ missing peer[39m vite@"^6.0.0 || ^7.0.0 || ^8.0.0"
└─┬ @n8n/vitest-config [90m1.14.0[39m
  └── [31m✕ missing peer[39m vite@catalog:
[31m✕ Conflicting peer dependencies:[39m
[31m  vite[39m

[0mpackages/workflow[0m
├─┬ vitest [90m4.1.1[39m
│ ├── [31m✕ missing peer[39m vite@"^6.0.0 || ^7.0.0 || ^8.0.0"
│ └─┬ @vitest/mocker [90m4.1.1[39m
│   └── [31m✕ missing peer[39m vite@"^6.0.0 || ^7.0.0 || ^8.0.0"
└─┬ @n8n/vitest-config [90m1.14.0[39m
  └── [31m✕ missing peer[39m vite@catalog:
[31m✕ Conflicting peer dependencies:[39m
[31m  vite[39m
Peer dependencies that should be installed:
  ts-morph@catalog:
INFO: Skipping SBOM/license generation (set N8N_GENERATE_LICENSES=true to enable)
$ du -sh /Users/baivab/Workspace/Personal/n8n_forked/n8n/compiled | cut -f1
1.4G
$ du -sh /Users/baivab/Workspace/Personal/n8n_forked/n8n/dist/task-runner-javascript | cut -f1
197M
✅ Package deployment completed in 39s
INFO: Size of /Users/baivab/Workspace/Personal/n8n_forked/n8n/compiled: 1.4G
-----------------------------------------------

================ BUILD SUMMARY ================
✅ n8n built successfully!

📦 Build Output:
   n8n:
   Directory:      /Users/baivab/Workspace/Personal/n8n_forked/n8n/compiled
   Size:           1.4G

   task-runner-javascript:
   Directory:      /Users/baivab/Workspace/Personal/n8n_forked/n8n/dist/task-runner-javascript
   Size:           197M

⏱️  Build Times:
   Package Build:  1m 21s
   Package Deploy: 39s
   -----------------------------
   Total Time:     2m 8s

📋 Build Manifests:
   /Users/baivab/Workspace/Personal/n8n_forked/n8n/compiled/build-manifest.json
   /Users/baivab/Workspace/Personal/n8n_forked/n8n/dist/task-runner-javascript/build-manifest.json
==============================================
===== Docker Build for n8n & Runners =====
INFO: n8n Image: n8nio/n8n:local
INFO: Runners Image: n8nio/runners:local
INFO: Platform: linux/arm64
-----------------------------------------------
INFO: Building n8n Docker image using docker...
#0 building with "desktop-linux" instance using docker driver

#1 [internal] load build definition from Dockerfile
#1 transferring dockerfile: 2.83kB done
#1 DONE 0.0s

#2 [internal] load metadata for docker.io/library/node:24.16.0-alpine3.22@sha256:191c9f0080fcbbc6547a85dc0ff7988072214a355aabdc1d2ec55a7dae5eea8a
#2 DONE 1.6s

#3 [internal] load metadata for docker.io/n8nio/base:24.16.0@sha256:a1aa4005e4faebd6da3ba51ec28180a3fb421243d921fa0efbba2d21395012f0
#3 DONE 1.6s

#4 [internal] load .dockerignore
#4 transferring context: 1.05kB done
#4 DONE 0.0s

#5 [stage-1 1/5] FROM docker.io/n8nio/base:24.16.0@sha256:a1aa4005e4faebd6da3ba51ec28180a3fb421243d921fa0efbba2d21395012f0
#5 resolve docker.io/n8nio/base:24.16.0@sha256:a1aa4005e4faebd6da3ba51ec28180a3fb421243d921fa0efbba2d21395012f0 done
#5 DONE 0.0s

#6 [builder 1/3] FROM docker.io/library/node:24.16.0-alpine3.22@sha256:191c9f0080fcbbc6547a85dc0ff7988072214a355aabdc1d2ec55a7dae5eea8a
#6 resolve docker.io/library/node:24.16.0-alpine3.22@sha256:191c9f0080fcbbc6547a85dc0ff7988072214a355aabdc1d2ec55a7dae5eea8a done
#6 DONE 0.0s

#7 [internal] load build context
#7 transferring context: 357.66MB 5.0s
#7 transferring context: 769.38MB 10.0s
#7 transferring context: 1.12GB 14.6s done
#7 DONE 14.9s

#6 [builder 1/3] FROM docker.io/library/node:24.16.0-alpine3.22@sha256:191c9f0080fcbbc6547a85dc0ff7988072214a355aabdc1d2ec55a7dae5eea8a
#6 CACHED

#8 [builder 2/3] COPY ./compiled /usr/local/lib/node_modules/n8n
#8 DONE 8.2s

#9 [builder 3/3] RUN apk add --no-cache python3 make g++ &&     cd /usr/local/lib/node_modules/n8n &&     npm rebuild sqlite3 &&     rm -rf node_modules/isolated-vm/prebuilds &&     cd node_modules/isolated-vm &&     node /usr/local/lib/node_modules/npm/node_modules/node-gyp/bin/node-gyp.js rebuild --release -j max
#9 0.554 fetch https://dl-cdn.alpinelinux.org/alpine/v3.22/main/aarch64/APKINDEX.tar.gz
#9 0.825 fetch https://dl-cdn.alpinelinux.org/alpine/v3.22/community/aarch64/APKINDEX.tar.gz
#9 1.147 (1/29) Installing libstdc++-dev (14.2.0-r6)
#9 1.405 (2/29) Installing jansson (2.14.1-r0)
#9 1.419 (3/29) Installing zstd-libs (1.5.7-r0)
#9 1.456 (4/29) Installing binutils (2.44-r3)
#9 1.548 (5/29) Installing libgomp (14.2.0-r6)
#9 1.570 (6/29) Installing libatomic (14.2.0-r6)
#9 1.581 (7/29) Installing gmp (6.3.0-r3)
#9 1.598 (8/29) Installing isl26 (0.26-r1)
#9 1.629 (9/29) Installing mpfr4 (4.2.1_p1-r0)
#9 1.647 (10/29) Installing mpc1 (1.3.1-r1)
#9 1.659 (11/29) Installing gcc (14.2.0-r6)
#9 8.321 (12/29) Installing musl-dev (1.2.5-r12)
#9 8.756 (13/29) Installing g++ (14.2.0-r6)
#9 11.23 (14/29) Installing make (4.4.1-r3)
#9 11.26 (15/29) Installing libbz2 (1.0.8-r6)
#9 11.28 (16/29) Installing libexpat (2.7.5-r0)
#9 11.30 (17/29) Installing libffi (3.4.8-r0)
#9 11.31 (18/29) Installing gdbm (1.24-r0)
#9 11.32 (19/29) Installing xz-libs (5.8.3-r0)
#9 11.35 (20/29) Installing mpdecimal (4.0.1-r0)
#9 11.38 (21/29) Installing ncurses-terminfo-base (6.5_p20250503-r0)
#9 11.40 (22/29) Installing libncursesw (6.5_p20250503-r0)
#9 11.43 (23/29) Installing libpanelw (6.5_p20250503-r0)
#9 11.44 (24/29) Installing readline (8.2.13-r1)
#9 11.47 (25/29) Installing sqlite-libs (3.49.2-r1)
#9 11.59 (26/29) Installing python3 (3.12.13-r0)
#9 12.54 (27/29) Installing python3-pycache-pyc0 (3.12.13-r0)
#9 13.13 (28/29) Installing pyc (3.12.13-r0)
#9 13.13 (29/29) Installing python3-pyc (3.12.13-r0)
#9 13.13 Executing busybox-1.37.0-r20.trigger
#9 13.14 OK: 260 MiB in 47 packages
#9 16.71 rebuilt dependencies successfully
#9 16.71 npm notice
#9 16.71 npm notice New minor version of npm available! 11.13.0 -> 11.17.0
#9 16.71 npm notice Changelog: https://github.com/npm/cli/releases/tag/v11.17.0
#9 16.71 npm notice To update run: npm install -g npm@11.17.0
#9 16.71 npm notice
#9 16.75 gyp info it worked if it ends with ok
#9 16.75 gyp info using node-gyp@12.3.0
#9 16.75 gyp info using node@24.16.0 | linux | arm64
#9 16.78 gyp info find Python using Python version 3.12.13 found at "/usr/bin/python3"
#9 16.82 
#9 16.82 gyp http GET https://nodejs.org/download/release/v24.16.0/node-v24.16.0-headers.tar.gz
#9 16.91 gyp http 200 https://nodejs.org/download/release/v24.16.0/node-v24.16.0-headers.tar.gz
#9 18.52 gyp http GET https://nodejs.org/download/release/v24.16.0/SHASUMS256.txt
#9 18.55 gyp http 200 https://nodejs.org/download/release/v24.16.0/SHASUMS256.txt
#9 18.87 gyp info spawn /usr/bin/python3
#9 18.87 gyp info spawn args [
#9 18.87 gyp info spawn args '/usr/local/lib/node_modules/npm/node_modules/node-gyp/gyp/gyp_main.py',
#9 18.87 gyp info spawn args 'binding.gyp',
#9 18.87 gyp info spawn args '-f',
#9 18.87 gyp info spawn args 'make',
#9 18.87 gyp info spawn args '-I',
#9 18.87 gyp info spawn args '/usr/local/lib/node_modules/n8n/node_modules/.pnpm/isolated-vm@6.1.2/node_modules/isolated-vm/build/config.gypi',
#9 18.87 gyp info spawn args '-I',
#9 18.87 gyp info spawn args '/usr/local/lib/node_modules/npm/node_modules/node-gyp/addon.gypi',
#9 18.87 gyp info spawn args '-I',
#9 18.87 gyp info spawn args '/root/.cache/node-gyp/24.16.0/include/node/common.gypi',
#9 18.87 gyp info spawn args '-Dlibrary=shared_library',
#9 18.87 gyp info spawn args '-Dvisibility=default',
#9 18.87 gyp info spawn args '-Dnode_root_dir=/root/.cache/node-gyp/24.16.0',
#9 18.87 gyp info spawn args '-Dnode_gyp_dir=/usr/local/lib/node_modules/npm/node_modules/node-gyp',
#9 18.87 gyp info spawn args '-Dnode_lib_file=/root/.cache/node-gyp/24.16.0/<(target_arch)/node.lib',
#9 18.87 gyp info spawn args '-Dmodule_root_dir=/usr/local/lib/node_modules/n8n/node_modules/.pnpm/isolated-vm@6.1.2/node_modules/isolated-vm',
#9 18.87 gyp info spawn args '-Dnode_engine=v8',
#9 18.87 gyp info spawn args '--depth=.',
#9 18.87 gyp info spawn args '--no-parallel',
#9 18.87 gyp info spawn args '--generator-output',
#9 18.87 gyp info spawn args 'build',
#9 18.87 gyp info spawn args '-Goutput_dir=.'
#9 18.87 gyp info spawn args ]
#9 19.03 gyp info spawn make
#9 19.03 gyp info spawn args [ 'BUILDTYPE=Release', '-C', 'build', '--jobs', 4 ]
#9 19.03 make: Entering directory '/usr/local/lib/node_modules/n8n/node_modules/.pnpm/isolated-vm@6.1.2/node_modules/isolated-vm/build'
#9 19.03   CXX(target) Release/obj.target/nortti/src/external_copy/serializer_nortti.o
#9 19.03   CXX(target) Release/obj.target/nortti/src/isolate/allocator_nortti.o
#9 20.26 rm -f Release/obj.target/nortti.a Release/obj.target/nortti.a.ar-file-list; mkdir -p `dirname Release/obj.target/nortti.a`
#9 20.26 ar crs Release/obj.target/nortti.a @Release/obj.target/nortti.a.ar-file-list
#9 20.27   COPY Release/nortti.a
#9 20.27   CXX(target) Release/obj.target/isolated_vm/src/external_copy/external_copy.o
#9 20.27   CXX(target) Release/obj.target/isolated_vm/src/external_copy/serializer.o
#9 20.27   CXX(target) Release/obj.target/isolated_vm/src/external_copy/string.o
#9 20.27   CXX(target) Release/obj.target/isolated_vm/src/isolate/environment.o
#9 21.64   CXX(target) Release/obj.target/isolated_vm/src/isolate/cpu_profile_manager.o
#9 21.85   CXX(target) Release/obj.target/isolated_vm/src/isolate/executor.o
#9 22.24   CXX(target) Release/obj.target/isolated_vm/src/isolate/holder.o
#9 22.56   CXX(target) Release/obj.target/isolated_vm/src/isolate/inspector.o
#9 22.92   CXX(target) Release/obj.target/isolated_vm/src/isolate/platform_delegate.o
#9 23.28   CXX(target) Release/obj.target/isolated_vm/src/isolate/scheduler.o
#9 23.43   CXX(target) Release/obj.target/isolated_vm/src/isolate/stack_trace.o
#9 23.44   CXX(target) Release/obj.target/isolated_vm/src/isolate/three_phase_task.o
#9 23.98   CXX(target) Release/obj.target/isolated_vm/src/lib/thread_pool.o
#9 24.50   CXX(target) Release/obj.target/isolated_vm/src/lib/timer.o
#9 24.55   CXX(target) Release/obj.target/isolated_vm/src/module/callback.o
#9 24.84   CXX(target) Release/obj.target/isolated_vm/src/module/context_handle.o
#9 25.12   CXX(target) Release/obj.target/isolated_vm/src/module/evaluation.o
#9 25.57   CXX(target) Release/obj.target/isolated_vm/src/module/external_copy_handle.o
#9 26.64   CXX(target) Release/obj.target/isolated_vm/src/module/isolate.o
#9 26.72   CXX(target) Release/obj.target/isolated_vm/src/module/isolate_handle.o
#9 27.58   CXX(target) Release/obj.target/isolated_vm/src/module/lib_handle.o
#9 27.81   CXX(target) Release/obj.target/isolated_vm/src/module/module_handle.o
#9 28.49   CXX(target) Release/obj.target/isolated_vm/src/module/native_module_handle.o
#9 29.23   CXX(target) Release/obj.target/isolated_vm/src/module/reference_handle.o
#9 30.95   CXX(target) Release/obj.target/isolated_vm/src/module/script_handle.o
#9 31.46   CXX(target) Release/obj.target/isolated_vm/src/module/session_handle.o
#9 31.72   CXX(target) Release/obj.target/isolated_vm/src/module/transferable.o
#9 33.97   SOLINK_MODULE(target) Release/obj.target/isolated_vm.node
#9 34.11   COPY Release/isolated_vm.node
#9 34.12 make: Leaving directory '/usr/local/lib/node_modules/n8n/node_modules/.pnpm/isolated-vm@6.1.2/node_modules/isolated-vm/build'
#9 34.12 gyp info ok 
#9 DONE 34.3s

#10 [stage-1 2/5] WORKDIR /home/node
#10 CACHED

#11 [stage-1 3/5] COPY --from=builder /usr/local/lib/node_modules/n8n /usr/local/lib/node_modules/n8n
#11 DONE 8.1s

#12 [stage-1 4/5] COPY docker/images/n8n/docker-entrypoint.sh /
#12 DONE 0.4s

#13 [stage-1 5/5] RUN ln -s /usr/local/lib/node_modules/n8n/bin/n8n /usr/local/bin/n8n &&     mkdir -p /home/node/.n8n &&     chown -R node:node /home/node &&     rm -rf /root/.npm /tmp/*
#13 DONE 0.1s

#14 exporting to image
#14 exporting layers
#14 exporting layers 28.6s done
#14 exporting manifest sha256:d65923db44b5bb11c66aa2549c26411f0d2dbc9f0d6cd5ad77722e0357112daa 0.0s done
#14 exporting config sha256:e613fa69d693b360e19d36aa4082e50909202abc78a153e7b919e7ebce434c37 done
#14 exporting attestation manifest sha256:e6c61d145737be18fbcf1c70a9ea5afebc81986138c575b45c8df8e8b5452960 0.0s done
#14 exporting manifest list sha256:0478ac60c8ff26ee9923c78e75e5eff0507113cfa8ff62f93d489f3f1580ee47 done
#14 naming to docker.io/n8nio/n8n:local done
#14 unpacking to docker.io/n8nio/n8n:local
#14 unpacking to docker.io/n8nio/n8n:local 11.4s done
#14 DONE 40.2s

View build details: docker-desktop://dashboard/build/desktop-linux/desktop-linux/htbsms7viix9mukrxtffa1egm

INFO: Building runners Docker image using docker...
#0 building with "desktop-linux" instance using docker driver

#1 [internal] load build definition from Dockerfile
#1 transferring dockerfile: 6.84kB done
#1 DONE 0.0s

#2 [internal] load metadata for docker.io/library/alpine:3.22
#2 ...

#3 [internal] load metadata for docker.io/library/node:24.16.0-alpine3.22
#3 DONE 0.9s

#4 [internal] load metadata for docker.io/library/python:3.13-alpine
#4 ...

#2 [internal] load metadata for docker.io/library/alpine:3.22
#2 DONE 1.5s

#4 [internal] load metadata for docker.io/library/python:3.13-alpine
#4 DONE 1.5s

#5 [internal] load .dockerignore
#5 transferring context: 1.05kB done
#5 DONE 0.0s

#6 [launcher-downloader 1/2] FROM docker.io/library/alpine:3.22@sha256:310c62b5e7ca5b08167e4384c68db0fd2905dd9c7493756d356e893909057601
#6 resolve docker.io/library/alpine:3.22@sha256:310c62b5e7ca5b08167e4384c68db0fd2905dd9c7493756d356e893909057601 0.0s done
#6 DONE 0.0s

#7 [python-runner-builder 1/9] FROM docker.io/library/python:3.13-alpine@sha256:db66119d6609a3a941a9433b225f4e13d33c459cede097cf3ec2fc4d1bd314b2
#7 resolve docker.io/library/python:3.13-alpine@sha256:db66119d6609a3a941a9433b225f4e13d33c459cede097cf3ec2fc4d1bd314b2 0.0s done
#7 DONE 0.0s

#8 [javascript-runner-builder 1/6] FROM docker.io/library/node:24.16.0-alpine3.22@sha256:191c9f0080fcbbc6547a85dc0ff7988072214a355aabdc1d2ec55a7dae5eea8a
#8 resolve docker.io/library/node:24.16.0-alpine3.22@sha256:191c9f0080fcbbc6547a85dc0ff7988072214a355aabdc1d2ec55a7dae5eea8a 0.0s done
#8 DONE 0.0s

#9 [internal] load build context
#9 transferring context: 150.42MB 3.6s done
#9 DONE 3.8s

#8 [javascript-runner-builder 1/6] FROM docker.io/library/node:24.16.0-alpine3.22@sha256:191c9f0080fcbbc6547a85dc0ff7988072214a355aabdc1d2ec55a7dae5eea8a
#8 CACHED

#10 [javascript-runner-builder 2/6] COPY ./dist/task-runner-javascript /app/task-runner-javascript
#10 DONE 1.8s

#11 [javascript-runner-builder 3/6] WORKDIR /app/task-runner-javascript
#11 DONE 0.1s

#12 [javascript-runner-builder 4/6] RUN corepack enable pnpm
#12 DONE 0.3s

#13 [javascript-runner-builder 5/6] RUN node -e "const pkg = require('./package.json');     Object.keys(pkg.dependencies || {}).forEach(k => {         const val = pkg.dependencies[k];         if (val === 'catalog:' || val.startsWith('catalog:') || val.startsWith('workspace:'))             delete pkg.dependencies[k];     });     Object.keys(pkg.devDependencies || {}).forEach(k => {         const val = pkg.devDependencies[k];         if (val === 'catalog:' || val.startsWith('catalog:') || val.startsWith('workspace:'))             delete pkg.devDependencies[k];     });     delete pkg.devDependencies;     require('fs').writeFileSync('./package.json', JSON.stringify(pkg, null, 2));"
#13 DONE 0.1s

#14 [javascript-runner-builder 6/6] RUN rm -f node_modules/.modules.yaml &&     pnpm add moment@2.30.1 --prod --no-lockfile
#14 0.686 ! Corepack is about to download https://registry.npmjs.org/pnpm/-/pnpm-11.6.0.tgz
#14 1.312 ? Verifying lockfile against supply-chain policies (349 entries)...
#14 2.746 ✓ Lockfile passes supply-chain policies (349 entries in 1.4s)
#14 2.763 Progress: resolved 1, reused 0, downloaded 0, added 0
#14 2.824 node_modules/.pnpm                       | [WARN] Cannot find resolution of @ai-sdk/amazon-bedrock@4.0.113(zod@3.25.67) in lockfile
#14 2.824 node_modules/.pnpm                       | [WARN] Cannot find resolution of @ai-sdk/anthropic@3.0.81(zod@3.25.67) in lockfile
#14 2.824 node_modules/.pnpm                       | [WARN] Cannot find resolution of @ai-sdk/azure@3.0.70(zod@3.25.67) in lockfile
#14 2.824 node_modules/.pnpm                       | [WARN] Cannot find resolution of @ai-sdk/cohere@3.0.36(zod@3.25.67) in lockfile
#14 2.824 node_modules/.pnpm                       | [WARN] Cannot find resolution of @ai-sdk/deepseek@2.0.35(zod@3.25.67) in lockfile
#14 2.824 node_modules/.pnpm                       | [WARN] Cannot find resolution of @ai-sdk/gateway@3.0.125(zod@3.25.67) in lockfile
#14 2.824 node_modules/.pnpm                       | [WARN] Cannot find resolution of @ai-sdk/google@3.0.80(zod@3.25.67) in lockfile
#14 2.824 node_modules/.pnpm                       | [WARN] Cannot find resolution of @ai-sdk/groq@3.0.39(zod@3.25.67) in lockfile
#14 2.824 node_modules/.pnpm                       | [WARN] Cannot find resolution of @ai-sdk/mistral@3.0.37(zod@3.25.67) in lockfile
#14 2.824 node_modules/.pnpm                       | [WARN] Cannot find resolution of @ai-sdk/openai@3.0.68(zod@3.25.67) in lockfile
#14 2.824 node_modules/.pnpm                       | [WARN] Cannot find resolution of @ai-sdk/openai-compatible@2.0.48(zod@3.25.67) in lockfile
#14 2.824 node_modules/.pnpm                       | [WARN] Cannot find resolution of @ai-sdk/provider-utils@4.0.27(zod@3.25.67) in lockfile
#14 2.824 node_modules/.pnpm                       | [WARN] Cannot find resolution of @ai-sdk/xai@3.0.93(zod@3.25.67) in lockfile
#14 2.824 node_modules/.pnpm                       | [WARN] Cannot find resolution of @daytonaio/sdk@0.175.0(ws@8.21.0(bufferutil@4.0.9)(utf-8-validate@5.0.10)) in lockfile
#14 2.824 node_modules/.pnpm                       | [WARN] Cannot find resolution of @modelcontextprotocol/sdk@1.26.0(zod@3.25.67) in lockfile
#14 2.824 node_modules/.pnpm                       | [WARN] Cannot find resolution of @n8n/ai-utilities@file:packages/@n8n/ai-utilities(a30190a473fc6d56a74c3ec3978be707) in lockfile
#14 2.824 node_modules/.pnpm                       | [WARN] Cannot find resolution of @n8n/sandbox-client@0.0.4 in lockfile
#14 2.824 node_modules/.pnpm                       | [WARN] Cannot find resolution of @n8n/utils@file:packages/@n8n/utils in lockfile
#14 2.825 node_modules/.pnpm                       | [WARN] Cannot find resolution of @openrouter/ai-sdk-provider@2.9.0(ai@6.0.197(zod@3.25.67))(zod@3.25.67) in lockfile
#14 2.825 node_modules/.pnpm                       | [WARN] Cannot find resolution of @opentelemetry/exporter-trace-otlp-http@0.217.0(@opentelemetry/api@1.9.0) in lockfile
#14 2.825 node_modules/.pnpm                       | [WARN] Cannot find resolution of @opentelemetry/sdk-trace-node@2.7.1(@opentelemetry/api@1.9.0) in lockfile
#14 2.825 node_modules/.pnpm                       | [WARN] Cannot find resolution of ai@6.0.197(zod@3.25.67) in lockfile
#14 2.825 node_modules/.pnpm                       | [WARN] Cannot find resolution of ajv@8.18.0 in lockfile
#14 2.825 node_modules/.pnpm                       | [WARN] Cannot find resolution of langsmith@0.6.0(@opentelemetry/api@1.9.0)(@opentelemetry/exporter-trace-otlp-proto@0.217.0(@opentelemetry/api@1.9.0))(@opentelemetry/sdk-trace-base@2.7.1(@opentelemetry/api@1.9.0))(openai@6.34.0(ws@8.21.0(bufferutil@4.0.9)(utf-8-validate@5.0.10))(zod@3.25.67))(ws@8.21.0(bufferutil@4.0.9)(utf-8-validate@5.0.10)) in lockfile
#14 2.825 node_modules/.pnpm                       | [WARN] Cannot find resolution of yaml@2.8.3 in lockfile
#14 2.825 node_modules/.pnpm                       | [WARN] Cannot find resolution of @n8n/ai-utilities@file:packages/@n8n/ai-utilities(a44237599e8b54bf4cf0585418bc959c) in lockfile
#14 2.825 node_modules/.pnpm                       | [WARN] Cannot find resolution of @langchain/classic@1.0.27(@langchain/core@1.1.41(@opentelemetry/api@1.9.0)(@opentelemetry/exporter-trace-otlp-proto@0.217.0(@opentelemetry/api@1.9.0))(@opentelemetry/sdk-trace-base@2.7.1(@opentelemetry/api@1.9.0))(openai@6.34.0(ws@8.21.0(bufferutil@4.0.9)(utf-8-validate@5.0.10))(zod@3.25.67))(ws@8.21.0(bufferutil@4.0.9)(utf-8-validate@5.0.10)))(@opentelemetry/api@1.9.0)(@opentelemetry/exporter-trace-otlp-proto@0.217.0(@opentelemetry/api@1.9.0))(@opentelemetry/sdk-trace-base@2.7.1(@opentelemetry/api@1.9.0))(openai@6.34.0(ws@8.21.0(bufferutil@4.0.9)(utf-8-validate@5.0.10))(zod@3.25.67))(ws@8.21.0(bufferutil@4.0.9)(utf-8-validate@5.0.10)) in lockfile
#14 2.825 node_modules/.pnpm                       | [WARN] Cannot find resolution of @langchain/community@1.1.27(e35e9689caf4e0c6122c633565aa275b) in lockfile
#14 2.825 node_modules/.pnpm                       | [WARN] Cannot find resolution of @langchain/core@1.1.41(@opentelemetry/api@1.9.0)(@opentelemetry/exporter-trace-otlp-proto@0.217.0(@opentelemetry/api@1.9.0))(@opentelemetry/sdk-trace-base@2.7.1(@opentelemetry/api@1.9.0))(openai@6.34.0(ws@8.21.0(bufferutil@4.0.9)(utf-8-validate@5.0.10))(zod@3.25.67))(ws@8.21.0(bufferutil@4.0.9)(utf-8-validate@5.0.10)) in lockfile
#14 2.825 node_modules/.pnpm                       | [WARN] Cannot find resolution of @langchain/openai@1.4.4(@langchain/core@1.1.41(@opentelemetry/api@1.9.0)(@opentelemetry/exporter-trace-otlp-proto@0.217.0(@opentelemetry/api@1.9.0))(@opentelemetry/sdk-trace-base@2.7.1(@opentelemetry/api@1.9.0))(openai@6.34.0(ws@8.21.0(bufferutil@4.0.9)(utf-8-validate@5.0.10))(zod@3.25.67))(ws@8.21.0(bufferutil@4.0.9)(utf-8-validate@5.0.10)))(ws@8.21.0(bufferutil@4.0.9)(utf-8-validate@5.0.10)) in lockfile
#14 2.825 node_modules/.pnpm                       | [WARN] Cannot find resolution of @langchain/textsplitters@1.0.1(@langchain/core@1.1.41(@opentelemetry/api@1.9.0)(@opentelemetry/exporter-trace-otlp-proto@0.217.0(@opentelemetry/api@1.9.0))(@opentelemetry/sdk-trace-base@2.7.1(@opentelemetry/api@1.9.0))(openai@6.34.0(ws@8.21.0(bufferutil@4.0.9)(utf-8-validate@5.0.10))(zod@3.25.67))(ws@8.21.0(bufferutil@4.0.9)(utf-8-validate@5.0.10))) in lockfile
#14 2.825 node_modules/.pnpm                       | [WARN] Cannot find resolution of @n8n/typescript-config@file:packages/@n8n/typescript-config in lockfile
#14 2.825 node_modules/.pnpm                       | [WARN] Cannot find resolution of @thednp/dommatrix@2.0.12 in lockfile
#14 2.825 node_modules/.pnpm                       | [WARN] Cannot find resolution of langchain@1.2.30(@langchain/core@1.1.41(@opentelemetry/api@1.9.0)(@opentelemetry/exporter-trace-otlp-proto@0.217.0(@opentelemetry/api@1.9.0))(@opentelemetry/sdk-trace-base@2.7.1(@opentelemetry/api@1.9.0))(openai@6.34.0(ws@8.21.0(bufferutil@4.0.9)(utf-8-validate@5.0.10))(zod@3.25.67))(ws@8.21.0(bufferutil@4.0.9)(utf-8-validate@5.0.10)))(@opentelemetry/api@1.9.0)(@opentelemetry/exporter-trace-otlp-proto@0.217.0(@opentelemetry/api@1.9.0))(@opentelemetry/sdk-trace-base@2.7.1(@opentelemetry/api@1.9.0))(openai@6.34.0(ws@8.21.0(bufferutil@4.0.9)(utf-8-validate@5.0.10))(zod@3.25.67))(react-dom@18.2.0(react@18.2.0))(react@18.2.0)(vue@3.5.26(typescript@6.0.2))(ws@8.21.0(bufferutil@4.0.9)(utf-8-validate@5.0.10))(zod-to-json-schema@3.23.3(zod@3.25.67)) in lockfile
#14 2.826 node_modules/.pnpm                       | [WARN] Cannot find resolution of pdf-parse@2.4.5 in lockfile
#14 2.826 node_modules/.pnpm                       | [WARN] Cannot find resolution of tmp-promise@3.0.3 in lockfile
#14 2.826 node_modules/.pnpm                       | [WARN] Cannot find resolution of undici@6.24.1 in lockfile
#14 2.826 node_modules/.pnpm                       | [WARN] Cannot find resolution of zod-to-json-schema@3.23.3(zod@3.25.67) in lockfile
#14 2.826 node_modules/.pnpm                       | [WARN] Cannot find resolution of @langchain/anthropic@1.3.27(@langchain/core@1.1.41(@opentelemetry/api@1.9.0)(@opentelemetry/exporter-trace-otlp-proto@0.217.0(@opentelemetry/api@1.9.0))(@opentelemetry/sdk-trace-base@2.7.1(@opentelemetry/api@1.9.0))(openai@6.34.0(ws@8.21.0(bufferutil@4.0.9)(utf-8-validate@5.0.10))(zod@3.25.67))(ws@8.21.0(bufferutil@4.0.9)(utf-8-validate@5.0.10))) in lockfile
#14 2.826 node_modules/.pnpm                       | [WARN] Cannot find resolution of @langchain/langgraph@1.0.2(@langchain/core@1.1.41(@opentelemetry/api@1.9.0)(@opentelemetry/exporter-trace-otlp-proto@0.217.0(@opentelemetry/api@1.9.0))(@opentelemetry/sdk-trace-base@2.7.1(@opentelemetry/api@1.9.0))(openai@6.34.0(ws@8.21.0(bufferutil@4.0.9)(utf-8-validate@5.0.10))(zod@3.25.67))(ws@8.21.0(bufferutil@4.0.9)(utf-8-validate@5.0.10)))(react-dom@18.2.0(react@18.2.0))(react@18.2.0)(zod-to-json-schema@3.25.2(zod@3.25.67))(zod@3.25.67) in lockfile
#14 2.826 node_modules/.pnpm                       | [WARN] Cannot find resolution of @mozilla/readability@0.6.0 in lockfile
#14 2.826 node_modules/.pnpm                       | [WARN] Cannot find resolution of @n8n/ai-utilities@file:packages/@n8n/ai-utilities(0b9bafe52d12fd9acc9986ad10d3b3cb) in lockfile
#14 2.827 node_modules/.pnpm                       | [WARN] Cannot find resolution of @n8n_io/ai-assistant-sdk@1.21.1 in lockfile
#14 2.827 node_modules/.pnpm                       | [WARN] Cannot find resolution of csv-parse@6.2.1 in lockfile
#14 2.827 node_modules/.pnpm                       | [WARN] Cannot find resolution of jsdom@23.0.1(bufferutil@4.0.9)(utf-8-validate@5.0.10) in lockfile
#14 2.827 node_modules/.pnpm                       | [WARN] Cannot find resolution of langchain@1.2.30(@langchain/core@1.1.41(@opentelemetry/api@1.9.0)(@opentelemetry/exporter-trace-otlp-proto@0.217.0(@opentelemetry/api@1.9.0))(@opentelemetry/sdk-trace-base@2.7.1(@opentelemetry/api@1.9.0))(openai@6.34.0(ws@8.21.0(bufferutil@4.0.9)(utf-8-validate@5.0.10))(zod@3.25.67))(ws@8.21.0(bufferutil@4.0.9)(utf-8-validate@5.0.10)))(@opentelemetry/api@1.9.0)(@opentelemetry/exporter-trace-otlp-proto@0.217.0(@opentelemetry/api@1.9.0))(@opentelemetry/sdk-trace-base@2.7.1(@opentelemetry/api@1.9.0))(openai@6.34.0(ws@8.21.0(bufferutil@4.0.9)(utf-8-validate@5.0.10))(zod@3.25.67))(react-dom@18.2.0(react@18.2.0))(react@18.2.0)(vue@3.5.26(typescript@6.0.2))(ws@8.21.0(bufferutil@4.0.9)(utf-8-validate@5.0.10))(zod-to-json-schema@3.25.2(zod@3.25.67)) in lockfile
#14 2.827 node_modules/.pnpm                       | [WARN] Cannot find resolution of turndown@7.2.2 in lockfile
#14 2.827 node_modules/.pnpm                       | [WARN] Cannot find resolution of @n8n/db@file:packages/@n8n/db(@opentelemetry/api@1.9.0)(@opentelemetry/exporter-trace-otlp-http@0.217.0(@opentelemetry/api@1.9.0))(@sentry/node@10.55.0(@opentelemetry/exporter-trace-otlp-http@0.217.0(@opentelemetry/api@1.9.0)))(pg@8.17.0)(sqlite3@5.1.7) in lockfile
#14 2.827 node_modules/.pnpm                       | [WARN] Cannot find resolution of @n8n/typeorm@0.3.20-17(@sentry/node@10.55.0(@opentelemetry/exporter-trace-otlp-http@0.217.0(@opentelemetry/api@1.9.0)))(pg@8.17.0)(sqlite3@5.1.7) in lockfile
#14 2.827 node_modules/.pnpm                       | [WARN] Cannot find resolution of jest-mock-extended@3.0.4(jest@29.7.0(@types/node@20.19.43)(ts-node@10.9.2(@swc/core@1.15.8(@swc/helpers@0.5.17))(@types/node@20.19.43)(typescript@6.0.2)))(typescript@6.0.2) in lockfile
#14 2.828 node_modules/.pnpm                       | [WARN] Cannot find resolution of @oclif/core@4.0.7 in lockfile
#14 2.828 node_modules/.pnpm                       | [WARN] Cannot find resolution of dotenv@17.2.3 in lockfile
#14 2.828 node_modules/.pnpm                       | [WARN] Cannot find resolution of zx@8.8.5 in lockfile
#14 2.828 node_modules/.pnpm                       | [WARN] Cannot find resolution of @oclif/core@4.5.2 in lockfile
#14 2.828 node_modules/.pnpm                       | [WARN] Cannot find resolution of @codemirror/language@6.12.1 in lockfile
#14 2.828 node_modules/.pnpm                       | [WARN] Cannot find resolution of @lezer/highlight@1.2.3 in lockfile
#14 2.828 node_modules/.pnpm                       | [WARN] Cannot find resolution of @lezer/lr@1.4.5 in lockfile
#14 2.828 node_modules/.pnpm                       | [WARN] Cannot find resolution of @codemirror/autocomplete@6.20.0 in lockfile
#14 2.828 node_modules/.pnpm                       | [WARN] Cannot find resolution of @codemirror/lang-css@6.3.1 in lockfile
#14 2.828 node_modules/.pnpm                       | [WARN] Cannot find resolution of @codemirror/lang-javascript@6.2.4 in lockfile
#14 2.828 node_modules/.pnpm                       | [WARN] Cannot find resolution of @codemirror/state@6.5.3 in lockfile
#14 2.828 node_modules/.pnpm                       | [WARN] Cannot find resolution of @codemirror/view@6.39.8 in lockfile
#14 2.828 node_modules/.pnpm                       | [WARN] Cannot find resolution of @lezer/common@1.2.1 in lockfile
#14 2.829 node_modules/.pnpm                       | [WARN] Cannot find resolution of @n8n/codemirror-lang@file:packages/@n8n/codemirror-lang(@codemirror/language@6.12.1)(@lezer/highlight@1.2.3)(@lezer/lr@1.4.5) in lockfile
#14 2.829 node_modules/.pnpm                       | [WARN] Cannot find resolution of @anthropic-ai/sandbox-runtime@0.0.42 in lockfile
#14 2.829 node_modules/.pnpm                       | [WARN] Cannot find resolution of @inquirer/prompts@8.3.2(@types/node@20.19.41) in lockfile
#14 2.829 node_modules/.pnpm                       | [WARN] Cannot find resolution of @jitsi/robotjs@0.6.21 in lockfile
#14 2.829 node_modules/.pnpm                       | [WARN] Cannot find resolution of @n8n/mcp-browser@file:packages/@n8n/mcp-browser(bufferutil@4.0.9)(utf-8-validate@5.0.10) in lockfile
#14 2.829 node_modules/.pnpm                       | [WARN] Cannot find resolution of @napi-rs/image@1.12.0 in lockfile
#14 2.829 node_modules/.pnpm                       | [WARN] Cannot find resolution of @vscode/ripgrep@1.17.1 in lockfile
#14 2.829 node_modules/.pnpm                       | [WARN] Cannot find resolution of eventsource@3.0.6 in lockfile
#14 2.830 node_modules/.pnpm                       | [WARN] Cannot find resolution of node-screenshots@0.2.8 in lockfile
#14 2.830 node_modules/.pnpm                       | [WARN] Cannot find resolution of y-protocols@1.0.7(yjs@13.6.29) in lockfile
#14 2.830 node_modules/.pnpm                       | [WARN] Cannot find resolution of yjs@13.6.29 in lockfile
#14 2.830 node_modules/.pnpm                       | [WARN] Cannot find resolution of @n8n/node-cli@file:packages/@n8n/node-cli(@typescript-eslint/utils@8.35.0(eslint@9.29.0(jiti@2.6.1))(typescript@6.0.2))(eslint-import-resolver-node@0.3.9)(eslint-plugin-import@2.32.0(eslint@9.29.0(jiti@2.6.1)))(eslint@9.29.0(jiti@2.6.1))(n8n-workflow@packages+workflow)(typescript@6.0.2) in lockfile
#14 2.830 node_modules/.pnpm                       | [WARN] Cannot find resolution of class-validator@0.14.0 in lockfile
#14 2.830 node_modules/.pnpm                       | [WARN] Cannot find resolution of n8n-core@file:packages/core(@opentelemetry/api@1.9.0)(@opentelemetry/exporter-trace-otlp-http@0.217.0(@opentelemetry/api@1.9.0))(zod@3.25.67) in lockfile
#14 2.830 node_modules/.pnpm                       | [WARN] Cannot find resolution of p-lazy@3.1.0 in lockfile
#14 2.830 node_modules/.pnpm                       | [WARN] Cannot find resolution of express@5.1.0 in lockfile
#14 2.830 node_modules/.pnpm                       | [WARN] Cannot find resolution of eslint@9.29.0(jiti@2.6.1) in lockfile
#14 2.830 node_modules/.pnpm                       | [WARN] Cannot find resolution of @typescript-eslint/typescript-estree@8.35.0(typescript@6.0.2) in lockfile
#14 2.830 node_modules/.pnpm                       | [WARN] Cannot find resolution of @typescript-eslint/utils@8.35.0(eslint@9.29.0(jiti@2.6.1))(typescript@6.0.2) in lockfile
#14 2.830 node_modules/.pnpm                       | [WARN] Cannot find resolution of fastest-levenshtein@1.0.16 in lockfile
#14 2.830 node_modules/.pnpm                       | [WARN] Cannot find resolution of imap@0.8.19 in lockfile
#14 2.830 node_modules/.pnpm                       | [WARN] Cannot find resolution of quoted-printable@1.0.1 in lockfile
#14 2.830 node_modules/.pnpm                       | [WARN] Cannot find resolution of utf8@3.0.0 in lockfile
#14 2.830 node_modules/.pnpm                       | [WARN] Cannot find resolution of @joplin/turndown-plugin-gfm@1.0.64 in lockfile
#14 2.830 node_modules/.pnpm                       | [WARN] Cannot find resolution of @n8n/agents@file:packages/@n8n/agents(@mozilla/readability@0.6.0)(@opentelemetry/api@1.9.0)(@opentelemetry/exporter-trace-otlp-http@0.217.0(@opentelemetry/api@1.9.0))(@opentelemetry/exporter-trace-otlp-proto@0.217.0(@opentelemetry/api@1.9.0))(@opentelemetry/sdk-trace-base@2.7.1(@opentelemetry/api@1.9.0))(@opentelemetry/sdk-trace-node@2.7.1(@opentelemetry/api@1.9.0))(jsdom@23.0.1(bufferutil@4.0.9)(utf-8-validate@5.0.10))(langsmith@0.6.0(@opentelemetry/api@1.9.0)(@opentelemetry/exporter-trace-otlp-proto@0.217.0(@opentelemetry/api@1.9.0))(@opentelemetry/sdk-trace-base@2.7.1(@opentelemetry/api@1.9.0))(openai@6.34.0(ws@8.21.0(bufferutil@4.0.9)(utf-8-validate@5.0.10))(zod@3.25.67))(ws@8.21.0(bufferutil@4.0.9)(utf-8-validate@5.0.10)))(mammoth@1.12.0)(n8n-workflow@file:packages/workflow(zod@3.25.67))(openai@6.34.0(ws@8.21.0(bufferutil@4.0.9)(utf-8-validate@5.0.10))(zod@3.25.67))(ws@8.21.0(bufferutil@4.0.9)(utf-8-validate@5.0.10)) in lockfile
#14 2.830 node_modules/.pnpm                       | [WARN] Cannot find resolution of linkedom@0.18.12 in lockfile
#14 2.830 node_modules/.pnpm                       | [WARN] Cannot find resolution of mammoth@1.12.0 in lockfile
#14 2.831 node_modules/.pnpm                       | [WARN] Cannot find resolution of p-limit@3.1.0 in lockfile
#14 2.831 node_modules/.pnpm                       | [WARN] Cannot find resolution of psl@1.9.0 in lockfile
#14 2.831 node_modules/.pnpm                       | [WARN] Cannot find resolution of xlsx@https://cdn.sheetjs.com/xlsx-0.20.2/xlsx-0.20.2.tgz in lockfile
#14 2.831 node_modules/.pnpm                       | [WARN] Cannot find resolution of zod-from-json-schema@0.0.5 in lockfile
#14 2.831 node_modules/.pnpm                       | [WARN] Cannot find resolution of @n8n/computer-use@file:packages/@n8n/computer-use(@types/node@20.19.41)(bufferutil@4.0.9)(utf-8-validate@5.0.10) in lockfile
#14 2.831 node_modules/.pnpm                       | [WARN] Cannot find resolution of electron-store@8.2.0 in lockfile
#14 2.831 node_modules/.pnpm                       | [WARN] Cannot find resolution of agent-browser@0.26.0 in lockfile
#14 2.831 node_modules/.pnpm                       | [WARN] Cannot find resolution of playwright-core@1.60.0 in lockfile
#14 2.831 node_modules/.pnpm                       | [WARN] Cannot find resolution of selenium-webdriver@4.39.0(bufferutil@4.0.9)(utf-8-validate@5.0.10) in lockfile
#14 2.831 node_modules/.pnpm                       | [WARN] Cannot find resolution of bufferutil@4.0.9 in lockfile
#14 2.831 node_modules/.pnpm                       | [WARN] Cannot find resolution of utf-8-validate@5.0.10 in lockfile
#14 2.831 node_modules/.pnpm                       | [WARN] Cannot find resolution of @n8n/design-system@file:packages/frontend/@n8n/design-system in lockfile
#14 2.831 node_modules/.pnpm                       | [WARN] Cannot find resolution of vue@3.5.26(typescript@6.0.2) in lockfile
#14 2.831 node_modules/.pnpm                       | [WARN] Cannot find resolution of @clack/prompts@0.11.0 in lockfile
#14 2.831 node_modules/.pnpm                       | [WARN] Cannot find resolution of @n8n/ai-node-sdk@file:packages/@n8n/ai-node-sdk(@opentelemetry/api@1.9.0)(jsdom@23.0.1(bufferutil@4.0.9)(utf-8-validate@5.0.10))(n8n-workflow@packages+workflow) in lockfile
#14 2.831 node_modules/.pnpm                       | [WARN] Cannot find resolution of @n8n/eslint-plugin-community-nodes@file:packages/@n8n/eslint-plugin-community-nodes(eslint@9.29.0(jiti@2.6.1))(n8n-workflow@packages+workflow)(typescript@6.0.2) in lockfile
#14 2.831 node_modules/.pnpm                       | [WARN] Cannot find resolution of change-case@5.4.4 in lockfile
#14 2.832 node_modules/.pnpm                       | [WARN] Cannot find resolution of eslint-import-resolver-typescript@4.4.3(eslint-plugin-import-x@4.15.2(@typescript-eslint/utils@8.35.0(eslint@9.29.0(jiti@2.6.1))(typescript@6.0.2))(eslint-import-resolver-node@0.3.9)(eslint@9.29.0(jiti@2.6.1)))(eslint-plugin-import@2.32.0)(eslint@9.29.0(jiti@2.6.1)) in lockfile
#14 2.832 node_modules/.pnpm                       | [WARN] Cannot find resolution of eslint-plugin-import-x@4.15.2(@typescript-eslint/utils@8.35.0(eslint@9.29.0(jiti@2.6.1))(typescript@6.0.2))(eslint-import-resolver-node@0.3.9)(eslint@9.29.0(jiti@2.6.1)) in lockfile
#14 2.832 node_modules/.pnpm                       | [WARN] Cannot find resolution of eslint-plugin-n8n-nodes-base@1.16.5(eslint@9.29.0(jiti@2.6.1))(typescript@6.0.2) in lockfile
#14 2.832 node_modules/.pnpm                       | [WARN] Cannot find resolution of handlebars@4.7.9 in lockfile
#14 2.832 node_modules/.pnpm                       | [WARN] Cannot find resolution of prettier@3.6.2 in lockfile
#14 2.832 node_modules/.pnpm                       | [WARN] Cannot find resolution of prompts@2.4.2 in lockfile
#14 2.832 node_modules/.pnpm                       | [WARN] Cannot find resolution of rimraf@6.0.1 in lockfile
#14 2.832 node_modules/.pnpm                       | [WARN] Cannot find resolution of ts-morph@27.0.2 in lockfile
#14 2.832 node_modules/.pnpm                       | [WARN] Cannot find resolution of typescript-eslint@8.35.0(eslint@9.29.0(jiti@2.6.1))(typescript@6.0.2) in lockfile
#14 2.832 node_modules/.pnpm                       | [WARN] Cannot find resolution of @aws-sdk/client-bedrock-runtime@3.938.0 in lockfile
#14 2.832 node_modules/.pnpm                       | [WARN] Cannot find resolution of @aws-sdk/client-sso-oidc@3.808.0 in lockfile
#14 2.832 node_modules/.pnpm                       | [WARN] Cannot find resolution of @aws-sdk/credential-providers@3.808.0 in lockfile
#14 2.832 node_modules/.pnpm                       | [WARN] Cannot find resolution of @azure/identity@4.13.0 in lockfile
#14 2.833 node_modules/.pnpm                       | [WARN] Cannot find resolution of @azure/search-documents@12.1.0 in lockfile
#14 2.833 node_modules/.pnpm                       | [WARN] Cannot find resolution of @getzep/zep-cloud@1.0.6(3678d81c9d030c2de36449a260273f9b) in lockfile
#14 2.833 node_modules/.pnpm                       | [WARN] Cannot find resolution of @getzep/zep-js@0.9.0 in lockfile
#14 2.833 node_modules/.pnpm                       | [WARN] Cannot find resolution of @google-cloud/resource-manager@5.3.0(encoding@0.1.13) in lockfile
#14 2.833 node_modules/.pnpm                       | [WARN] Cannot find resolution of @google/genai@1.19.0(@modelcontextprotocol/sdk@1.26.0(zod@3.25.67))(bufferutil@4.0.9)(utf-8-validate@5.0.10) in lockfile
#14 2.833 node_modules/.pnpm                       | [WARN] Cannot find resolution of @google/generative-ai@0.24.0 in lockfile
#14 2.833 node_modules/.pnpm                       | [WARN] Cannot find resolution of @huggingface/inference@4.0.5 in lockfile
#14 2.833 node_modules/.pnpm                       | [WARN] Cannot find resolution of @langchain/aws@1.0.3(@langchain/core@1.1.41(@opentelemetry/api@1.9.0)(@opentelemetry/exporter-trace-otlp-proto@0.217.0(@opentelemetry/api@1.9.0))(@opentelemetry/sdk-trace-base@2.7.1(@opentelemetry/api@1.9.0))(openai@6.34.0(ws@8.21.0(bufferutil@4.0.9)(utf-8-validate@5.0.10))(zod@3.25.67))(ws@8.21.0(bufferutil@4.0.9)(utf-8-validate@5.0.10))) in lockfile
#14 2.833 node_modules/.pnpm                       | [WARN] Cannot find resolution of @langchain/classic@1.0.27(@langchain/core@1.1.41(@opentelemetry/api@1.9.0)(@opentelemetry/exporter-trace-otlp-proto@0.217.0(@opentelemetry/api@1.9.0))(@opentelemetry/sdk-trace-base@2.7.1(@opentelemetry/api@1.9.0))(openai@6.34.0(ws@8.21.0(bufferutil@4.0.9)(utf-8-validate@5.0.10))(zod@3.25.67))(ws@8.21.0(bufferutil@4.0.9)(utf-8-validate@5.0.10)))(@opentelemetry/api@1.9.0)(@opentelemetry/exporter-trace-otlp-proto@0.217.0(@opentelemetry/api@1.9.0))(@opentelemetry/sdk-trace-base@2.7.1(@opentelemetry/api@1.9.0))(cheerio@1.0.0)(openai@6.34.0(ws@8.21.0(bufferutil@4.0.9)(utf-8-validate@5.0.10))(zod@3.25.67))(ws@8.21.0(bufferutil@4.0.9)(utf-8-validate@5.0.10)) in lockfile
#14 2.833 node_modules/.pnpm                       | [WARN] Cannot find resolution of @langchain/cohere@1.0.1(@langchain/core@1.1.41(@opentelemetry/api@1.9.0)(@opentelemetry/exporter-trace-otlp-proto@0.217.0(@opentelemetry/api@1.9.0))(@opentelemetry/sdk-trace-base@2.7.1(@opentelemetry/api@1.9.0))(openai@6.34.0(ws@8.21.0(bufferutil@4.0.9)(utf-8-validate@5.0.10))(zod@3.25.67))(ws@8.21.0(bufferutil@4.0.9)(utf-8-validate@5.0.10)))(encoding@0.1.13) in lockfile
#14 2.833 node_modules/.pnpm                       | [WARN] Cannot find resolution of @langchain/community@1.1.27(55ffb9dbef52fbf6f1918da18d6db34e) in lockfile
#14 2.834 node_modules/.pnpm                       | [WARN] Cannot find resolution of @langchain/google-genai@2.1.24(@langchain/core@1.1.41(@opentelemetry/api@1.9.0)(@opentelemetry/exporter-trace-otlp-proto@0.217.0(@opentelemetry/api@1.9.0))(@opentelemetry/sdk-trace-base@2.7.1(@opentelemetry/api@1.9.0))(openai@6.34.0(ws@8.21.0(bufferutil@4.0.9)(utf-8-validate@5.0.10))(zod@3.25.67))(ws@8.21.0(bufferutil@4.0.9)(utf-8-validate@5.0.10))) in lockfile
#14 2.834 node_modules/.pnpm                       | [WARN] Cannot find resolution of @langchain/google-vertexai@2.1.24(@langchain/core@1.1.41(@opentelemetry/api@1.9.0)(@opentelemetry/exporter-trace-otlp-proto@0.217.0(@opentelemetry/api@1.9.0))(@opentelemetry/sdk-trace-base@2.7.1(@opentelemetry/api@1.9.0))(openai@6.34.0(ws@8.21.0(bufferutil@4.0.9)(utf-8-validate@5.0.10))(zod@3.25.67))(ws@8.21.0(bufferutil@4.0.9)(utf-8-validate@5.0.10))) in lockfile
#14 2.834 node_modules/.pnpm                       | [WARN] Cannot find resolution of @langchain/groq@1.0.2(@langchain/core@1.1.41(@opentelemetry/api@1.9.0)(@opentelemetry/exporter-trace-otlp-proto@0.217.0(@opentelemetry/api@1.9.0))(@opentelemetry/sdk-trace-base@2.7.1(@opentelemetry/api@1.9.0))(openai@6.34.0(ws@8.21.0(bufferutil@4.0.9)(utf-8-validate@5.0.10))(zod@3.25.67))(ws@8.21.0(bufferutil@4.0.9)(utf-8-validate@5.0.10)))(encoding@0.1.13) in lockfile
#14 2.834 node_modules/.pnpm                       | [WARN] Cannot find resolution of @langchain/mistralai@1.0.1(@langchain/core@1.1.41(@opentelemetry/api@1.9.0)(@opentelemetry/exporter-trace-otlp-proto@0.217.0(@opentelemetry/api@1.9.0))(@opentelemetry/sdk-trace-base@2.7.1(@opentelemetry/api@1.9.0))(openai@6.34.0(ws@8.21.0(bufferutil@4.0.9)(utf-8-validate@5.0.10))(zod@3.25.67))(ws@8.21.0(bufferutil@4.0.9)(utf-8-validate@5.0.10))) in lockfile
#14 2.834 node_modules/.pnpm                       | [WARN] Cannot find resolution of @langchain/mongodb@1.0.1(@aws-sdk/credential-providers@3.808.0)(@langchain/core@1.1.41(@opentelemetry/api@1.9.0)(@opentelemetry/exporter-trace-otlp-proto@0.217.0(@opentelemetry/api@1.9.0))(@opentelemetry/sdk-trace-base@2.7.1(@opentelemetry/api@1.9.0))(openai@6.34.0(ws@8.21.0(bufferutil@4.0.9)(utf-8-validate@5.0.10))(zod@3.25.67))(ws@8.21.0(bufferutil@4.0.9)(utf-8-validate@5.0.10)))(gcp-metadata@5.3.0)(socks@2.8.3) in lockfile
#14 2.834 node_modules/.pnpm                       | [WARN] Cannot find resolution of @langchain/ollama@1.2.6(@langchain/core@1.1.41(@opentelemetry/api@1.9.0)(@opentelemetry/exporter-trace-otlp-proto@0.217.0(@opentelemetry/api@1.9.0))(@opentelemetry/sdk-trace-base@2.7.1(@opentelemetry/api@1.9.0))(openai@6.34.0(ws@8.21.0(bufferutil@4.0.9)(utf-8-validate@5.0.10))(zod@3.25.67))(ws@8.21.0(bufferutil@4.0.9)(utf-8-validate@5.0.10))) in lockfile
#14 2.834 node_modules/.pnpm                       | [WARN] Cannot find resolution of @langchain/pinecone@1.0.1(@langchain/core@1.1.41(@opentelemetry/api@1.9.0)(@opentelemetry/exporter-trace-otlp-proto@0.217.0(@opentelemetry/api@1.9.0))(@opentelemetry/sdk-trace-base@2.7.1(@opentelemetry/api@1.9.0))(openai@6.34.0(ws@8.21.0(bufferutil@4.0.9)(utf-8-validate@5.0.10))(zod@3.25.67))(ws@8.21.0(bufferutil@4.0.9)(utf-8-validate@5.0.10)))(@pinecone-database/pinecone@5.1.2) in lockfile
#14 2.834 node_modules/.pnpm                       | [WARN] Cannot find resolution of @langchain/qdrant@1.0.1(@langchain/core@1.1.41(@opentelemetry/api@1.9.0)(@opentelemetry/exporter-trace-otlp-proto@0.217.0(@opentelemetry/api@1.9.0))(@opentelemetry/sdk-trace-base@2.7.1(@opentelemetry/api@1.9.0))(openai@6.34.0(ws@8.21.0(bufferutil@4.0.9)(utf-8-validate@5.0.10))(zod@3.25.67))(ws@8.21.0(bufferutil@4.0.9)(utf-8-validate@5.0.10)))(typescript@6.0.2) in lockfile
#14 2.834 node_modules/.pnpm                       | [WARN] Cannot find resolution of @langchain/redis@1.0.1(@langchain/core@1.1.41(@opentelemetry/api@1.9.0)(@opentelemetry/exporter-trace-otlp-proto@0.217.0(@opentelemetry/api@1.9.0))(@opentelemetry/sdk-trace-base@2.7.1(@opentelemetry/api@1.9.0))(openai@6.34.0(ws@8.21.0(bufferutil@4.0.9)(utf-8-validate@5.0.10))(zod@3.25.67))(ws@8.21.0(bufferutil@4.0.9)(utf-8-validate@5.0.10))) in lockfile
#14 2.834 node_modules/.pnpm                       | [WARN] Cannot find resolution of @langchain/weaviate@1.0.1(@langchain/core@1.1.41(@opentelemetry/api@1.9.0)(@opentelemetry/exporter-trace-otlp-proto@0.217.0(@opentelemetry/api@1.9.0))(@opentelemetry/sdk-trace-base@2.7.1(@opentelemetry/api@1.9.0))(openai@6.34.0(ws@8.21.0(bufferutil@4.0.9)(utf-8-validate@5.0.10))(zod@3.25.67))(ws@8.21.0(bufferutil@4.0.9)(utf-8-validate@5.0.10)))(encoding@0.1.13) in lockfile
#14 2.834 node_modules/.pnpm                       | [WARN] Cannot find resolution of @microsoft/agents-a365-notifications@0.1.0-preview.113 in lockfile
#14 2.834 node_modules/.pnpm                       | [WARN] Cannot find resolution of @microsoft/agents-a365-observability@0.1.0-preview.113 in lockfile
#14 2.834 node_modules/.pnpm                       | [WARN] Cannot find resolution of @microsoft/agents-a365-runtime@0.1.0-preview.113 in lockfile
#14 2.835 node_modules/.pnpm                       | [WARN] Cannot find resolution of @microsoft/agents-a365-tooling@0.1.0-preview.113(zod@3.25.67) in lockfile
#14 2.835 node_modules/.pnpm                       | [WARN] Cannot find resolution of @microsoft/agents-a365-tooling-extensions-langchain@0.1.0-preview.113(@langchain/langgraph@1.2.2(@langchain/core@1.1.41(@opentelemetry/api@1.9.0)(@opentelemetry/exporter-trace-otlp-proto@0.217.0(@opentelemetry/api@1.9.0))(@opentelemetry/sdk-trace-base@2.7.1(@opentelemetry/api@1.9.0))(openai@6.34.0(ws@8.21.0(bufferutil@4.0.9)(utf-8-validate@5.0.10))(zod@3.25.67))(ws@8.21.0(bufferutil@4.0.9)(utf-8-validate@5.0.10)))(react-dom@18.2.0(react@18.2.0))(react@18.2.0)(vue@3.5.26(typescript@6.0.2))(zod-to-json-schema@3.23.3(zod@3.25.67))(zod@3.25.67))(@opentelemetry/api@1.9.0)(@opentelemetry/exporter-trace-otlp-proto@0.217.0(@opentelemetry/api@1.9.0))(@opentelemetry/sdk-trace-base@2.7.1(@opentelemetry/api@1.9.0))(openai@6.34.0(ws@8.21.0(bufferutil@4.0.9)(utf-8-validate@5.0.10))(zod@3.25.67))(react-dom@18.2.0(react@18.2.0))(react@18.2.0)(vue@3.5.26(typescript@6.0.2))(ws@8.21.0(bufferutil@4.0.9)(utf-8-validate@5.0.10))(zod-to-json-schema@3.23.3(zod@3.25.67))(zod@3.25.67) in lockfile
#14 2.835 node_modules/.pnpm                       | [WARN] Cannot find resolution of @microsoft/agents-activity@1.2.3 in lockfile
#14 2.835 node_modules/.pnpm                       | [WARN] Cannot find resolution of @microsoft/agents-hosting@1.2.3 in lockfile
#14 2.835 node_modules/.pnpm                       | [WARN] Cannot find resolution of @n8n/ai-utilities@file:packages/@n8n/ai-utilities(07e0da76aadce81a27d77bd9d7692255) in lockfile
#14 2.835 node_modules/.pnpm                       | [WARN] Cannot find resolution of @n8n/json-schema-to-zod@file:packages/@n8n/json-schema-to-zod(zod@3.25.67) in lockfile
#14 2.835 node_modules/.pnpm                       | [WARN] Cannot find resolution of @n8n/typeorm@0.3.20-16(@sentry/node@10.55.0(@opentelemetry/exporter-trace-otlp-http@0.217.0(@opentelemetry/api@1.9.0)))(mysql2@3.17.0)(pg@8.17.0)(sqlite3@5.1.7) in lockfile
#14 2.835 node_modules/.pnpm                       | [WARN] Cannot find resolution of @oracle/langchain-oracledb@0.2.0(@langchain/core@1.1.41(@opentelemetry/api@1.9.0)(@opentelemetry/exporter-trace-otlp-proto@0.217.0(@opentelemetry/api@1.9.0))(@opentelemetry/sdk-trace-base@2.7.1(@opentelemetry/api@1.9.0))(openai@6.34.0(ws@8.21.0(bufferutil@4.0.9)(utf-8-validate@5.0.10))(zod@3.25.67))(ws@8.21.0(bufferutil@4.0.9)(utf-8-validate@5.0.10)))(@langchain/textsplitters@1.0.1(@langchain/core@1.1.41(@opentelemetry/api@1.9.0)(@opentelemetry/exporter-trace-otlp-proto@0.217.0(@opentelemetry/api@1.9.0))(@opentelemetry/sdk-trace-base@2.7.1(@opentelemetry/api@1.9.0))(openai@6.34.0(ws@8.21.0(bufferutil@4.0.9)(utf-8-validate@5.0.10))(zod@3.25.67))(ws@8.21.0(bufferutil@4.0.9)(utf-8-validate@5.0.10))))(oracledb@6.10.0) in lockfile
#14 2.835 node_modules/.pnpm                       | [WARN] Cannot find resolution of @pinecone-database/pinecone@5.1.2 in lockfile
#14 2.836 node_modules/.pnpm                       | [WARN] Cannot find resolution of @qdrant/js-client-rest@1.16.2(typescript@6.0.2) in lockfile
#14 2.836 node_modules/.pnpm                       | [WARN] Cannot find resolution of @supabase/supabase-js@2.50.0(bufferutil@4.0.9)(utf-8-validate@5.0.10) in lockfile
#14 2.836 node_modules/.pnpm                       | [WARN] Cannot find resolution of @xata.io/client@0.28.4(typescript@6.0.2) in lockfile
#14 2.836 node_modules/.pnpm                       | [WARN] Cannot find resolution of @zilliz/milvus2-sdk-node@2.5.7 in lockfile
#14 2.836 node_modules/.pnpm                       | [WARN] Cannot find resolution of basic-auth@2.0.1 in lockfile
#14 2.836 node_modules/.pnpm                       | [WARN] Cannot find resolution of cheerio@1.0.0 in lockfile
#14 2.836 node_modules/.pnpm                       | [WARN] Cannot find resolution of chromadb@3.2.0 in lockfile
#14 2.837 node_modules/.pnpm                       | [WARN] Cannot find resolution of cohere-ai@7.14.0(encoding@0.1.13) in lockfile
#14 2.837 node_modules/.pnpm                       | [WARN] Cannot find resolution of d3-dsv@2.0.0 in lockfile
#14 2.837 node_modules/.pnpm                       | [WARN] Cannot find resolution of epub2@3.0.2(ts-toolbelt@9.6.0) in lockfile
#14 2.837 node_modules/.pnpm                       | [WARN] Cannot find resolution of generate-schema@2.6.0 in lockfile
#14 2.837 node_modules/.pnpm                       | [WARN] Cannot find resolution of html-to-text@9.0.5 in lockfile
#14 2.837 node_modules/.pnpm                       | [WARN] Cannot find resolution of ignore@5.3.2 in lockfile
#14 2.837 node_modules/.pnpm                       | [WARN] Cannot find resolution of mongodb@6.21.0(@aws-sdk/credential-providers@3.808.0)(gcp-metadata@5.3.0)(socks@2.8.3) in lockfile
#14 2.837 node_modules/.pnpm                       | [WARN] Cannot find resolution of mysql2@3.17.0 in lockfile
#14 2.837 node_modules/.pnpm                       | [WARN] Cannot find resolution of n8n-nodes-base@file:packages/nodes-base(@aws-sdk/credential-providers@3.808.0)(asn1.js@5.4.1)(bufferutil@4.0.9)(date-fns@2.30.0)(encoding@0.1.13)(gcp-metadata@5.3.0)(promise-ftp-common@1.1.5)(socks@2.8.3)(utf-8-validate@5.0.10)(zod@3.25.67) in lockfile
#14 2.837 node_modules/.pnpm                       | [WARN] Cannot find resolution of openai@6.34.0(ws@8.21.0(bufferutil@4.0.9)(utf-8-validate@5.0.10))(zod@3.25.67) in lockfile
#14 2.837 node_modules/.pnpm                       | [WARN] Cannot find resolution of pg@8.17.0 in lockfile
#14 2.837 node_modules/.pnpm                       | [WARN] Cannot find resolution of redis@4.6.14 in lockfile
#14 2.837 node_modules/.pnpm                       | [WARN] Cannot find resolution of sanitize-html@2.12.1 in lockfile
#14 2.838 node_modules/.pnpm                       | [WARN] Cannot find resolution of sqlite3@5.1.7 in lockfile
#14 2.838 node_modules/.pnpm                       | [WARN] Cannot find resolution of temp@0.9.4 in lockfile
#14 2.838 node_modules/.pnpm                       | [WARN] Cannot find resolution of vm2@3.11.5 in lockfile
#14 2.838 node_modules/.pnpm                       | [WARN] Cannot find resolution of weaviate-client@3.9.0(encoding@0.1.13) in lockfile
#14 2.838 node_modules/.pnpm                       | [WARN] Cannot find resolution of @typescript-eslint/parser@8.35.0(eslint@9.29.0(jiti@2.6.1))(typescript@6.0.2) in lockfile
#14 2.838 node_modules/.pnpm                       | [WARN] Cannot find resolution of tmp@0.2.6 in lockfile
#14 2.838 node_modules/.pnpm                       | [WARN] Cannot find resolution of postcss-html@1.8.0 in lockfile
#14 2.838 node_modules/.pnpm                       | [WARN] Cannot find resolution of postcss-scss@4.0.9(postcss@8.5.10) in lockfile
#14 2.838 node_modules/.pnpm                       | [WARN] Cannot find resolution of stylelint@16.23.0(typescript@6.0.2) in lockfile
#14 2.838 node_modules/.pnpm                       | [WARN] Cannot find resolution of stylelint-config-standard-scss@15.0.1(postcss@8.5.10)(stylelint@16.23.0(typescript@6.0.2)) in lockfile
#14 2.838 node_modules/.pnpm                       | [WARN] Cannot find resolution of stylelint-scss@6.12.1(stylelint@16.23.0(typescript@6.0.2)) in lockfile
#14 2.838 node_modules/.pnpm                       | [WARN] Cannot find resolution of @opentelemetry/exporter-trace-otlp-http@0.217.0(@opentelemetry/api@1.9.0) in lockfile
#14 2.839 node_modules/.pnpm                       | [WARN] Cannot find resolution of cpu-features@0.0.10 in lockfile
#14 2.839 node_modules/.pnpm                       | [WARN] Cannot find resolution of nan@2.20.0 in lockfile
#14 2.839 node_modules/.pnpm                       | [WARN] Cannot find resolution of @1password/connect@1.4.2 in lockfile
#14 2.839 node_modules/.pnpm                       | [WARN] Cannot find resolution of @apidevtools/json-schema-ref-parser@12.0.2 in lockfile
#14 2.839 node_modules/.pnpm                       | [WARN] Cannot find resolution of @aws-sdk/client-secrets-manager@3.808.0 in lockfile
#14 2.839 node_modules/.pnpm                       | [WARN] Cannot find resolution of @azure/keyvault-secrets@4.8.0 in lockfile
#14 2.839 node_modules/.pnpm                       | [WARN] Cannot find resolution of @chat-adapter/linear@4.28.1(graphql@16.11.0) in lockfile
#14 2.839 node_modules/.pnpm                       | [WARN] Cannot find resolution of @chat-adapter/slack@4.28.1(bufferutil@4.0.9)(utf-8-validate@5.0.10) in lockfile
#14 2.840 node_modules/.pnpm                       | [WARN] Cannot find resolution of @chat-adapter/state-memory@4.28.1 in lockfile
#14 2.840 node_modules/.pnpm                       | [WARN] Cannot find resolution of @chat-adapter/telegram@4.28.1 in lockfile
#14 2.840 node_modules/.pnpm                       | [WARN] Cannot find resolution of @google-cloud/secret-manager@5.6.0(encoding@0.1.13) in lockfile
#14 2.840 node_modules/.pnpm                       | [WARN] Cannot find resolution of @n8n/agents@file:packages/@n8n/agents(4a50bfef61df038d03d649813057e30f) in lockfile
#14 2.840 node_modules/.pnpm                       | [WARN] Cannot find resolution of @n8n/ai-node-sdk@file:packages/@n8n/ai-node-sdk(77ee4401c76483bb343501d220acf341) in lockfile
#14 2.840 node_modules/.pnpm                       | [WARN] Cannot find resolution of @n8n/ai-utilities@file:packages/@n8n/ai-utilities(77ee4401c76483bb343501d220acf341) in lockfile
#14 2.840 node_modules/.pnpm                       | [WARN] Cannot find resolution of @n8n/ai-workflow-builder@file:packages/@n8n/ai-workflow-builder.ee(f7f854e16c669609df57c7571d5a4f17) in lockfile
#14 2.840 node_modules/.pnpm                       | [WARN] Cannot find resolution of @n8n/chat-hub@file:packages/@n8n/chat-hub(zod@3.25.67) in lockfile
#14 2.840 node_modules/.pnpm                       | [WARN] Cannot find resolution of @n8n/db@file:packages/@n8n/db(@opentelemetry/api@1.9.0)(@opentelemetry/exporter-trace-otlp-http@0.217.0(@opentelemetry/api@1.9.0))(@opentelemetry/exporter-trace-otlp-proto@0.217.0(@opentelemetry/api@1.9.0))(@opentelemetry/sdk-trace-base@2.7.1(@opentelemetry/api@1.9.0))(@sentry/node@10.55.0(@opentelemetry/exporter-trace-otlp-http@0.217.0(@opentelemetry/api@1.9.0)))(openai@6.19.0(ws@8.21.0(bufferutil@4.0.9)(utf-8-validate@5.0.10))(zod@3.25.67))(pg@8.17.0)(sqlite3@5.1.7)(ws@8.21.0(bufferutil@4.0.9)(utf-8-validate@5.0.10)) in lockfile
#14 2.840 node_modules/.pnpm                       | [WARN] Cannot find resolution of @n8n/instance-ai@file:packages/@n8n/instance-ai(3652f831043df391da16ecd9a919be84) in lockfile
#14 2.840 node_modules/.pnpm                       | [WARN] Cannot find resolution of @n8n/mcp-apps@file:packages/@n8n/mcp-apps(@modelcontextprotocol/sdk@1.26.0(zod@3.25.67)) in lockfile
#14 2.840 node_modules/.pnpm                       | [WARN] Cannot find resolution of @n8n/n8n-nodes-langchain@file:packages/@n8n/nodes-langchain(f9b086deecd207d33a50ff1cac891fda) in lockfile
#14 2.840 node_modules/.pnpm                       | [WARN] Cannot find resolution of @n8n/syslog-client@file:packages/@n8n/syslog-client in lockfile
#14 2.840 node_modules/.pnpm                       | [WARN] Cannot find resolution of @n8n/task-runner@file:packages/@n8n/task-runner(@opentelemetry/api@1.9.0)(@opentelemetry/exporter-trace-otlp-http@0.217.0(@opentelemetry/api@1.9.0))(@opentelemetry/exporter-trace-otlp-proto@0.217.0(@opentelemetry/api@1.9.0))(@opentelemetry/sdk-trace-base@2.7.1(@opentelemetry/api@1.9.0))(bufferutil@4.0.9)(openai@6.19.0(ws@8.21.0(bufferutil@4.0.9)(utf-8-validate@5.0.10))(zod@3.25.67))(utf-8-validate@5.0.10)(zod@3.25.67) in lockfile
#14 2.841 node_modules/.pnpm                       | [WARN] Cannot find resolution of @n8n_io/license-sdk@2.25.0 in lockfile
#14 2.841 node_modules/.pnpm                       | [WARN] Cannot find resolution of @opentelemetry/exporter-trace-otlp-proto@0.217.0(@opentelemetry/api@1.9.0) in lockfile
#14 2.841 node_modules/.pnpm                       | [WARN] Cannot find resolution of @opentelemetry/instrumentation@0.217.0(@opentelemetry/api@1.9.0) in lockfile
#14 2.841 node_modules/.pnpm                       | [WARN] Cannot find resolution of @opentelemetry/sdk-node@0.217.0(@opentelemetry/api@1.9.0) in lockfile
#14 2.841 node_modules/.pnpm                       | [WARN] Cannot find resolution of @parcel/watcher@2.5.1 in lockfile
#14 2.841 node_modules/.pnpm                       | [WARN] Cannot find resolution of @rudderstack/rudder-sdk-node@3.0.5 in lockfile
#14 2.841 node_modules/.pnpm                       | [WARN] Cannot find resolution of aws4@1.11.0 in lockfile
#14 2.841 node_modules/.pnpm                       | [WARN] Cannot find resolution of bcryptjs@2.4.3 in lockfile
#14 2.841 node_modules/.pnpm                       | [WARN] Cannot find resolution of bull@4.16.4(patch_hash=a4b6d56db16fe5870646929938466d6a5c668435fd1551bed6a93fffb597ba42) in lockfile
#14 2.841 node_modules/.pnpm                       | [WARN] Cannot find resolution of change-case@4.1.2 in lockfile
#14 2.842 node_modules/.pnpm                       | [WARN] Cannot find resolution of chat@4.28.1 in lockfile
#14 2.842 node_modules/.pnpm                       | [WARN] Cannot find resolution of class-transformer@0.5.1 in lockfile
#14 2.842 node_modules/.pnpm                       | [WARN] Cannot find resolution of compression@1.8.1 in lockfile
#14 2.842 node_modules/.pnpm                       | [WARN] Cannot find resolution of convict@6.2.5 in lockfile
#14 2.842 node_modules/.pnpm                       | [WARN] Cannot find resolution of cookie-parser@1.4.7 in lockfile
#14 2.842 node_modules/.pnpm                       | [WARN] Cannot find resolution of csrf@3.1.0 in lockfile
#14 2.842 node_modules/.pnpm                       | [WARN] Cannot find resolution of express-handlebars@8.0.1 in lockfile
#14 2.842 node_modules/.pnpm                       | [WARN] Cannot find resolution of express-openapi-validator@5.5.3(express@5.1.0) in lockfile
#14 2.842 node_modules/.pnpm                       | [WARN] Cannot find resolution of express-prom-bundle@8.0.0(prom-client@15.1.3) in lockfile
#14 2.842 node_modules/.pnpm                       | [WARN] Cannot find resolution of express-rate-limit@8.2.2(express@5.1.0) in lockfile
#14 2.842 node_modules/.pnpm                       | [WARN] Cannot find resolution of fast-json-patch@3.1.1 in lockfile
#14 2.842 node_modules/.pnpm                       | [WARN] Cannot find resolution of flat@5.0.2 in lockfile
#14 2.842 node_modules/.pnpm                       | [WARN] Cannot find resolution of formidable@3.5.4 in lockfile
#14 2.842 node_modules/.pnpm                       | [WARN] Cannot find resolution of helmet@8.1.0 in lockfile
#14 2.842 node_modules/.pnpm                       | [WARN] Cannot find resolution of http-proxy-middleware@3.0.5 in lockfile
#14 2.842 node_modules/.pnpm                       | [WARN] Cannot find resolution of ioredis@5.3.2 in lockfile
#14 2.842 node_modules/.pnpm                       | [WARN] Cannot find resolution of isbot@3.6.13 in lockfile
#14 2.842 node_modules/.pnpm                       | [WARN] Cannot find resolution of jose@6.2.2 in lockfile
#14 2.842 node_modules/.pnpm                       | [WARN] Cannot find resolution of json-diff@1.0.6 in lockfile
#14 2.842 node_modules/.pnpm                       | [WARN] Cannot find resolution of jsonschema@1.4.1 in lockfile
#14 2.842 node_modules/.pnpm                       | [WARN] Cannot find resolution of langsmith@0.6.0(@opentelemetry/api@1.9.0)(@opentelemetry/exporter-trace-otlp-proto@0.217.0(@opentelemetry/api@1.9.0))(@opentelemetry/sdk-trace-base@2.7.1(@opentelemetry/api@1.9.0))(openai@6.19.0(ws@8.21.0(bufferutil@4.0.9)(utf-8-validate@5.0.10))(zod@3.25.67))(ws@8.21.0(bufferutil@4.0.9)(utf-8-validate@5.0.10)) in lockfile
#14 2.842 node_modules/.pnpm                       | [WARN] Cannot find resolution of ldapts@8.1.7 in lockfile
#14 2.842 node_modules/.pnpm                       | [WARN] Cannot find resolution of n8n-core@file:packages/core(@opentelemetry/api@1.9.0)(@opentelemetry/exporter-trace-otlp-http@0.217.0(@opentelemetry/api@1.9.0))(@opentelemetry/exporter-trace-otlp-proto@0.217.0(@opentelemetry/api@1.9.0))(@opentelemetry/sdk-trace-base@2.7.1(@opentelemetry/api@1.9.0))(openai@6.19.0(ws@8.21.0(bufferutil@4.0.9)(utf-8-validate@5.0.10))(zod@3.25.67))(ws@8.21.0(bufferutil@4.0.9)(utf-8-validate@5.0.10))(zod@3.25.67) in lockfile
#14 2.842 node_modules/.pnpm                       | [WARN] Cannot find resolution of n8n-editor-ui@file:packages/frontend/editor-ui in lockfile
#14 2.842 node_modules/.pnpm                       | [WARN] Cannot find resolution of nodemailer@8.0.10 in lockfile
#14 2.842 node_modules/.pnpm                       | [WARN] Cannot find resolution of open@7.4.2 in lockfile
#14 2.842 node_modules/.pnpm                       | [WARN] Cannot find resolution of openid-client@6.8.4 in lockfile
#14 2.842 node_modules/.pnpm                       | [WARN] Cannot find resolution of otpauth@9.1.1 in lockfile
#14 2.843 node_modules/.pnpm                       | [WARN] Cannot find resolution of pkce-challenge@5.0.0(patch_hash=651e785d0b7bbf5be9210e1e895c39a16dc3ce8a5a3843b4819565fb6e175b90) in lockfile
#14 2.843 node_modules/.pnpm                       | [WARN] Cannot find resolution of posthog-node@5.33.4(rxjs@7.8.1) in lockfile
#14 2.843 node_modules/.pnpm                       | [WARN] Cannot find resolution of prom-client@15.1.3 in lockfile
#14 2.843 node_modules/.pnpm                       | [WARN] Cannot find resolution of raw-body@3.0.0 in lockfile
#14 2.843 node_modules/.pnpm                       | [WARN] Cannot find resolution of replacestream@4.0.3 in lockfile
#14 2.843 node_modules/.pnpm                       | [WARN] Cannot find resolution of samlify@2.13.0 in lockfile
#14 2.843 node_modules/.pnpm                       | [WARN] Cannot find resolution of shelljs@0.8.5 in lockfile
#14 2.843 node_modules/.pnpm                       | [WARN] Cannot find resolution of simple-git@3.36.0 in lockfile
#14 2.843 node_modules/.pnpm                       | [WARN] Cannot find resolution of source-map-support@0.5.21 in lockfile
#14 2.843 node_modules/.pnpm                       | [WARN] Cannot find resolution of sshpk@1.18.0 in lockfile
#14 2.843 node_modules/.pnpm                       | [WARN] Cannot find resolution of sucrase@3.35.0 in lockfile
#14 2.843 node_modules/.pnpm                       | [WARN] Cannot find resolution of swagger-ui-express@5.0.1(express@5.1.0) in lockfile
#14 2.843 node_modules/.pnpm                       | [WARN] Cannot find resolution of tar@7.5.16 in lockfile
#14 2.843 node_modules/.pnpm                       | [WARN] Cannot find resolution of undici@7.27.2 in lockfile
#14 2.843 node_modules/.pnpm                       | [WARN] Cannot find resolution of validator@13.15.26 in lockfile
#14 2.843 node_modules/.pnpm                       | [WARN] Cannot find resolution of xmllint-wasm@3.0.1 in lockfile
#14 2.843 node_modules/.pnpm                       | [WARN] Cannot find resolution of @n8n/extension-sdk@file:packages/@n8n/extension-sdk(vue-router@4.5.0(vue@3.5.26(typescript@6.0.2)))(vue@3.5.26(typescript@6.0.2)) in lockfile
#14 2.843 node_modules/.pnpm                       | [WARN] Cannot find resolution of @vueuse/core@10.11.0(vue@3.5.26(typescript@6.0.2)) in lockfile
#14 2.843 node_modules/.pnpm                       | [WARN] Cannot find resolution of highlight.js@11.8.0 in lockfile
#14 2.843 node_modules/.pnpm                       | [WARN] Cannot find resolution of markdown-it-link-attributes@4.0.1 in lockfile
#14 2.843 node_modules/.pnpm                       | [WARN] Cannot find resolution of vue-markdown-render@2.2.1(vue@3.5.26(typescript@6.0.2)) in lockfile
#14 2.843 node_modules/.pnpm                       | [WARN] Cannot find resolution of vue-i18n@11.4.5(vue@3.5.26(typescript@6.0.2)) in lockfile
#14 2.844 node_modules/.pnpm                       | [WARN] Cannot find resolution of @n8n/chat@file:packages/frontend/@n8n/chat(typescript@6.0.2) in lockfile
#14 2.844 node_modules/.pnpm                       | [WARN] Cannot find resolution of @n8n/composables@file:packages/frontend/@n8n/composables(vue@3.5.26(typescript@6.0.2)) in lockfile
#14 2.844 node_modules/.pnpm                       | [WARN] Cannot find resolution of @n8n/i18n@file:packages/frontend/@n8n/i18n(vue@3.5.26(typescript@6.0.2))(zod@3.25.67) in lockfile
#14 2.844 node_modules/.pnpm                       | [WARN] Cannot find resolution of @n8n/stores@file:packages/frontend/@n8n/stores(pinia@2.2.4(typescript@6.0.2)(vue@3.5.26(typescript@6.0.2)))(vue@3.5.26(typescript@6.0.2))(zod@3.25.67) in lockfile
#14 2.844 node_modules/.pnpm                       | [WARN] Cannot find resolution of pinia@2.2.4(typescript@6.0.2)(vue@3.5.26(typescript@6.0.2)) in lockfile
#14 2.844 node_modules/.pnpm                       | [WARN] Cannot find resolution of vue-router@4.5.0(vue@3.5.26(typescript@6.0.2)) in lockfile
#14 2.844 node_modules/.pnpm                       | [WARN] Cannot find resolution of vue-tsc@2.2.8(typescript@6.0.2) in lockfile
#14 2.844 node_modules/.pnpm                       | [WARN] Cannot find resolution of inquirer@7.3.3 in lockfile
#14 2.844 node_modules/.pnpm                       | [WARN] Cannot find resolution of n8n-core@file:packages/core(zod@3.25.67) in lockfile
#14 2.844 node_modules/.pnpm                       | [WARN] Cannot find resolution of replace-in-file@6.3.5 in lockfile
#14 2.844 node_modules/.pnpm                       | [WARN] Cannot find resolution of @kafkajs/confluent-schema-registry@3.8.0 in lockfile
#14 2.844 node_modules/.pnpm                       | [WARN] Cannot find resolution of @n8n/imap@file:packages/@n8n/imap in lockfile
#14 2.844 node_modules/.pnpm                       | [WARN] Cannot find resolution of alasql@4.4.0(encoding@0.1.13) in lockfile
#14 2.844 node_modules/.pnpm                       | [WARN] Cannot find resolution of amqplib@0.10.6 in lockfile
#14 2.844 node_modules/.pnpm                       | [WARN] Cannot find resolution of cheerio@1.0.0-rc.6 in lockfile
#14 2.844 node_modules/.pnpm                       | [WARN] Cannot find resolution of chokidar@4.0.3 in lockfile
#14 2.844 node_modules/.pnpm                       | [WARN] Cannot find resolution of currency-codes@2.1.0 in lockfile
#14 2.844 node_modules/.pnpm                       | [WARN] Cannot find resolution of eventsource@2.0.2 in lockfile
#14 2.844 node_modules/.pnpm                       | [WARN] Cannot find resolution of fflate@0.7.4 in lockfile
#14 2.844 node_modules/.pnpm                       | [WARN] Cannot find resolution of get-system-fonts@2.0.2 in lockfile
#14 2.844 node_modules/.pnpm                       | [WARN] Cannot find resolution of gm@1.25.1 in lockfile
#14 2.845 node_modules/.pnpm                       | [WARN] Cannot find resolution of ics@2.40.0 in lockfile
#14 2.845 node_modules/.pnpm                       | [WARN] Cannot find resolution of iso-639-1@2.1.15 in lockfile
#14 2.845 node_modules/.pnpm                       | [WARN] Cannot find resolution of js-nacl@1.4.0 in lockfile
#14 2.845 node_modules/.pnpm                       | [WARN] Cannot find resolution of kafkajs@2.2.4 in lockfile
#14 2.845 node_modules/.pnpm                       | [WARN] Cannot find resolution of lossless-json@1.0.5 in lockfile
#14 2.845 node_modules/.pnpm                       | [WARN] Cannot find resolution of mailparser@3.9.3 in lockfile
#14 2.845 node_modules/.pnpm                       | [WARN] Cannot find resolution of minifaker@1.34.1 in lockfile
#14 2.845 node_modules/.pnpm                       | [WARN] Cannot find resolution of moment-timezone@0.5.48 in lockfile
#14 2.845 node_modules/.pnpm                       | [WARN] Cannot find resolution of mongodb@6.11.0(@aws-sdk/credential-providers@3.808.0)(gcp-metadata@5.3.0)(socks@2.8.3) in lockfile
#14 2.845 node_modules/.pnpm                       | [WARN] Cannot find resolution of mqtt@5.7.2(bufferutil@4.0.9)(utf-8-validate@5.0.10) in lockfile
#14 2.845 node_modules/.pnpm                       | [WARN] Cannot find resolution of mssql@10.0.2 in lockfile
#14 2.845 node_modules/.pnpm                       | [WARN] Cannot find resolution of node-html-markdown@1.2.0 in lockfile
#14 2.845 node_modules/.pnpm                       | [WARN] Cannot find resolution of node-ssh@13.2.0 in lockfile
#14 2.845 node_modules/.pnpm                       | [WARN] Cannot find resolution of oracledb@6.10.0 in lockfile
#14 2.845 node_modules/.pnpm                       | [WARN] Cannot find resolution of pdfjs-dist@5.3.31(patch_hash=421253c8e411cdaef58ba96d2bb44ae0784e1b3e446f5caca50710daa1fa5dcd) in lockfile
#14 2.845 node_modules/.pnpm                       | [WARN] Cannot find resolution of pg-promise@11.9.1 in lockfile
#14 2.845 node_modules/.pnpm                       | [WARN] Cannot find resolution of promise-ftp@1.3.5(promise-ftp-common@1.1.5) in lockfile
#14 2.845 node_modules/.pnpm                       | [WARN] Cannot find resolution of rfc2047@4.0.1 in lockfile
#14 2.845 node_modules/.pnpm                       | [WARN] Cannot find resolution of rhea@3.0.4 in lockfile
#14 2.845 node_modules/.pnpm                       | [WARN] Cannot find resolution of rrule@2.8.1 in lockfile
#14 2.845 node_modules/.pnpm                       | [WARN] Cannot find resolution of rss-parser@3.13.0 in lockfile
#14 2.846 node_modules/.pnpm                       | [WARN] Cannot find resolution of showdown@2.1.0 in lockfile
#14 2.846 node_modules/.pnpm                       | [WARN] Cannot find resolution of snowflake-sdk@2.1.0(asn1.js@5.4.1)(encoding@0.1.13) in lockfile
#14 2.846 node_modules/.pnpm                       | [WARN] Cannot find resolution of ssh2-sftp-client@12.1.0 in lockfile
#14 2.846 node_modules/.pnpm                       | [WARN] Cannot find resolution of ts-ics@1.2.2(date-fns@2.30.0)(lodash@4.18.1)(zod@3.25.67) in lockfile
#14 2.846 node_modules/.pnpm                       | [WARN] Cannot find resolution of xmlhttprequest-ssl@3.1.0 in lockfile
#14 2.846 node_modules/.pnpm                       | [WARN] Cannot find resolution of @n8n/rules-engine@file:packages/testing/rules-engine in lockfile
#14 2.846 node_modules/.pnpm                       | [WARN] Cannot find resolution of @n8n/test-impact@file:packages/testing/test-impact in lockfile
#14 2.846 node_modules/.pnpm                       | [WARN] Cannot find resolution of glob@10.5.0 in lockfile
#14 2.846 node_modules/.pnpm                       | [WARN] Cannot find resolution of monocart-coverage-reports@2.12.12 in lockfile
#14 2.871 Packages: +4
#14 2.871 ++++
#14 2.908 Progress: resolved 4, reused 0, downloaded 4, added 4, done
#14 2.956 
#14 2.956 dependencies:
#14 2.956 + moment 2.30.1
#14 2.956 + ws 8.21.0
#14 2.956 
#14 2.956 devDependencies: skipped
#14 2.956 
#14 2.967 Done in 1.9s using pnpm v11.6.0
#14 DONE 3.0s

#15 [python-runner-builder 8/9] RUN uv sync       --frozen 			--no-dev 			--all-extras       --no-editable
#15 CACHED

#16 [python-runner-builder 4/9] COPY packages/@n8n/task-runner-python/pyproject.toml      packages/@n8n/task-runner-python/uv.lock**      packages/@n8n/task-runner-python/.python-version**      ./
#16 CACHED

#17 [runtime  5/12] COPY --from=node-alpine /usr/local/lib/node_modules/corepack /usr/local/lib/node_modules/corepack
#17 CACHED

#18 [python-runner-builder 5/9] RUN uv venv
#18 CACHED

#19 [python-runner-builder 2/9] RUN set -e;   case "linux/arm64" in     "linux/amd64") UV_ARCH="x86_64-unknown-linux-musl" ;;     "linux/arm64") UV_ARCH="aarch64-unknown-linux-musl" ;;     *) echo "Unsupported platform: linux/arm64" >&2; exit 1 ;;   esac;   mkdir -p /tmp/uv && cd /tmp/uv;   wget -q "https://github.com/astral-sh/uv/releases/download/0.8.14/uv-${UV_ARCH}.tar.gz";   wget -q "https://github.com/astral-sh/uv/releases/download/0.8.14/uv-${UV_ARCH}.tar.gz.sha256";   sha256sum -c "uv-${UV_ARCH}.tar.gz.sha256"; 	tar -xzf "uv-${UV_ARCH}.tar.gz";   install -m 0755 "uv-${UV_ARCH}/uv" /usr/local/bin/uv;   cd / && rm -rf /tmp/uv
#19 CACHED

#20 [python-runner-builder 6/9] RUN uv sync 			--frozen 			--no-editable 			--no-install-project 			--no-dev 			--all-extras
#20 CACHED

#21 [runtime  4/12] RUN apk add --no-cache ca-certificates tini libstdc++ libc6-compat &&     apk upgrade --no-cache &&     pip install --no-cache-dir "pip>=26.0" &&     apk del apk-tools
#21 CACHED

#22 [python-runner-builder 3/9] WORKDIR /app/task-runner-python
#22 CACHED

#23 [runtime  3/12] COPY --from=node-alpine /usr/local/bin/node /usr/local/bin/node
#23 CACHED

#24 [runtime  6/12] RUN ln -s ../lib/node_modules/corepack/dist/corepack.js /usr/local/bin/corepack && 		ln -s ../lib/node_modules/corepack/dist/pnpm.js /usr/local/bin/pnpm
#24 CACHED

#25 [runtime  7/12] RUN addgroup -g 1000 -S runner  && adduser  -u 1000 -S -G runner -h /home/runner -D runner
#25 CACHED

#26 [runtime  2/12] COPY --from=python-runner-builder /usr/local/bin/uv /usr/local/bin/uv
#26 CACHED

#27 [python-runner-builder 7/9] COPY packages/@n8n/task-runner-python/ ./
#27 CACHED

#28 [runtime  8/12] WORKDIR /home/runner
#28 CACHED

#29 [python-runner-builder 9/9] RUN uv pip install . && rm -rf /app/task-runner-python/src
#29 CACHED

#30 [runtime  9/12] COPY --from=javascript-runner-builder --chown=root:root /app/task-runner-javascript /opt/runners/task-runner-javascript
#30 ...

#31 [launcher-downloader 2/2] RUN set -e;     case "linux/arm64" in         "linux/amd64") ARCH_NAME="amd64" ;;         "linux/arm64") ARCH_NAME="arm64" ;;         *) echo "Unsupported platform: linux/arm64" && exit 1 ;;     esac;     mkdir /launcher-temp && cd /launcher-temp;     wget -q "https://github.com/n8n-io/task-runner-launcher/releases/download/1.4.6/task-runner-launcher-1.4.6-linux-${ARCH_NAME}.tar.gz";     wget -q "https://github.com/n8n-io/task-runner-launcher/releases/download/1.4.6/task-runner-launcher-1.4.6-linux-${ARCH_NAME}.tar.gz.sha256";     echo "$(cat task-runner-launcher-1.4.6-linux-${ARCH_NAME}.tar.gz.sha256) task-runner-launcher-1.4.6-linux-${ARCH_NAME}.tar.gz" > checksum.sha256;     sha256sum -c checksum.sha256;     mkdir -p /launcher-bin;     tar xzf task-runner-launcher-1.4.6-linux-${ARCH_NAME}.tar.gz -C /launcher-bin;     cd / && rm -rf /launcher-temp
#31 CACHED

#30 [runtime  9/12] COPY --from=javascript-runner-builder --chown=root:root /app/task-runner-javascript /opt/runners/task-runner-javascript
#30 DONE 1.1s

#32 [runtime 10/12] COPY --from=python-runner-builder --chown=root:root /app/task-runner-python /opt/runners/task-runner-python
#32 DONE 0.1s

#33 [runtime 11/12] COPY --from=launcher-downloader /launcher-bin/* /usr/local/bin/
#33 DONE 0.0s

#34 [runtime 12/12] COPY --chown=root:root docker/images/runners/n8n-task-runners.json /etc/n8n-task-runners.json
#34 DONE 0.0s

#35 exporting to image
#35 exporting layers
#35 exporting layers 3.1s done
#35 exporting manifest sha256:92e64f444bf00396b6f206ba7db5d2c8dc4f507aa68f5ad898fbfa1c6bbbc2c3
#35 exporting manifest sha256:92e64f444bf00396b6f206ba7db5d2c8dc4f507aa68f5ad898fbfa1c6bbbc2c3 done
#35 exporting config sha256:aacc96593be38b408c3f4a78f0d582c8785e38264aa067b8aae577ac8c35b8db done
#35 exporting attestation manifest sha256:f1fd3fbe8120c94bab16c0dd4e5187d592547a0fd35fbabb7d88d0ff683c6dca done
#35 exporting manifest list sha256:6bd234cfab316e7f1f471db68d8c608119a54c15c7a32e75ecdc1cbb49ad4113 done
#35 naming to docker.io/n8nio/runners:local done
#35 unpacking to docker.io/n8nio/runners:local
#35 unpacking to docker.io/n8nio/runners:local 1.4s done
#35 DONE 4.5s

View build details: docker-desktop://dashboard/build/desktop-linux/desktop-linux/54pvbzhnqpww8nxcz3umc7a6x


══════════════════════════════════════════════════════
           DOCKER BUILD COMPLETE
══════════════════════════════════════════════════════
✅ Image built: n8nio/n8n:local
   Platform: linux/arm64
   Size: 2.32GB
   Build time: 116s

✅ Image built: n8nio/runners:local
   Platform: linux/arm64
   Size: 626MB
   Build time: 17s

══════════════════════════════════════════════════════
